PARTICIPANT_ID,TEST_SECTION_ID,overall_HT_mean,overall_HT_std,overall_HT_median,overall_HT_iqr,overall_UD_mean,overall_UD_std,overall_UD_median,overall_UD_iqr,overall_DD_mean,overall_DD_std,overall_DD_median,overall_DD_iqr,total_keystrokes,session_duration_sec,keystrokes_per_sec,typing_speed_wpm,rollover_rate,long_pause_count,long_pause_rate,backspace_count,backspace_rate,shift_count,shift_rate,char_length_diff,dg_unknown_unknown_count,dg_unknown_unknown_mean_UD,dg_unknown_unknown_mean_DD,dg_unknown_unknown_mean_HT,dg_e_SPACE_count,dg_e_SPACE_mean_UD,dg_e_SPACE_mean_DD,dg_e_SPACE_mean_HT,dg_BKSP_BKSP_count,dg_BKSP_BKSP_mean_UD,dg_BKSP_BKSP_mean_DD,dg_BKSP_BKSP_mean_HT,dg_SPACE_t_count,dg_SPACE_t_mean_UD,dg_SPACE_t_mean_DD,dg_SPACE_t_mean_HT,dg_unknown_SPACE_count,dg_unknown_SPACE_mean_UD,dg_unknown_SPACE_mean_DD,dg_unknown_SPACE_mean_HT,dg_t_h_count,dg_t_h_mean_UD,dg_t_h_mean_DD,dg_t_h_mean_HT,dg_SPACE_unknown_count,dg_SPACE_unknown_mean_UD,dg_SPACE_unknown_mean_DD,dg_SPACE_unknown_mean_HT,dg_s_SPACE_count,dg_s_SPACE_mean_UD,dg_s_SPACE_mean_DD,dg_s_SPACE_mean_HT,dg_t_SPACE_count,dg_t_SPACE_mean_UD,dg_t_SPACE_mean_DD,dg_t_SPACE_mean_HT,dg_h_e_count,dg_h_e_mean_UD,dg_h_e_mean_DD,dg_h_e_mean_HT,dg_i_n_count,dg_i_n_mean_UD,dg_i_n_mean_DD,dg_i_n_mean_HT,dg_SPACE_a_count,dg_SPACE_a_mean_UD,dg_SPACE_a_mean_DD,dg_SPACE_a_mean_HT,dg_d_SPACE_count,dg_d_SPACE_mean_UD,dg_d_SPACE_mean_DD,dg_d_SPACE_mean_HT,dg_SPACE_w_count,dg_SPACE_w_mean_UD,dg_SPACE_w_mean_DD,dg_SPACE_w_mean_HT,dg_SPACE_SHIFT_count,dg_SPACE_SHIFT_mean_UD,dg_SPACE_SHIFT_mean_DD,dg_SPACE_SHIFT_mean_HT,dg_n_SPACE_count,dg_n_SPACE_mean_UD,dg_n_SPACE_mean_DD,dg_n_SPACE_mean_HT,dg_r_e_count,dg_r_e_mean_UD,dg_r_e_mean_DD,dg_r_e_mean_HT,dg_e_r_count,dg_e_r_mean_UD,dg_e_r_mean_DD,dg_e_r_mean_HT,dg_o_u_count,dg_o_u_mean_UD,dg_o_u_mean_DD,dg_o_u_mean_HT,dg_o_n_count,dg_o_n_mean_UD,dg_o_n_mean_DD,dg_o_n_mean_HT,dg_SPACE_i_count,dg_SPACE_i_mean_UD,dg_SPACE_i_mean_DD,dg_SPACE_i_mean_HT,dg_a_n_count,dg_a_n_mean_UD,dg_a_n_mean_DD,dg_a_n_mean_HT,dg_o_SPACE_count,dg_o_SPACE_mean_UD,dg_o_SPACE_mean_DD,dg_o_SPACE_mean_HT,dg_y_SPACE_count,dg_y_SPACE_mean_UD,dg_y_SPACE_mean_DD,dg_y_SPACE_mean_HT,dg_r_SPACE_count,dg_r_SPACE_mean_UD,dg_r_SPACE_mean_DD,dg_r_SPACE_mean_HT
1011,10448,167.52380952380952,132.9348637661887,120.0,54.0,109.85,253.85926711467516,52.0,161.5,278.95,249.96049187821663,188.0,158.0,21,5.715,3.6745406824146984,44.09448818897638,0.3,0,0.0,0,0.0,3,0.14285714285714285,1,0,40.09090909090909,145.67857142857142,114.70833333333333,0,121.58333333333333,221.06666666666666,111.37777777777778,0,77.33333333333333,157.33333333333334,90.66666666666667,0,48.0,171.5,120.0,0,11.222222222222221,122.5,98.85714285714286,0,22.266666666666666,149.33333333333331,105.21666666666667,0,52.1,144.2,111.33333333333333,2,52.0,192.0,104.0,0,72.0,182.44444444444443,110.22222222222221,0,59.25,160.66666666666669,105.73333333333332,1,72.0,168.0,112.0,0,188.8,290.4,124.8,0,140.4375,244.5,108.5,0,203.2,299.2,120.0,1,192.0,296.0,240.0,0,149.0625,261.0,99.0,0,104.08333333333333,248.75,112.5,1,-64.0,112.0,106.0,0,-33.0,125.66666666666667,105.0,0,-42.125,146.0,122.5,2,136.0,248.0,88.0,0,40.0,148.0,88.0,0,69.33333333333333,160.88888888888889,107.55555555555556,0,220.66666666666666,318.6666666666667,105.33333333333333,1,-26.0,80.0,120.0
1011,10464,112.6875,45.49583600451804,104.0,40.0,96.42857142857143,150.8204771459453,64.0,96.0,209.76190476190476,141.69716358417503,176.0,76.0,64,13.287,4.816738165123805,57.80085798148566,0.12698412698412698,0,0.0,0,0.0,1,0.015625,0,0,40.09090909090909,145.67857142857142,114.70833333333333,0,121.58333333333333,221.06666666666666,111.37777777777778,0,77.33333333333333,157.33333333333334,90.66666666666667,0,48.0,171.5,120.0,0,11.222222222222221,122.5,98.85714285714286,1,88.0,208.0,104.0,0,52.1,144.2,111.33333333333333,1,24.0,120.0,120.0,2,16.0,140.0,88.0,1,224.0,328.0,80.0,0,52.0,150.0,108.0,1,120.0,200.0,120.0,2,72.0,152.0,80.0,1,440.0,536.0,160.0,0,147.2,251.0,542.4,1,152.0,272.0,96.0,0,104.08333333333333,248.75,112.5,1,-40.0,216.0,136.0,0,-33.0,125.66666666666667,105.0,1,-80.0,160.0,120.0,1,152.0,248.0,104.0,0,40.0,148.0,88.0,0,69.33333333333333,160.88888888888889,107.55555555555556,1,80.0,176.0,104.0,2,68.0,184.0,92.0
1011,10481,144.73684210526315,217.24624449670569,96.0,35.75,97.37837837837837,264.1834284296232,72.0,136.0,242.78378378378378,155.55031082094885,185.0,144.0,38,9.103,4.17444798418104,50.09337581017247,0.16216216216216217,0,0.0,0,0.0,2,0.05263157894736842,0,0,40.09090909090909,145.67857142857142,114.70833333333333,1,40.0,136.0,96.0,0,77.33333333333333,157.33333333333334,90.66666666666667,0,48.0,171.5,120.0,0,11.222222222222221,122.5,98.85714285714286,0,22.266666666666666,149.33333333333331,105.21666666666667,0,52.1,144.2,111.33333333333333,0,34.083333333333336,144.95833333333334,112.91666666666667,1,48.0,168.0,96.0,1,48.0,152.0,96.0,0,52.0,150.0,108.0,0,188.8,290.4,124.8,1,248.0,368.0,96.0,1,344.0,440.0,104.0,0,147.2,251.0,542.4,0,149.0625,261.0,99.0,2,72.5,240.5,107.5,0,-39.0,140.0,125.25,1,-39.0,121.0,95.0,0,-42.125,146.0,122.5,0,92.57142857142857,195.42857142857142,101.71428571428571,0,40.0,148.0,88.0,0,69.33333333333333,160.88888888888889,107.55555555555556,1,72.0,176.0,80.0,0,71.14285714285714,181.71428571428572,106.85714285714286
1011,10503,117.83870967741936,31.62134515327913,120.0,36.0,118.65573770491804,205.11291454460002,64.0,104.0,237.13114754098362,195.41888388119423,176.0,72.0,62,14.544,4.262926292629262,51.15511551155116,0.18032786885245902,0,0.0,1,0.016129032258064516,1,0.016129032258064516,0,0,40.09090909090909,145.67857142857142,114.70833333333333,5,200.0,305.6,110.4,0,77.33333333333333,157.33333333333334,90.66666666666667,1,16.0,160.0,160.0,0,11.222222222222221,122.5,98.85714285714286,2,-16.0,132.0,78.0,0,52.1,144.2,111.33333333333333,1,-40.0,120.0,104.0,0,72.0,182.44444444444443,110.22222222222221,1,-28.0,56.0,144.0,1,72.0,152.0,96.0,0,188.8,290.4,124.8,1,-64.0,96.0,144.0,1,48.0,144.0,120.0,0,147.2,251.0,542.4,0,149.0625,261.0,99.0,1,504.0,600.0,80.0,1,-80.0,120.0,160.0,0,-33.0,125.66666666666667,105.0,1,-81.0,120.0,120.0,1,128.0,248.0,80.0,0,40.0,148.0,88.0,0,69.33333333333333,160.88888888888889,107.55555555555556,0,220.66666666666666,318.6666666666667,105.33333333333333,1,16.0,176.0,120.0
1011,10524,143.0,200.12626966373958,104.0,37.0,109.09756097560975,285.19063413606204,64.0,80.0,253.65853658536585,225.90237582357665,176.0,72.0,42,10.479,4.008016032064129,48.096192384769545,0.14634146341463414,0,0.0,0,0.0,2,0.047619047619047616,0,0,40.09090909090909,145.67857142857142,114.70833333333333,2,48.0,156.0,128.0,0,77.33333333333333,157.33333333333334,90.66666666666667,0,48.0,171.5,120.0,0,11.222222222222221,122.5,98.85714285714286,2,-4.0,144.0,100.5,0,52.1,144.2,111.33333333333333,1,80.0,159.0,96.0,0,72.0,182.44444444444443,110.22222222222221,2,-0.5,100.0,148.0,0,52.0,150.0,108.0,0,188.8,290.4,124.8,0,140.4375,244.5,108.5,0,203.2,299.2,120.0,1,416.0,512.0,1408.0,0,149.0625,261.0,99.0,0,104.08333333333333,248.75,112.5,1,-80.0,96.0,144.0,0,-33.0,125.66666666666667,105.0,1,-40.0,152.0,144.0,1,40.0,160.0,168.0,0,40.0,148.0,88.0,0,69.33333333333333,160.88888888888889,107.55555555555556,1,664.0,760.0,120.0,1,56.0,200.0,120.0
1011,10542,123.91304347826087,60.23859303417735,120.0,32.5,88.27272727272727,118.83111844438646,80.5,76.0,214.54545454545453,102.84442234079383,180.0,95.0,23,4.792,4.799666110183639,57.59599332220367,0.18181818181818182,0,0.0,0,0.0,1,0.043478260869565216,0,0,40.09090909090909,145.67857142857142,114.70833333333333,1,88.0,168.0,104.0,0,77.33333333333333,157.33333333333334,90.66666666666667,0,48.0,171.5,120.0,0,11.222222222222221,122.5,98.85714285714286,0,22.266666666666666,149.33333333333331,105.21666666666667,0,52.1,144.2,111.33333333333333,1,-40.0,120.0,120.0,0,72.0,182.44444444444443,110.22222222222221,1,40.0,144.0,80.0,0,52.0,150.0,108.0,2,128.0,236.0,128.0,0,140.4375,244.5,108.5,1,88.0,184.0,120.0,0,147.2,251.0,542.4,1,280.0,384.0,96.0,1,-28.0,136.0,120.0,0,-39.0,140.0,125.25,0,-33.0,125.66666666666667,105.0,0,-42.125,146.0,122.5,0,92.57142857142857,195.42857142857142,101.71428571428571,0,40.0,148.0,88.0,0,69.33333333333333,160.88888888888889,107.55555555555556,0,220.66666666666666,318.6666666666667,105.33333333333333,0,71.14285714285714,181.71428571428572,106.85714285714286
1011,10551,109.54166666666667,30.452119749242783,104.5,40.0,128.47826086956522,171.436353905622,88.0,80.0,239.30434782608697,158.41234986512907,184.0,76.0,24,5.584,4.2979942693409745,51.57593123209169,0.08695652173913043,0,0.0,0,0.0,1,0.041666666666666664,0,0,40.09090909090909,145.67857142857142,114.70833333333333,0,121.58333333333333,221.06666666666666,111.37777777777778,0,77.33333333333333,157.33333333333334,90.66666666666667,0,48.0,171.5,120.0,0,11.222222222222221,122.5,98.85714285714286,1,24.0,144.0,136.0,0,52.1,144.2,111.33333333333333,2,72.0,172.0,116.0,0,72.0,182.44444444444443,110.22222222222221,0,59.25,160.66666666666669,105.73333333333332,0,52.0,150.0,108.0,0,188.8,290.4,124.8,0,140.4375,244.5,108.5,0,203.2,299.2,120.0,0,147.2,251.0,542.4,0,149.0625,261.0,99.0,0,104.08333333333333,248.75,112.5,1,-80.0,120.0,120.0,0,-33.0,125.66666666666667,105.0,0,-42.125,146.0,122.5,1,48.0,144.0,80.0,0,40.0,148.0,88.0,0,69.33333333333333,160.88888888888889,107.55555555555556,1,348.0,452.0,116.0,0,71.14285714285714,181.71428571428572,106.85714285714286
1011,10558,118.11764705882354,45.958910488469996,108.0,36.0,75.87878787878788,138.27152856120446,64.0,120.0,195.15151515151516,120.90871117127276,168.0,56.0,34,6.544,5.19559902200489,62.34718826405868,0.2727272727272727,0,0.0,0,0.0,2,0.058823529411764705,0,0,40.09090909090909,145.67857142857142,114.70833333333333,0,121.58333333333333,221.06666666666666,111.37777777777778,0,77.33333333333333,157.33333333333334,90.66666666666667,1,104.0,224.0,136.0,0,11.222222222222221,122.5,98.85714285714286,1,-16.0,120.0,96.0,0,52.1,144.2,111.33333333333333,0,34.083333333333336,144.95833333333334,112.91666666666667,1,40.0,160.0,120.0,1,48.0,144.0,96.0,0,52.0,150.0,108.0,0,188.8,290.4,124.8,1,72.0,152.0,120.0,0,203.2,299.2,120.0,0,147.2,251.0,542.4,0,149.0625,261.0,99.0,0,104.08333333333333,248.75,112.5,0,-39.0,140.0,125.25,1,-40.0,136.0,120.0,1,-24.0,160.0,120.0,0,92.57142857142857,195.42857142857142,101.71428571428571,0,40.0,148.0,88.0,1,80.0,160.0,96.0,1,80.0,176.0,104.0,1,104.0,168.0,72.0
1011,10568,126.38095238095238,53.40008577706344,120.0,24.0,115.3,199.86497942360987,84.0,64.75,242.0,180.43336720241078,200.5,82.25,21,4.96,4.233870967741936,50.80645161290323,0.15,0,0.0,0,0.0,2,0.09523809523809523,0,0,40.09090909090909,145.67857142857142,114.70833333333333,1,64.0,208.0,104.0,0,77.33333333333333,157.33333333333334,90.66666666666667,0,48.0,171.5,120.0,0,11.222222222222221,122.5,98.85714285714286,0,22.266666666666666,149.33333333333331,105.21666666666667,0,52.1,144.2,111.33333333333333,1,113.0,193.0,95.0,0,72.0,182.44444444444443,110.22222222222221,0,59.25,160.66666666666669,105.73333333333332,0,52.0,150.0,108.0,0,188.8,290.4,124.8,0,140.4375,244.5,108.5,0,203.2,299.2,120.0,1,64.0,159.0,200.0,0,149.0625,261.0,99.0,0,104.08333333333333,248.75,112.5,1,-64.0,80.0,120.0,0,-33.0,125.66666666666667,105.0,0,-42.125,146.0,122.5,0,92.57142857142857,195.42857142857142,101.71428571428571,0,40.0,148.0,88.0,0,69.33333333333333,160.88888888888889,107.55555555555556,0,220.66666666666666,318.6666666666667,105.33333333333333,0,71.14285714285714,181.71428571428572,106.85714285714286
1011,10575,130.75,99.92465911875807,104.0,27.75,100.43478260869566,221.3436883116108,56.0,84.0,233.3913043478261,177.44312968444768,184.0,64.0,24,5.448,4.405286343612334,52.86343612334801,0.13043478260869565,0,0.0,0,0.0,2,0.08333333333333333,0,0,40.09090909090909,145.67857142857142,114.70833333333333,0,121.58333333333333,221.06666666666666,111.37777777777778,0,77.33333333333333,157.33333333333334,90.66666666666667,2,52.0,160.0,108.0,0,11.222222222222221,122.5,98.85714285714286,0,22.266666666666666,149.33333333333331,105.21666666666667,0,52.1,144.2,111.33333333333333,0,34.083333333333336,144.95833333333334,112.91666666666667,0,72.0,182.44444444444443,110.22222222222221,0,59.25,160.66666666666669,105.73333333333332,0,52.0,150.0,108.0,0,188.8,290.4,124.8,2,339.5,452.0,108.0,0,203.2,299.2,120.0,1,16.0,120.0,560.0,0,149.0625,261.0,99.0,0,104.08333333333333,248.75,112.5,0,-39.0,140.0,125.25,0,-33.0,125.66666666666667,105.0,0,-42.125,146.0,122.5,0,92.57142857142857,195.42857142857142,101.71428571428571,0,40.0,148.0,88.0,3,72.0,186.66666666666666,106.66666666666667,0,220.66666666666666,318.6666666666667,105.33333333333333,0,71.14285714285714,181.71428571428572,106.85714285714286
1011,10590,117.30952380952381,72.90975769017416,104.0,40.0,98.95121951219512,126.51076329791117,80.0,113.0,216.1951219512195,115.61926995946972,192.0,89.0,42,8.984,4.674977738201247,56.09973285841497,0.17073170731707318,0,0.0,4,0.09523809523809523,1,0.023809523809523808,0,0,40.09090909090909,145.67857142857142,114.70833333333333,1,168.0,248.0,120.0,3,66.66666666666667,146.66666666666666,80.0,1,96.0,216.0,120.0,0,11.222222222222221,122.5,98.85714285714286,1,-56.0,64.0,120.0,0,52.1,144.2,111.33333333333333,2,64.0,151.5,96.0,0,72.0,182.44444444444443,110.22222222222221,0,59.25,160.66666666666669,105.73333333333332,0,52.0,150.0,108.0,1,552.0,672.0,120.0,0,140.4375,244.5,108.5,0,203.2,299.2,120.0,0,147.2,251.0,542.4,0,149.0625,261.0,99.0,0,104.08333333333333,248.75,112.5,1,72.0,192.0,96.0,2,-20.0,120.0,100.0,1,-40.0,184.0,80.0,0,92.57142857142857,195.42857142857142,101.71428571428571,1,40.0,160.0,80.0,0,69.33333333333333,160.88888888888889,107.55555555555556,0,220.66666666666666,318.6666666666667,105.33333333333333,1,192.0,272.0,120.0
1011,10604,111.2127659574468,28.381846288295943,104.0,24.0,126.02173913043478,133.02606628033058,108.0,88.0,237.3913043478261,123.0151065768947,208.0,85.25,47,11.024,4.263425253991292,51.1611030478955,0.08695652173913043,0,0.0,1,0.02127659574468085,1,0.02127659574468085,0,0,40.09090909090909,145.67857142857142,114.70833333333333,0,121.58333333333333,221.06666666666666,111.37777777777778,0,77.33333333333333,157.33333333333334,90.66666666666667,1,80.0,200.0,96.0,0,11.222222222222221,122.5,98.85714285714286,1,24.0,120.0,96.0,0,52.1,144.2,111.33333333333333,1,56.0,160.0,136.0,3,112.0,210.66666666666666,117.33333333333333,2,164.0,264.0,112.0,1,48.0,144.0,104.0,1,96.0,192.0,120.0,1,360.0,416.0,96.0,0,203.2,299.2,120.0,0,147.2,251.0,542.4,1,56.0,160.0,96.0,1,-64.0,120.0,144.0,0,-39.0,140.0,125.25,0,-33.0,125.66666666666667,105.0,0,-42.125,146.0,122.5,1,48.0,128.0,96.0,0,40.0,148.0,88.0,0,69.33333333333333,160.88888888888889,107.55555555555556,0,220.66666666666666,318.6666666666667,105.33333333333333,0,71.14285714285714,181.71428571428572,106.85714285714286
1011,10617,112.3013698630137,30.245880476433623,104.0,24.0,130.69444444444446,220.90399114200977,88.0,86.75,243.11111111111111,215.89327067092123,192.0,90.0,73,17.608,4.145842798727851,49.750113584734216,0.19444444444444445,0,0.0,5,0.0684931506849315,1,0.0136986301369863,0,0,40.09090909090909,145.67857142857142,114.70833333333333,4,114.25,222.0,126.0,3,77.33333333333333,157.33333333333334,88.0,2,20.0,140.0,116.0,0,11.222222222222221,122.5,98.85714285714286,3,-5.333333333333333,117.33333333333333,109.66666666666667,0,52.1,144.2,111.33333333333333,1,-40.0,56.0,120.0,0,72.0,182.44444444444443,110.22222222222221,3,53.0,162.66666666666666,109.33333333333333,1,16.0,136.0,120.0,0,188.8,290.4,124.8,1,16.0,160.0,120.0,1,96.0,192.0,96.0,0,147.2,251.0,542.4,0,149.0625,261.0,99.0,2,116.0,236.0,87.5,2,24.0,184.0,120.0,0,-33.0,125.66666666666667,105.0,2,32.0,152.0,152.0,0,92.57142857142857,195.42857142857142,101.71428571428571,0,40.0,148.0,88.0,0,69.33333333333333,160.88888888888889,107.55555555555556,2,80.0,172.0,108.0,0,71.14285714285714,181.71428571428572,106.85714285714286
1011,10637,107.78260869565217,27.037209767934385,104.0,24.0,133.4558823529412,222.983607536751,88.0,82.0,241.64705882352942,220.21304956162757,200.0,80.0,69,16.512,4.178779069767442,50.145348837209305,0.07352941176470588,0,0.0,2,0.028985507246376812,1,0.014492753623188406,0,0,40.09090909090909,145.67857142857142,114.70833333333333,4,196.0,306.0,106.0,1,88.0,168.0,104.0,2,0.0,128.0,108.0,0,11.222222222222221,122.5,98.85714285714286,2,0.0,132.0,120.0,0,52.1,144.2,111.33333333333333,2,124.0,200.0,128.0,1,256.0,352.0,104.0,2,0.0,120.0,128.0,0,52.0,150.0,108.0,1,48.0,152.0,136.0,0,140.4375,244.5,108.5,0,203.2,299.2,120.0,0,147.2,251.0,542.4,0,149.0625,261.0,99.0,1,24.0,160.0,136.0,0,-39.0,140.0,125.25,0,-33.0,125.66666666666667,105.0,1,-24.0,120.0,104.0,0,92.57142857142857,195.42857142857142,101.71428571428571,0,40.0,148.0,88.0,1,56.0,136.0,120.0,0,220.66666666666666,318.6666666666667,105.33333333333333,1,88.0,192.0,104.0
1011,10652,124.61290322580645,71.91198806218021,104.0,24.0,105.47540983606558,175.91797702686748,72.0,113.0,223.21311475409837,161.73953101693166,184.0,112.0,62,14.16,4.378531073446328,52.54237288135593,0.18032786885245902,0,0.0,2,0.03225806451612903,2,0.03225806451612903,0,0,40.09090909090909,145.67857142857142,114.70833333333333,2,176.0,240.0,108.0,0,77.33333333333333,157.33333333333334,90.66666666666667,2,16.0,144.0,116.0,0,11.222222222222221,122.5,98.85714285714286,2,184.0,312.0,92.0,0,52.1,144.2,111.33333333333333,1,-56.0,96.0,120.0,1,-40.0,64.0,136.0,2,44.0,136.0,64.0,0,52.0,150.0,108.0,0,188.8,290.4,124.8,1,80.0,160.0,104.0,0,203.2,299.2,120.0,1,48.0,168.0,304.0,4,108.25,228.0,108.0,0,104.08333333333333,248.75,112.5,0,-39.0,140.0,125.25,0,-33.0,125.66666666666667,105.0,2,-80.0,120.0,140.0,1,96.0,192.0,96.0,1,40.0,136.0,96.0,0,69.33333333333333,160.88888888888889,107.55555555555556,0,220.66666666666666,318.6666666666667,105.33333333333333,0,71.14285714285714,181.71428571428572,106.85714285714286
10019,106833,91.37777777777778,29.193826507891004,89.0,55.0,32.47727272727273,54.0157757412186,24.0,64.0,123.20454545454545,40.42196721937587,120.0,49.75,45,5.541,8.12127774769897,97.45533297238765,0.18181818181818182,0,0.0,4,0.08888888888888889,0,0.0,1,0,40.09090909090909,145.67857142857142,114.70833333333333,1,0.0,105.0,120.0,3,69.33333333333333,128.0,58.666666666666664,0,23.625,116.39583333333333,99.52083333333333,0,11.222222222222221,122.5,98.85714285714286,0,-6.5,92.0,69.625,0,52.1,144.2,111.33333333333333,0,-13.714285714285714,102.71428571428571,114.14285714285714,1,-64.0,33.0,144.0,0,78.25,150.0,87.75,0,-29.166666666666664,87.73809523809523,100.02380952380952,1,0.0,64.0,127.0,0,-3.619047619047619,81.19047619047619,97.19047619047619,0,14.0,111.4375,92.4375,0,144.0,256.0,152.0,0,24.0,116.0,134.0,0,-32.0,88.0,116.0,0,-36.0,68.5,91.0,0,-46.5,74.5,76.5,0,-40.0,96.0,96.0,0,80.0,178.0,106.66666666666667,0,10.833333333333334,118.66666666666667,98.5,1,0.0,105.0,95.0,0,22.833333333333332,98.83333333333333,90.5,0,-7.5,90.25,121.25
10019,106842,107.75,33.31304442063842,100.0,49.25,37.888888888888886,75.66854296906826,24.0,112.5,147.85185185185185,66.32060386162541,136.0,96.0,28,4.04,6.930693069306931,83.16831683168317,0.2962962962962963,0,0.0,0,0.0,0,0.0,1,0,40.09090909090909,145.67857142857142,114.70833333333333,1,82.0,170.0,86.0,0,73.06666666666666,126.4,61.33333333333333,1,32.0,136.0,120.0,0,11.222222222222221,122.5,98.85714285714286,1,-32.0,88.0,56.0,0,52.1,144.2,111.33333333333333,0,-13.714285714285714,102.71428571428571,114.14285714285714,1,-24.0,56.0,104.0,1,240.0,296.0,88.0,1,-48.0,88.0,104.0,0,11.4,101.0,113.4,0,-3.619047619047619,81.19047619047619,97.19047619047619,0,14.0,111.4375,92.4375,0,144.0,256.0,152.0,0,24.0,116.0,134.0,0,-32.0,88.0,116.0,0,-36.0,68.5,91.0,0,-46.5,74.5,76.5,0,-40.0,96.0,96.0,1,200.0,286.0,136.0,0,10.833333333333334,118.66666666666667,98.5,0,-35.55555555555556,72.3888888888889,110.27777777777777,0,22.833333333333332,98.83333333333333,90.5,0,-7.5,90.25,121.25
10019,106850,112.2,23.232735525546705,112.0,39.0,17.125,61.43038912731494,0.0,64.25,129.33333333333334,57.575795454533,112.0,32.0,25,3.216,7.773631840796019,93.28358208955224,0.3333333333333333,0,0.0,0,0.0,0,0.0,1,0,40.09090909090909,145.67857142857142,114.70833333333333,0,26.666666666666668,124.38888888888889,93.0,0,73.06666666666666,126.4,61.33333333333333,0,23.625,116.39583333333333,99.52083333333333,0,11.222222222222221,122.5,98.85714285714286,0,-6.5,92.0,69.625,0,52.1,144.2,111.33333333333333,1,0.0,128.0,104.0,1,0.0,104.0,120.0,0,78.25,150.0,87.75,0,-29.166666666666664,87.73809523809523,100.02380952380952,0,11.4,101.0,113.4,0,-3.619047619047619,81.19047619047619,97.19047619047619,0,14.0,111.4375,92.4375,0,144.0,256.0,152.0,0,24.0,116.0,134.0,1,-24.0,104.0,120.0,0,-36.0,68.5,91.0,0,-46.5,74.5,76.5,0,-40.0,96.0,96.0,0,80.0,178.0,106.66666666666667,0,10.833333333333334,118.66666666666667,98.5,0,-35.55555555555556,72.3888888888889,110.27777777777777,0,22.833333333333332,98.83333333333333,90.5,1,-24.0,96.0,112.0
10019,106858,104.16666666666667,26.011215529715894,103.0,39.5,45.77142857142857,118.29553444398378,0.0,112.5,150.4,109.71396577334305,121.0,74.5,36,5.352,6.726457399103139,80.71748878923766,0.42857142857142855,0,0.0,1,0.027777777777777776,1,0.027777777777777776,1,0,40.09090909090909,145.67857142857142,114.70833333333333,2,12.0,147.5,96.0,0,73.06666666666666,126.4,61.33333333333333,0,23.625,116.39583333333333,99.52083333333333,0,11.222222222222221,122.5,98.85714285714286,0,-6.5,92.0,69.625,0,52.1,144.2,111.33333333333333,1,-32.0,96.0,103.0,1,1.0,121.0,103.0,1,32.0,112.0,136.0,1,-53.0,83.0,85.0,1,-31.0,65.0,119.0,0,-3.619047619047619,81.19047619047619,97.19047619047619,1,47.0,143.0,97.0,0,144.0,256.0,152.0,0,24.0,116.0,134.0,0,-32.0,88.0,116.0,0,-36.0,68.5,91.0,0,-46.5,74.5,76.5,0,-40.0,96.0,96.0,0,80.0,178.0,106.66666666666667,0,10.833333333333334,118.66666666666667,98.5,1,-39.0,48.0,112.0,0,22.833333333333332,98.83333333333333,90.5,1,-9.0,95.0,112.0
10019,106870,101.73770491803279,34.02260658249196,96.0,48.0,19.483333333333334,72.42478665638043,4.5,74.0,121.58333333333333,58.332464279240675,112.0,32.0,61,7.375,8.271186440677965,99.2542372881356,0.3333333333333333,0,0.0,1,0.01639344262295082,1,0.01639344262295082,0,0,40.09090909090909,145.67857142857142,114.70833333333333,1,24.0,96.0,88.0,0,73.06666666666666,126.4,61.33333333333333,0,23.625,116.39583333333333,99.52083333333333,0,11.222222222222221,122.5,98.85714285714286,0,-6.5,92.0,69.625,0,52.1,144.2,111.33333333333333,1,0.0,112.0,112.0,1,0.0,104.0,88.0,0,78.25,150.0,87.75,2,-24.0,76.0,88.0,0,11.4,101.0,113.4,1,-88.0,40.0,136.0,1,1.0,89.0,103.0,0,144.0,256.0,152.0,2,24.0,112.0,148.0,0,-32.0,88.0,116.0,0,-36.0,68.5,91.0,1,-56.0,63.0,58.0,1,-40.0,96.0,96.0,1,72.0,160.0,80.0,1,48.0,152.0,96.0,0,-35.55555555555556,72.3888888888889,110.27777777777777,1,24.0,104.0,88.0,0,-7.5,90.25,121.25
10019,106879,89.21739130434783,20.42367875932914,88.0,30.25,47.111111111111114,76.86502519849604,2.0,72.0,136.53333333333333,69.56582813741561,112.0,58.0,46,6.224,7.3907455012853465,88.68894601542416,0.15555555555555556,0,0.0,2,0.043478260869565216,0,0.0,0,0,40.09090909090909,145.67857142857142,114.70833333333333,1,1.0,112.0,96.0,0,73.06666666666666,126.4,61.33333333333333,3,72.0,173.33333333333334,85.66666666666667,0,11.222222222222221,122.5,98.85714285714286,0,-6.5,92.0,69.625,0,52.1,144.2,111.33333333333333,0,-13.714285714285714,102.71428571428571,114.14285714285714,1,16.0,95.0,97.0,0,78.25,150.0,87.75,0,-29.166666666666664,87.73809523809523,100.02380952380952,0,11.4,101.0,113.4,0,-3.619047619047619,81.19047619047619,97.19047619047619,1,0.0,80.0,104.0,0,144.0,256.0,152.0,0,24.0,116.0,134.0,0,-32.0,88.0,116.0,0,-36.0,68.5,91.0,0,-46.5,74.5,76.5,0,-40.0,96.0,96.0,0,80.0,178.0,106.66666666666667,0,10.833333333333334,118.66666666666667,98.5,1,-49.0,79.0,120.0,1,16.0,88.0,96.0,0,-7.5,90.25,121.25
10019,106893,104.6,25.95329137765253,104.0,48.0,9.75,60.14834880224364,0.0,72.0,114.18181818181819,50.36109281401156,104.0,32.0,45,5.136,8.761682242990654,105.14018691588785,0.45454545454545453,0,0.0,3,0.06666666666666667,0,0.0,0,0,40.09090909090909,145.67857142857142,114.70833333333333,1,1.0,105.0,79.0,1,72.0,120.0,80.0,0,23.625,116.39583333333333,99.52083333333333,0,11.222222222222221,122.5,98.85714285714286,0,-6.5,92.0,69.625,0,52.1,144.2,111.33333333333333,0,-13.714285714285714,102.71428571428571,114.14285714285714,1,1.0,113.0,143.0,0,78.25,150.0,87.75,1,0.0,112.0,80.0,0,11.4,101.0,113.4,0,-3.619047619047619,81.19047619047619,97.19047619047619,2,79.5,172.0,100.0,0,144.0,256.0,152.0,0,24.0,116.0,134.0,0,-32.0,88.0,116.0,0,-36.0,68.5,91.0,2,-35.5,88.5,91.5,0,-40.0,96.0,96.0,0,80.0,178.0,106.66666666666667,0,10.833333333333334,118.66666666666667,98.5,0,-35.55555555555556,72.3888888888889,110.27777777777777,0,22.833333333333332,98.83333333333333,90.5,1,1.0,89.0,143.0
10019,106900,104.4225352112676,29.14058298441017,103.0,47.5,5.514285714285714,51.10122806943177,0.0,53.75,110.05714285714286,39.55137191562593,104.0,39.75,71,7.8,9.102564102564102,109.23076923076923,0.38571428571428573,0,0.0,0,0.0,1,0.014084507042253521,1,0,40.09090909090909,145.67857142857142,114.70833333333333,1,16.0,88.0,88.0,0,73.06666666666666,126.4,61.33333333333333,2,31.5,119.5,104.0,0,11.222222222222221,122.5,98.85714285714286,1,-23.0,65.0,63.0,0,52.1,144.2,111.33333333333333,1,-80.0,56.0,136.0,1,0.0,96.0,80.0,1,40.0,103.0,72.0,3,-39.666666666666664,98.66666666666667,119.66666666666667,1,16.0,104.0,120.0,1,0.0,80.0,88.0,1,2.0,122.0,94.0,0,144.0,256.0,152.0,1,24.0,120.0,120.0,0,-32.0,88.0,116.0,1,-40.0,81.0,95.0,0,-46.5,74.5,76.5,1,-40.0,96.0,96.0,0,80.0,178.0,106.66666666666667,0,10.833333333333334,118.66666666666667,98.5,0,-35.55555555555556,72.3888888888889,110.27777777777777,0,22.833333333333332,98.83333333333333,90.5,0,-7.5,90.25,121.25
10019,106915,93.41379310344827,17.462308654453473,95.0,24.0,17.821428571428573,56.45228931928053,1.0,27.25,111.71428571428571,55.83512536468236,96.0,42.75,29,3.208,9.039900249376558,108.4788029925187,0.25,0,0.0,0,0.0,1,0.034482758620689655,0,0,40.09090909090909,145.67857142857142,114.70833333333333,0,26.666666666666668,124.38888888888889,93.0,0,73.06666666666666,126.4,61.33333333333333,0,23.625,116.39583333333333,99.52083333333333,0,11.222222222222221,122.5,98.85714285714286,2,12.5,112.0,75.5,0,52.1,144.2,111.33333333333333,1,-32.0,71.0,120.0,0,-8.038461538461538,87.53846153846153,115.8076923076923,1,1.0,89.0,55.0,1,-24.0,72.0,104.0,0,11.4,101.0,113.4,0,-3.619047619047619,81.19047619047619,97.19047619047619,1,1.0,104.0,71.0,0,144.0,256.0,152.0,0,24.0,116.0,134.0,0,-32.0,88.0,116.0,0,-36.0,68.5,91.0,0,-46.5,74.5,76.5,0,-40.0,96.0,96.0,0,80.0,178.0,106.66666666666667,1,-24.0,96.0,112.0,0,-35.55555555555556,72.3888888888889,110.27777777777777,0,22.833333333333332,98.83333333333333,90.5,1,2.0,81.0,118.0
10019,106923,90.33333333333333,23.14600124724298,96.0,40.0,24.59375,54.94762243207162,0.5,72.0,114.75,48.16248540098403,96.5,36.75,33,3.768,8.757961783439491,105.09554140127389,0.28125,0,0.0,0,0.0,1,0.030303030303030304,0,0,40.09090909090909,145.67857142857142,114.70833333333333,0,26.666666666666668,124.38888888888889,93.0,0,73.06666666666666,126.4,61.33333333333333,2,16.0,108.0,100.0,0,11.222222222222221,122.5,98.85714285714286,0,-6.5,92.0,69.625,0,52.1,144.2,111.33333333333333,1,0.0,96.0,128.0,0,-8.038461538461538,87.53846153846153,115.8076923076923,0,78.25,150.0,87.75,0,-29.166666666666664,87.73809523809523,100.02380952380952,0,11.4,101.0,113.4,1,56.0,120.0,88.0,0,14.0,111.4375,92.4375,1,144.0,256.0,152.0,0,24.0,116.0,134.0,0,-32.0,88.0,116.0,0,-36.0,68.5,91.0,0,-46.5,74.5,76.5,0,-40.0,96.0,96.0,0,80.0,178.0,106.66666666666667,1,0.0,96.0,64.0,3,-37.333333333333336,63.333333333333336,106.66666666666667,0,22.833333333333332,98.83333333333333,90.5,0,-7.5,90.25,121.25
10019,106931,96.26923076923077,32.84995924632491,103.5,45.25,14.44,80.12743849643516,0.0,64.0,112.32,64.51401088135816,91.0,41.0,26,2.889,8.999653859466944,107.99584631360334,0.4,0,0.0,2,0.07692307692307693,2,0.07692307692307693,0,0,40.09090909090909,145.67857142857142,114.70833333333333,1,24.0,136.0,144.0,1,72.0,128.0,56.0,1,0.0,96.0,104.0,0,11.222222222222221,122.5,98.85714285714286,0,-6.5,92.0,69.625,0,52.1,144.2,111.33333333333333,0,-13.714285714285714,102.71428571428571,114.14285714285714,1,1.0,80.0,96.0,0,78.25,150.0,87.75,0,-29.166666666666664,87.73809523809523,100.02380952380952,1,0.0,104.0,89.0,1,0.0,65.0,104.0,0,14.0,111.4375,92.4375,0,144.0,256.0,152.0,0,24.0,116.0,134.0,1,-40.0,72.0,112.0,0,-36.0,68.5,91.0,0,-46.5,74.5,76.5,0,-40.0,96.0,96.0,0,80.0,178.0,106.66666666666667,0,10.833333333333334,118.66666666666667,98.5,0,-35.55555555555556,72.3888888888889,110.27777777777777,0,22.833333333333332,98.83333333333333,90.5,0,-7.5,90.25,121.25
10019,106938,91.01369863013699,21.367939850238788,95.0,24.0,31.15277777777778,65.58469073610561,16.0,63.0,121.875,55.84500810775799,112.5,62.5,73,8.887,8.214245527174524,98.57094632609429,0.2222222222222222,0,0.0,4,0.0547945205479452,0,0.0,0,0,40.09090909090909,145.67857142857142,114.70833333333333,0,26.666666666666668,124.38888888888889,93.0,2,76.0,132.0,60.0,3,11.0,109.33333333333333,101.0,0,11.222222222222221,122.5,98.85714285714286,0,-6.5,92.0,69.625,0,52.1,144.2,111.33333333333333,0,-13.714285714285714,102.71428571428571,114.14285714285714,2,-11.5,80.0,91.5,0,78.25,150.0,87.75,0,-29.166666666666664,87.73809523809523,100.02380952380952,1,72.0,168.0,112.0,3,5.666666666666667,101.33333333333333,98.33333333333333,1,1.0,97.0,79.0,0,144.0,256.0,152.0,0,24.0,116.0,134.0,0,-32.0,88.0,116.0,0,-36.0,68.5,91.0,0,-46.5,74.5,76.5,0,-40.0,96.0,96.0,0,80.0,178.0,106.66666666666667,1,24.0,128.0,104.0,1,-56.0,63.0,120.0,2,28.5,104.5,87.5,0,-7.5,90.25,121.25
10019,106957,90.84,32.3637822264333,88.0,32.0,67.79166666666667,142.9140123660222,32.0,126.25,158.75,126.60906036562575,124.0,90.0,25,3.953,6.324310650139135,75.89172780166962,0.2916666666666667,0,0.0,1,0.04,2,0.08,0,0,40.09090909090909,145.67857142857142,114.70833333333333,1,80.0,160.0,40.0,0,73.06666666666666,126.4,61.33333333333333,0,23.625,116.39583333333333,99.52083333333333,0,11.222222222222221,122.5,98.85714285714286,0,-6.5,92.0,69.625,0,52.1,144.2,111.33333333333333,0,-13.714285714285714,102.71428571428571,114.14285714285714,1,-48.0,48.0,128.0,0,78.25,150.0,87.75,0,-29.166666666666664,87.73809523809523,100.02380952380952,0,11.4,101.0,113.4,0,-3.619047619047619,81.19047619047619,97.19047619047619,0,14.0,111.4375,92.4375,0,144.0,256.0,152.0,0,24.0,116.0,134.0,0,-32.0,88.0,116.0,1,-32.0,56.0,87.0,0,-46.5,74.5,76.5,0,-40.0,96.0,96.0,1,-32.0,88.0,104.0,0,10.833333333333334,118.66666666666667,98.5,0,-35.55555555555556,72.3888888888889,110.27777777777777,0,22.833333333333332,98.83333333333333,90.5,0,-7.5,90.25,121.25
10019,106965,91.03225806451613,28.82817156092814,94.0,39.0,24.4,81.28821152746156,1.0,40.0,114.43333333333334,71.10446930788216,94.5,67.5,31,3.554,8.722566122678673,104.67079347214407,0.23333333333333334,0,0.0,0,0.0,2,0.06451612903225806,0,0,40.09090909090909,145.67857142857142,114.70833333333333,0,26.666666666666668,124.38888888888889,93.0,0,73.06666666666666,126.4,61.33333333333333,2,2.5,78.0,93.5,0,11.222222222222221,122.5,98.85714285714286,2,16.5,103.0,84.0,0,52.1,144.2,111.33333333333333,1,48.0,160.0,96.0,1,23.0,80.0,72.0,0,78.25,150.0,87.75,0,-29.166666666666664,87.73809523809523,100.02380952380952,0,11.4,101.0,113.4,1,0.0,65.0,79.0,0,14.0,111.4375,92.4375,0,144.0,256.0,152.0,0,24.0,116.0,134.0,0,-32.0,88.0,116.0,0,-36.0,68.5,91.0,0,-46.5,74.5,76.5,0,-40.0,96.0,96.0,0,80.0,178.0,106.66666666666667,1,16.0,127.0,96.0,0,-35.55555555555556,72.3888888888889,110.27777777777777,0,22.833333333333332,98.83333333333333,90.5,0,-7.5,90.25,121.25
10019,106974,95.7560975609756,33.17638043725251,88.0,40.0,28.85,62.85163084598522,4.5,77.25,124.4,58.91213796833383,111.5,64.0,41,5.08,8.070866141732283,96.8503937007874,0.25,0,0.0,3,0.07317073170731707,0,0.0,1,0,40.09090909090909,145.67857142857142,114.70833333333333,0,26.666666666666668,124.38888888888889,93.0,2,76.0,124.0,52.0,1,24.0,111.0,88.0,0,11.222222222222221,122.5,98.85714285714286,0,-6.5,92.0,69.625,0,52.1,144.2,111.33333333333333,0,-13.714285714285714,102.71428571428571,114.14285714285714,1,1.0,128.0,239.0,0,78.25,150.0,87.75,2,-15.5,84.5,119.5,0,11.4,101.0,113.4,1,1.0,97.0,87.0,2,-19.5,84.5,91.5,0,144.0,256.0,152.0,0,24.0,116.0,134.0,0,-32.0,88.0,116.0,0,-36.0,68.5,91.0,1,-48.0,72.0,80.0,0,-40.0,96.0,96.0,0,80.0,178.0,106.66666666666667,1,1.0,113.0,119.0,2,-32.0,76.0,108.0,0,22.833333333333332,98.83333333333333,90.5,0,-7.5,90.25,121.25
10023,106885,142.45238095238096,50.831281323587866,122.5,61.75,88.90243902439025,215.2852679107816,16.0,156.0,232.70731707317074,205.62246293519004,182.0,101.0,42,9.628,4.362276692978812,52.34732031574574,0.3902439024390244,0,0.0,0,0.0,0,0.0,0,0,40.09090909090909,145.67857142857142,114.70833333333333,4,192.0,315.25,122.75,0,104.75999999999999,191.89333333333335,58.32000000000001,2,117.0,250.5,92.0,0,11.222222222222221,122.5,98.85714285714286,1,63.0,151.0,103.0,0,52.1,144.2,111.33333333333333,0,2.7380952380952377,131.26190476190476,108.0,0,-1.8333333333333333,135.7777777777778,120.8888888888889,2,24.5,147.0,119.5,0,-36.0,201.42857142857142,153.64285714285714,1,281.0,402.0,119.0,1,-15.0,75.0,98.0,0,228.125,337.0625,131.25,0,112.0,229.0,235.5,0,-32.125,162.625,106.125,0,-45.25,116.75,154.25,0,-87.70833333333333,154.625,153.16666666666666,0,115.375,330.0,90.125,0,66.0,225.33333333333334,132.0,0,332.4,473.8,217.0,0,-12.2,138.8,140.5,2,-58.0,180.0,120.0,0,201.1,345.1,107.4,0,-2.0833333333333335,128.20833333333334,96.95833333333333
10023,106907,142.2608695652174,51.15595710247188,131.5,74.75,94.26666666666667,184.7616362295545,47.0,202.0,237.44444444444446,166.24246757279366,164.0,138.0,46,10.786,4.264787687743371,51.17745225292045,0.4,0,0.0,0,0.0,0,0.0,0,0,40.09090909090909,145.67857142857142,114.70833333333333,1,-16.0,80.0,130.0,0,104.75999999999999,191.89333333333335,58.32000000000001,0,164.19047619047618,271.76190476190476,83.97619047619048,0,11.222222222222221,122.5,98.85714285714286,0,40.0625,128.125,124.0,0,52.1,144.2,111.33333333333333,3,-5.333333333333333,130.33333333333334,102.0,0,-1.8333333333333333,135.7777777777778,120.8888888888889,0,72.77083333333334,172.64583333333331,147.6875,1,-86.0,139.0,223.0,2,157.5,274.0,161.0,2,0.0,130.5,150.0,1,47.0,177.0,139.0,0,112.0,229.0,235.5,1,-59.0,164.0,90.0,1,-69.0,40.0,163.0,1,-64.0,234.0,211.0,0,115.375,330.0,90.125,1,124.0,259.0,95.0,1,582.0,732.0,225.0,0,-12.2,138.8,140.5,0,213.0,475.5,114.5,0,201.1,345.1,107.4,0,-2.0833333333333335,128.20833333333334,96.95833333333333
10023,106927,140.42424242424244,114.08849045687785,114.0,52.0,140.53125,207.58205973406638,86.0,160.25,281.78125,199.13810132276922,190.5,152.25,33,9.146,3.608134703695604,43.297616444347256,0.15625,0,0.0,3,0.09090909090909091,1,0.030303030303030304,0,0,40.09090909090909,145.67857142857142,114.70833333333333,1,125.0,262.0,43.0,1,94.0,155.0,88.0,2,392.0,492.5,75.5,0,11.222222222222221,122.5,98.85714285714286,2,23.0,98.5,106.0,0,52.1,144.2,111.33333333333333,1,52.0,187.0,87.0,0,-1.8333333333333333,135.7777777777778,120.8888888888889,3,93.66666666666667,197.66666666666666,204.0,0,-36.0,201.42857142857142,153.64285714285714,0,171.14285714285714,285.07142857142856,138.42857142857142,0,22.1,135.2,105.8,0,228.125,337.0625,131.25,0,112.0,229.0,235.5,1,-34.0,181.0,114.0,0,-45.25,116.75,154.25,1,-197.0,155.0,166.0,0,115.375,330.0,90.125,0,66.0,225.33333333333334,132.0,0,332.4,473.8,217.0,0,-12.2,138.8,140.5,0,213.0,475.5,114.5,0,201.1,345.1,107.4,0,-2.0833333333333335,128.20833333333334,96.95833333333333
10023,106951,124.82758620689656,43.3447041394012,129.0,40.0,122.89285714285714,236.09718629740385,47.0,144.75,248.71428571428572,222.73556665485918,185.0,122.75,29,7.061,4.107066987678799,49.284803852145586,0.21428571428571427,0,0.0,0,0.0,0,0.0,0,0,40.09090909090909,145.67857142857142,114.70833333333333,1,16.0,168.0,120.0,0,104.75999999999999,191.89333333333335,58.32000000000001,1,218.0,347.0,70.0,0,11.222222222222221,122.5,98.85714285714286,1,15.0,85.0,100.0,0,52.1,144.2,111.33333333333333,2,57.5,197.5,130.0,0,-1.8333333333333333,135.7777777777778,120.8888888888889,1,174.0,274.0,191.0,0,-36.0,201.42857142857142,153.64285714285714,1,15.0,146.0,135.0,0,22.1,135.2,105.8,1,328.0,448.0,123.0,0,112.0,229.0,235.5,0,-32.125,162.625,106.125,1,16.0,150.0,152.0,2,-71.0,159.5,143.5,0,115.375,330.0,90.125,0,66.0,225.33333333333334,132.0,0,332.4,473.8,217.0,0,-12.2,138.8,140.5,0,213.0,475.5,114.5,0,201.1,345.1,107.4,0,-2.0833333333333335,128.20833333333334,96.95833333333333
10023,106964,122.98148148148148,47.04666349437928,112.0,49.5,180.49056603773585,278.8168819935143,78.0,218.0,304.3207547169811,259.04358004338684,197.0,169.0,54,16.207,3.3318936262108965,39.98272351453076,0.18867924528301888,0,0.0,0,0.0,0,0.0,0,0,40.09090909090909,145.67857142857142,114.70833333333333,2,0.0,114.0,108.5,0,104.75999999999999,191.89333333333335,58.32000000000001,0,164.19047619047618,271.76190476190476,83.97619047619048,0,11.222222222222221,122.5,98.85714285714286,0,40.0625,128.125,124.0,0,52.1,144.2,111.33333333333333,0,2.7380952380952377,131.26190476190476,108.0,1,-16.0,119.0,116.0,0,72.77083333333334,172.64583333333331,147.6875,2,-75.5,151.0,196.0,0,171.14285714285714,285.07142857142856,138.42857142857142,1,47.0,183.0,105.0,0,228.125,337.0625,131.25,0,112.0,229.0,235.5,1,-34.0,167.0,105.0,0,-45.25,116.75,154.25,0,-87.70833333333333,154.625,153.16666666666666,0,115.375,330.0,90.125,1,110.0,264.0,86.0,1,455.0,560.0,206.0,0,-12.2,138.8,140.5,0,213.0,475.5,114.5,1,-51.0,119.0,103.0,0,-2.0833333333333335,128.20833333333334,96.95833333333333
10023,106995,130.72,38.10041469590587,140.0,46.0,176.0,182.33211456021672,117.0,167.75,309.2916666666667,175.24850906799622,252.5,156.5,25,7.492,3.3368926855312333,40.042712226374796,0.041666666666666664,0,0.0,0,0.0,0,0.0,0,0,40.09090909090909,145.67857142857142,114.70833333333333,0,31.62121212121212,163.47727272727272,109.25,0,104.75999999999999,191.89333333333335,58.32000000000001,0,164.19047619047618,271.76190476190476,83.97619047619048,0,11.222222222222221,122.5,98.85714285714286,0,40.0625,128.125,124.0,0,52.1,144.2,111.33333333333333,0,2.7380952380952377,131.26190476190476,108.0,2,-7.5,142.0,151.0,0,72.77083333333334,172.64583333333331,147.6875,0,-36.0,201.42857142857142,153.64285714285714,0,171.14285714285714,285.07142857142856,138.42857142857142,0,22.1,135.2,105.8,0,228.125,337.0625,131.25,0,112.0,229.0,235.5,0,-32.125,162.625,106.125,0,-45.25,116.75,154.25,0,-87.70833333333333,154.625,153.16666666666666,0,115.375,330.0,90.125,0,66.0,225.33333333333334,132.0,1,141.0,324.0,176.0,0,-12.2,138.8,140.5,0,213.0,475.5,114.5,0,201.1,345.1,107.4,0,-2.0833333333333335,128.20833333333334,96.95833333333333
10023,107012,126.40625,58.06265978180383,113.0,60.75,132.5873015873016,232.63266465427236,81.0,171.0,257.76190476190476,214.2709836206683,197.0,142.5,64,16.428,3.895787679571463,46.749452154857565,0.25396825396825395,0,0.0,3,0.046875,0,0.0,0,0,40.09090909090909,145.67857142857142,114.70833333333333,2,0.5,157.0,105.0,1,81.0,122.0,54.0,3,79.33333333333333,203.33333333333334,90.33333333333333,0,11.222222222222221,122.5,98.85714285714286,2,47.0,151.5,230.5,0,52.1,144.2,111.33333333333333,0,2.7380952380952377,131.26190476190476,108.0,0,-1.8333333333333333,135.7777777777778,120.8888888888889,1,0.0,116.0,181.0,2,-43.5,175.0,144.5,0,171.14285714285714,285.07142857142856,138.42857142857142,0,22.1,135.2,105.8,1,156.0,295.0,99.0,0,112.0,229.0,235.5,1,-34.0,142.0,100.0,0,-45.25,116.75,154.25,1,-61.0,133.0,121.0,1,-75.0,204.0,106.0,0,66.0,225.33333333333334,132.0,1,265.0,421.0,212.0,0,-12.2,138.8,140.5,0,213.0,475.5,114.5,0,201.1,345.1,107.4,1,-40.0,81.0,94.0
10023,107046,132.3265306122449,56.969160205272125,125.0,77.0,117.125,261.5547763694379,31.0,199.25,249.04166666666666,244.41690461972732,149.5,130.25,49,13.195,3.7135278514588856,44.56233421750663,0.3541666666666667,0,0.0,5,0.10204081632653061,0,0.0,0,0,40.09090909090909,145.67857142857142,114.70833333333333,0,31.62121212121212,163.47727272727272,109.25,3,97.0,144.66666666666666,48.0,0,164.19047619047618,271.76190476190476,83.97619047619048,0,11.222222222222221,122.5,98.85714285714286,0,40.0625,128.125,124.0,0,52.1,144.2,111.33333333333333,2,-24.5,113.0,115.0,0,-1.8333333333333333,135.7777777777778,120.8888888888889,0,72.77083333333334,172.64583333333331,147.6875,0,-36.0,201.42857142857142,153.64285714285714,0,171.14285714285714,285.07142857142856,138.42857142857142,0,22.1,135.2,105.8,0,228.125,337.0625,131.25,0,112.0,229.0,235.5,0,-32.125,162.625,106.125,0,-45.25,116.75,154.25,1,-66.0,103.0,123.0,0,115.375,330.0,90.125,0,66.0,225.33333333333334,132.0,0,332.4,473.8,217.0,1,-41.0,135.0,122.0,0,213.0,475.5,114.5,1,31.0,139.0,101.0,0,-2.0833333333333335,128.20833333333334,96.95833333333333
10023,107070,121.1304347826087,32.62608232131237,114.0,42.5,37.5,70.14708572965549,23.5,105.0,160.5,54.874857630794814,148.5,96.0,23,3.611,6.369426751592356,76.43312101910827,0.2727272727272727,0,0.0,0,0.0,0,0.0,1,0,40.09090909090909,145.67857142857142,114.70833333333333,3,5.333333333333333,111.0,112.0,0,104.75999999999999,191.89333333333335,58.32000000000001,0,164.19047619047618,271.76190476190476,83.97619047619048,0,11.222222222222221,122.5,98.85714285714286,0,40.0625,128.125,124.0,0,52.1,144.2,111.33333333333333,0,2.7380952380952377,131.26190476190476,108.0,0,-1.8333333333333333,135.7777777777778,120.8888888888889,0,72.77083333333334,172.64583333333331,147.6875,0,-36.0,201.42857142857142,153.64285714285714,1,93.0,213.0,193.0,0,22.1,135.2,105.8,0,228.125,337.0625,131.25,0,112.0,229.0,235.5,0,-32.125,162.625,106.125,0,-45.25,116.75,154.25,0,-87.70833333333333,154.625,153.16666666666666,0,115.375,330.0,90.125,0,66.0,225.33333333333334,132.0,0,332.4,473.8,217.0,0,-12.2,138.8,140.5,0,213.0,475.5,114.5,0,201.1,345.1,107.4,0,-2.0833333333333335,128.20833333333334,96.95833333333333
10023,107080,118.95774647887323,49.89635359386391,108.0,70.0,138.75714285714287,222.64933580564278,73.0,183.0,258.5,221.53546958831285,182.5,144.0,71,18.159,3.909906933201168,46.91888319841401,0.2714285714285714,0,0.0,1,0.014084507042253521,0,0.0,0,0,40.09090909090909,145.67857142857142,114.70833333333333,0,31.62121212121212,163.47727272727272,109.25,0,104.75999999999999,191.89333333333335,58.32000000000001,1,62.0,135.0,72.0,0,11.222222222222221,122.5,98.85714285714286,1,16.0,88.0,99.0,0,52.1,144.2,111.33333333333333,0,2.7380952380952377,131.26190476190476,108.0,3,18.0,146.33333333333334,95.66666666666667,2,104.0,172.5,95.0,1,-44.0,186.0,93.0,1,31.0,121.0,167.0,1,63.0,135.0,72.0,2,241.5,338.0,100.5,0,112.0,229.0,235.5,2,-32.0,158.0,96.5,0,-45.25,116.75,154.25,0,-87.70833333333333,154.625,153.16666666666666,1,490.0,622.0,70.0,0,66.0,225.33333333333334,132.0,0,332.4,473.8,217.0,1,-16.0,149.0,217.0,0,213.0,475.5,114.5,2,-35.5,166.5,99.0,0,-2.0833333333333335,128.20833333333334,96.95833333333333
10023,107122,128.7872340425532,46.937231137100156,122.0,58.5,124.1086956521739,244.13736584686603,31.0,153.0,254.3695652173913,224.37975948161713,169.5,134.0,47,11.762,3.995919061384118,47.95102873660942,0.30434782608695654,0,0.0,1,0.02127659574468085,0,0.0,0,0,40.09090909090909,145.67857142857142,114.70833333333333,2,-37.0,84.0,110.5,0,104.75999999999999,191.89333333333335,58.32000000000001,1,47.0,152.0,88.0,0,11.222222222222221,122.5,98.85714285714286,0,40.0625,128.125,124.0,0,52.1,144.2,111.33333333333333,1,-37.0,87.0,88.0,0,-1.8333333333333333,135.7777777777778,120.8888888888889,0,72.77083333333334,172.64583333333331,147.6875,0,-36.0,201.42857142857142,153.64285714285714,0,171.14285714285714,285.07142857142856,138.42857142857142,0,22.1,135.2,105.8,1,239.0,329.0,248.0,0,112.0,229.0,235.5,2,-24.5,182.5,122.5,0,-45.25,116.75,154.25,0,-87.70833333333333,154.625,153.16666666666666,0,115.375,330.0,90.125,1,-36.0,153.0,215.0,0,332.4,473.8,217.0,0,-12.2,138.8,140.5,0,213.0,475.5,114.5,1,1102.0,1208.0,105.0,1,16.0,160.0,90.0
10023,107143,127.16470588235295,89.75913482056868,113.0,65.0,169.79761904761904,303.28207755447676,87.0,175.75,297.6190476190476,318.8575553277186,175.5,161.0,85,25.072,3.3902361199744737,40.68283343969368,0.21428571428571427,0,0.0,2,0.023529411764705882,0,0.0,0,0,40.09090909090909,145.67857142857142,114.70833333333333,1,15.0,178.0,124.0,0,104.75999999999999,191.89333333333335,58.32000000000001,1,234.0,322.0,100.0,0,11.222222222222221,122.5,98.85714285714286,1,16.0,116.0,134.0,0,52.1,144.2,111.33333333333333,1,-16.0,103.0,136.0,0,-1.8333333333333333,135.7777777777778,120.8888888888889,1,15.0,129.0,116.0,1,-103.0,163.0,184.0,0,171.14285714285714,285.07142857142856,138.42857142857142,0,22.1,135.2,105.8,2,361.0,456.5,108.0,0,112.0,229.0,235.5,2,-24.5,140.5,102.0,1,-69.0,108.0,163.0,4,-67.25,143.25,154.5,0,115.375,330.0,90.125,0,66.0,225.33333333333334,132.0,1,219.0,332.0,266.0,2,-19.0,108.0,115.5,1,484.0,771.0,109.0,1,-41.0,93.0,129.0,3,-0.3333333333333333,160.33333333333334,102.33333333333333
10023,107195,150.04651162790697,125.28663944218067,119.0,69.5,104.85714285714286,251.16173611255923,18.0,132.25,256.4047619047619,288.37187131861606,167.5,95.75,43,10.856,3.960943257184967,47.5313190862196,0.2619047619047619,0,0.0,1,0.023255813953488372,0,0.0,0,0,40.09090909090909,145.67857142857142,114.70833333333333,0,31.62121212121212,163.47727272727272,109.25,0,104.75999999999999,191.89333333333335,58.32000000000001,0,164.19047619047618,271.76190476190476,83.97619047619048,0,11.222222222222221,122.5,98.85714285714286,0,40.0625,128.125,124.0,0,52.1,144.2,111.33333333333333,2,-7.5,101.0,98.0,0,-1.8333333333333333,135.7777777777778,120.8888888888889,1,140.0,215.0,125.0,2,34.5,329.0,132.0,2,140.5,238.5,104.0,0,22.1,135.2,105.8,0,228.125,337.0625,131.25,0,112.0,229.0,235.5,1,-15.0,166.0,119.0,0,-45.25,116.75,154.25,0,-87.70833333333333,154.625,153.16666666666666,1,0.0,223.0,111.0,0,66.0,225.33333333333334,132.0,0,332.4,473.8,217.0,2,31.0,185.0,160.0,0,213.0,475.5,114.5,0,201.1,345.1,107.4,2,16.0,111.5,101.5
10023,107216,132.16666666666666,94.2802412432684,122.5,62.5,165.46808510638297,273.22408004714697,78.0,187.0,299.4255319148936,273.8223328846995,181.0,256.0,48,14.121,3.3991926917357125,40.79031230082855,0.2127659574468085,0,0.0,6,0.125,0,0.0,0,0,40.09090909090909,145.67857142857142,114.70833333333333,1,0.0,132.0,134.0,5,189.8,361.8,46.6,0,164.19047619047618,271.76190476190476,83.97619047619048,0,11.222222222222221,122.5,98.85714285714286,2,0.0,101.5,113.5,0,52.1,144.2,111.33333333333333,0,2.7380952380952377,131.26190476190476,108.0,0,-1.8333333333333333,135.7777777777778,120.8888888888889,0,72.77083333333334,172.64583333333331,147.6875,2,65.5,267.0,103.0,0,171.14285714285714,285.07142857142856,138.42857142857142,0,22.1,135.2,105.8,2,0.5,118.0,116.5,0,112.0,229.0,235.5,0,-32.125,162.625,106.125,0,-45.25,116.75,154.25,0,-87.70833333333333,154.625,153.16666666666666,0,115.375,330.0,90.125,0,66.0,225.33333333333334,132.0,0,332.4,473.8,217.0,0,-12.2,138.8,140.5,0,213.0,475.5,114.5,0,201.1,345.1,107.4,0,-2.0833333333333335,128.20833333333334,96.95833333333333
10023,107238,126.0204081632653,55.5041788446704,116.0,57.0,180.54166666666666,244.13716758662991,125.0,196.75,307.5833333333333,224.06340558471885,248.5,181.25,49,14.841,3.301664308335018,39.61997170002022,0.14583333333333334,0,0.0,3,0.061224489795918366,0,0.0,0,0,40.09090909090909,145.67857142857142,114.70833333333333,1,47.0,197.0,92.0,1,62.0,176.0,55.0,0,164.19047619047618,271.76190476190476,83.97619047619048,0,11.222222222222221,122.5,98.85714285714286,2,140.5,233.5,106.0,0,52.1,144.2,111.33333333333333,0,2.7380952380952377,131.26190476190476,108.0,0,-1.8333333333333333,135.7777777777778,120.8888888888889,1,31.0,130.0,150.0,0,-36.0,201.42857142857142,153.64285714285714,1,480.0,601.0,90.0,2,15.5,152.5,104.0,1,452.0,535.0,116.0,0,112.0,229.0,235.5,0,-32.125,162.625,106.125,1,-59.0,169.0,139.0,0,-87.70833333333333,154.625,153.16666666666666,2,46.5,271.0,73.5,0,66.0,225.33333333333334,132.0,0,332.4,473.8,217.0,1,-16.0,117.0,88.0,0,213.0,475.5,114.5,0,201.1,345.1,107.4,0,-2.0833333333333335,128.20833333333334,96.95833333333333
10112,107552,94.32432432432432,64.41715989865067,80.0,23.0,90.11111111111111,94.435685868384,80.0,71.25,185.05555555555554,95.54869161393998,172.5,63.25,37,6.734,5.4945054945054945,65.93406593406594,0.05555555555555555,0,0.0,0,0.0,1,0.02702702702702703,0,0,40.09090909090909,145.67857142857142,114.70833333333333,0,95.95,194.075,81.15833333333333,0,105.625,176.0625,61.875,0,88.1875,165.5,75.75,0,11.222222222222221,122.5,98.85714285714286,0,42.0625,123.125,74.875,0,52.1,144.2,111.33333333333333,1,89.0,200.0,64.0,0,89.23809523809526,166.54761904761904,74.38095238095238,0,107.83333333333333,174.75,96.75,0,135.6,215.8,65.1,0,154.91666666666666,228.86111111111111,90.75,0,63.0,159.375,78.875,0,123.6,198.6,92.2,0,167.80555555555557,240.69444444444446,250.2222222222222,0,152.5,219.39583333333331,78.27083333333333,1,40.0,118.0,72.0,0,84.6,181.66666666666669,82.06666666666666,2,83.0,172.5,67.5,0,174.2,240.2,67.3,0,109.2,186.0,74.6,0,12.666666666666666,104.83333333333333,74.5,0,140.5,211.5,88.0,0,123.5,189.58333333333334,77.5,1,88.0,200.0,96.0
10112,107559,100.73913043478261,59.42932769725907,79.0,30.5,80.45454545454545,102.84442234079381,74.5,86.25,182.54545454545453,89.9321599230762,172.0,76.75,23,4.151,5.540833534088172,66.49000240905805,0.13636363636363635,0,0.0,0,0.0,2,0.08695652173913043,0,0,40.09090909090909,145.67857142857142,114.70833333333333,1,96.0,224.0,96.0,0,105.625,176.0625,61.875,1,104.0,183.0,79.0,0,11.222222222222221,122.5,98.85714285714286,0,42.0625,123.125,74.875,0,52.1,144.2,111.33333333333333,0,157.125,259.9375,67.125,0,89.23809523809526,166.54761904761904,74.38095238095238,0,107.83333333333333,174.75,96.75,1,121.0,217.0,87.0,0,154.91666666666666,228.86111111111111,90.75,0,63.0,159.375,78.875,0,123.6,198.6,92.2,0,167.80555555555557,240.69444444444446,250.2222222222222,1,153.0,240.0,79.0,1,32.0,96.0,128.0,0,84.6,181.66666666666669,82.06666666666666,1,104.0,184.0,72.0,0,174.2,240.2,67.3,1,40.0,115.0,96.0,0,12.666666666666666,104.83333333333333,74.5,0,140.5,211.5,88.0,0,123.5,189.58333333333334,77.5,0,117.625,208.0,82.125
10112,107566,85.94666666666667,35.98477208795718,79.0,29.0,164.86486486486487,180.31259076155467,105.0,127.75,250.7972972972973,171.88155724924397,192.0,124.75,75,18.646,4.022310415102434,48.267724981229215,0.05405405405405406,0,0.0,2,0.02666666666666667,3,0.04,0,0,40.09090909090909,145.67857142857142,114.70833333333333,1,73.0,192.0,87.0,1,96.0,175.0,64.0,0,88.1875,165.5,75.75,0,11.222222222222221,122.5,98.85714285714286,1,138.0,209.0,86.0,0,52.1,144.2,111.33333333333333,1,593.0,696.0,63.0,2,152.5,212.0,71.0,0,107.83333333333333,174.75,96.75,1,145.0,216.0,55.0,0,154.91666666666666,228.86111111111111,90.75,1,73.0,169.0,87.0,1,233.0,320.0,88.0,2,256.5,327.5,216.0,1,121.0,176.0,79.0,1,48.0,136.0,128.0,1,105.0,200.0,79.0,0,134.5,217.75,67.5,0,174.2,240.2,67.3,1,96.0,175.0,71.0,0,12.666666666666666,104.83333333333333,74.5,0,140.5,211.5,88.0,1,169.0,232.0,71.0,0,117.625,208.0,82.125
10112,107590,98.6875,51.69770153256332,88.0,18.0,90.09677419354838,162.19469679065816,57.0,86.0,189.6451612903226,158.62728650826122,153.0,85.5,32,6.007,5.327118361911104,63.92542034293325,0.1935483870967742,0,0.0,1,0.03125,2,0.0625,0,0,40.09090909090909,145.67857142857142,114.70833333333333,2,5.5,100.0,95.0,0,105.625,176.0625,61.875,2,81.5,153.0,78.5,0,11.222222222222221,122.5,98.85714285714286,2,-23.5,55.0,79.5,0,52.1,144.2,111.33333333333333,1,49.0,137.0,55.0,1,32.0,111.0,88.0,1,73.0,145.0,102.0,0,135.6,215.8,65.1,0,154.91666666666666,228.86111111111111,90.75,0,63.0,159.375,78.875,0,123.6,198.6,92.2,0,167.80555555555557,240.69444444444446,250.2222222222222,0,152.5,219.39583333333331,78.27083333333333,0,75.33333333333333,159.83333333333331,106.54166666666667,0,84.6,181.66666666666669,82.06666666666666,0,134.5,217.75,67.5,0,174.2,240.2,67.3,1,121.0,209.0,64.0,0,12.666666666666666,104.83333333333333,74.5,0,140.5,211.5,88.0,0,123.5,189.58333333333334,77.5,0,117.625,208.0,82.125
10112,107601,89.47887323943662,63.79585821580405,78.0,28.5,174.5,268.2425741216867,113.0,84.25,264.2142857142857,261.07973017874076,184.0,94.0,71,18.568,3.823782852218871,45.88539422662645,0.05714285714285714,0,0.0,10,0.14084507042253522,3,0.04225352112676056,4,0,40.09090909090909,145.67857142857142,114.70833333333333,2,80.5,168.5,67.0,8,115.25,177.125,59.75,1,82.0,145.0,55.0,0,11.222222222222221,122.5,98.85714285714286,1,32.0,87.0,80.0,0,52.1,144.2,111.33333333333333,0,157.125,259.9375,67.125,0,89.23809523809526,166.54761904761904,74.38095238095238,1,56.0,136.0,96.0,2,128.5,208.0,59.0,2,224.5,284.5,103.5,0,63.0,159.375,78.875,0,123.6,198.6,92.2,2,284.0,343.0,252.0,2,117.0,192.5,67.0,0,75.33333333333333,159.83333333333331,106.54166666666667,1,81.0,169.0,63.0,0,134.5,217.75,67.5,2,244.5,320.0,79.0,0,109.2,186.0,74.6,1,56.0,127.0,80.0,0,140.5,211.5,88.0,0,123.5,189.58333333333334,77.5,1,41.0,104.0,78.0
10112,107627,83.48837209302326,18.624030604425297,80.0,28.5,70.35714285714286,62.09164556508058,64.0,69.0,154.3095238095238,60.93067414820055,152.5,62.0,43,6.545,6.569900687547746,78.83880825057295,0.07142857142857142,0,0.0,0,0.0,1,0.023255813953488372,0,0,40.09090909090909,145.67857142857142,114.70833333333333,3,115.0,194.0,74.33333333333333,0,105.625,176.0625,61.875,1,16.0,112.0,71.0,0,11.222222222222221,122.5,98.85714285714286,1,136.0,225.0,64.0,0,52.1,144.2,111.33333333333333,1,50.0,153.0,70.0,0,89.23809523809526,166.54761904761904,74.38095238095238,1,32.0,96.0,88.0,0,135.6,215.8,65.1,0,154.91666666666666,228.86111111111111,90.75,0,63.0,159.375,78.875,1,24.0,112.0,80.0,0,167.80555555555557,240.69444444444446,250.2222222222222,0,152.5,219.39583333333331,78.27083333333333,1,41.0,144.0,102.0,3,67.0,163.33333333333334,95.33333333333333,0,134.5,217.75,67.5,0,174.2,240.2,67.3,0,109.2,186.0,74.6,0,12.666666666666666,104.83333333333333,74.5,0,140.5,211.5,88.0,0,123.5,189.58333333333334,77.5,2,60.5,152.0,83.5
10112,107635,88.24444444444444,31.92223575820574,80.0,31.0,106.63636363636364,113.254759263652,108.5,81.0,195.27272727272728,99.8160498199207,184.0,83.25,45,8.663,5.194505367655546,62.33406441186656,0.1590909090909091,0,0.0,0,0.0,3,0.06666666666666667,0,0,40.09090909090909,145.67857142857142,114.70833333333333,0,95.95,194.075,81.15833333333333,0,105.625,176.0625,61.875,1,216.0,311.0,64.0,0,11.222222222222221,122.5,98.85714285714286,1,40.0,136.0,64.0,0,52.1,144.2,111.33333333333333,0,157.125,259.9375,67.125,2,88.5,179.5,73.0,0,107.83333333333333,174.75,96.75,0,135.6,215.8,65.1,0,154.91666666666666,228.86111111111111,90.75,0,63.0,159.375,78.875,1,105.0,168.0,95.0,2,92.0,179.0,168.0,0,152.5,219.39583333333331,78.27083333333333,0,75.33333333333333,159.83333333333331,106.54166666666667,0,84.6,181.66666666666669,82.06666666666666,1,136.0,208.0,80.0,0,174.2,240.2,67.3,1,121.0,184.0,62.0,1,-39.0,79.0,80.0,0,140.5,211.5,88.0,2,145.0,212.5,75.0,0,117.625,208.0,82.125
10112,107648,89.92857142857143,34.52631353809167,80.0,26.75,165.29090909090908,265.72923147973376,97.0,84.5,255.1090909090909,260.3922686135651,184.0,64.5,56,14.127,3.964040489842146,47.56848587810575,0.05454545454545454,0,0.0,0,0.0,2,0.03571428571428571,0,0,40.09090909090909,145.67857142857142,114.70833333333333,4,90.5,197.25,79.75,0,105.625,176.0625,61.875,2,52.5,140.5,71.5,0,11.222222222222221,122.5,98.85714285714286,1,9.0,81.0,79.0,0,52.1,144.2,111.33333333333333,0,157.125,259.9375,67.125,0,89.23809523809526,166.54761904761904,74.38095238095238,1,369.0,408.0,111.0,2,137.5,213.0,70.5,3,200.66666666666666,275.0,95.33333333333333,0,63.0,159.375,78.875,0,123.6,198.6,92.2,0,167.80555555555557,240.69444444444446,250.2222222222222,0,152.5,219.39583333333331,78.27083333333333,3,65.33333333333333,157.66666666666666,110.66666666666667,1,81.0,192.0,78.0,0,134.5,217.75,67.5,0,174.2,240.2,67.3,1,168.0,247.0,80.0,0,12.666666666666666,104.83333333333333,74.5,2,140.5,211.5,88.0,0,123.5,189.58333333333334,77.5,0,117.625,208.0,82.125
10112,107656,82.90163934426229,21.704199879159738,79.0,31.0,137.56666666666666,180.98235334480052,96.0,82.75,220.93333333333334,181.74862371479523,168.5,93.75,61,13.311,4.5826759822703025,54.99211178724363,0.06666666666666667,0,0.0,2,0.03278688524590164,1,0.01639344262295082,0,0,40.09090909090909,145.67857142857142,114.70833333333333,2,57.0,145.0,75.5,0,105.625,176.0625,61.875,2,85.0,152.0,96.0,0,11.222222222222221,122.5,98.85714285714286,2,-8.0,88.0,79.0,0,52.1,144.2,111.33333333333333,2,77.0,180.5,71.0,3,91.33333333333333,163.0,73.66666666666667,2,56.0,135.0,88.0,0,135.6,215.8,65.1,0,154.91666666666666,228.86111111111111,90.75,1,49.0,144.0,63.0,0,123.6,198.6,92.2,0,167.80555555555557,240.69444444444446,250.2222222222222,0,152.5,219.39583333333331,78.27083333333333,1,48.0,144.0,112.0,0,84.6,181.66666666666669,82.06666666666666,0,134.5,217.75,67.5,1,120.0,184.0,88.0,0,109.2,186.0,74.6,0,12.666666666666666,104.83333333333333,74.5,0,140.5,211.5,88.0,1,64.0,144.0,72.0,0,117.625,208.0,82.125
10112,107676,88.625,31.63043431570297,73.0,46.25,87.86666666666666,80.6365232936595,97.0,124.0,174.4,61.413136488322536,168.0,120.0,16,2.736,5.847953216374268,70.17543859649123,0.13333333333333333,0,0.0,0,0.0,1,0.0625,0,0,40.09090909090909,145.67857142857142,114.70833333333333,0,95.95,194.075,81.15833333333333,0,105.625,176.0625,61.875,0,88.1875,165.5,75.75,0,11.222222222222221,122.5,98.85714285714286,0,42.0625,123.125,74.875,0,52.1,144.2,111.33333333333333,0,157.125,259.9375,67.125,0,89.23809523809526,166.54761904761904,74.38095238095238,0,107.83333333333333,174.75,96.75,0,135.6,215.8,65.1,0,154.91666666666666,228.86111111111111,90.75,0,63.0,159.375,78.875,1,102.0,176.0,95.0,0,167.80555555555557,240.69444444444446,250.2222222222222,1,193.0,256.0,63.0,0,75.33333333333333,159.83333333333331,106.54166666666667,0,84.6,181.66666666666669,82.06666666666666,0,134.5,217.75,67.5,1,185.0,248.0,63.0,0,109.2,186.0,74.6,0,12.666666666666666,104.83333333333333,74.5,0,140.5,211.5,88.0,2,113.0,188.0,73.0,0,117.625,208.0,82.125
10112,107683,86.50980392156863,42.680009808064185,80.0,28.5,148.88,197.69700452965895,121.0,89.0,235.22,196.21807154286273,203.0,90.0,51,11.856,4.301619433198381,51.61943319838056,0.08,0,0.0,0,0.0,2,0.0392156862745098,0,0,40.09090909090909,145.67857142857142,114.70833333333333,0,95.95,194.075,81.15833333333333,0,105.625,176.0625,61.875,0,88.1875,165.5,75.75,0,11.222222222222221,122.5,98.85714285714286,0,42.0625,123.125,74.875,0,52.1,144.2,111.33333333333333,1,17.0,137.0,71.0,1,56.0,143.0,72.0,0,107.83333333333333,174.75,96.75,0,135.6,215.8,65.1,1,113.0,185.0,75.0,0,63.0,159.375,78.875,0,123.6,198.6,92.2,1,225.0,295.0,352.0,3,150.0,213.66666666666666,84.66666666666667,0,75.33333333333333,159.83333333333331,106.54166666666667,0,84.6,181.66666666666669,82.06666666666666,0,134.5,217.75,67.5,2,152.5,208.0,59.5,0,109.2,186.0,74.6,1,-23.0,88.0,64.0,0,140.5,211.5,88.0,0,123.5,189.58333333333334,77.5,0,117.625,208.0,82.125
10112,107707,81.35593220338983,18.81016918608025,80.0,28.0,98.74137931034483,63.46885207961776,97.0,87.0,180.5344827586207,58.66039476842646,180.5,71.75,59,10.527,5.604635698679586,67.25562838415503,0.017241379310344827,0,0.0,0,0.0,1,0.01694915254237288,0,0,40.09090909090909,145.67857142857142,114.70833333333333,1,144.0,232.0,87.0,0,105.625,176.0625,61.875,2,68.5,127.5,91.0,0,11.222222222222221,122.5,98.85714285714286,2,13.0,104.0,67.5,0,52.1,144.2,111.33333333333333,0,157.125,259.9375,67.125,3,128.33333333333334,205.33333333333334,69.0,2,61.0,128.5,95.5,0,135.6,215.8,65.1,1,153.0,232.0,104.0,1,82.0,145.0,94.0,0,123.6,198.6,92.2,0,167.80555555555557,240.69444444444446,250.2222222222222,1,146.0,193.0,62.0,1,66.0,144.0,110.0,1,89.0,184.0,95.0,0,134.5,217.75,67.5,0,174.2,240.2,67.3,0,109.2,186.0,74.6,1,89.0,169.0,79.0,0,140.5,211.5,88.0,1,113.0,168.0,80.0,0,117.625,208.0,82.125
10112,107730,88.6231884057971,25.658346919582772,87.0,33.0,125.3529411764706,107.00642706177022,108.5,97.0,214.35294117647058,105.47926541517982,184.0,67.75,69,14.639,4.713436710157798,56.56124052189357,0.04411764705882353,0,0.0,0,0.0,1,0.014492753623188406,0,0,40.09090909090909,145.67857142857142,114.70833333333333,1,209.0,336.0,71.0,0,105.625,176.0625,61.875,0,88.1875,165.5,75.75,0,11.222222222222221,122.5,98.85714285714286,0,42.0625,123.125,74.875,0,52.1,144.2,111.33333333333333,2,245.0,360.0,71.0,0,89.23809523809526,166.54761904761904,74.38095238095238,0,107.83333333333333,174.75,96.75,1,146.0,225.0,54.0,3,165.33333333333334,244.66666666666666,87.66666666666667,2,48.0,179.5,71.5,1,154.0,217.0,103.0,0,167.80555555555557,240.69444444444446,250.2222222222222,2,133.0,204.0,87.5,3,262.3333333333333,339.0,89.66666666666667,0,84.6,181.66666666666669,82.06666666666666,1,242.0,330.0,54.0,0,174.2,240.2,67.3,0,109.2,186.0,74.6,1,49.0,135.0,71.0,0,140.5,211.5,88.0,1,137.0,193.0,94.0,0,117.625,208.0,82.125
10112,107759,108.36842105263158,112.97680736668957,72.0,23.5,104.21621621621621,137.881095490974,129.0,112.0,213.8108108108108,91.35846765820943,209.0,96.0,38,8.095,4.694255713403335,56.331068560840016,0.13513513513513514,0,0.0,1,0.02631578947368421,4,0.10526315789473684,0,0,40.09090909090909,145.67857142857142,114.70833333333333,1,89.0,152.0,79.0,0,105.625,176.0625,61.875,0,88.1875,165.5,75.75,0,11.222222222222221,122.5,98.85714285714286,0,42.0625,123.125,74.875,0,52.1,144.2,111.33333333333333,0,157.125,259.9375,67.125,0,89.23809523809526,166.54761904761904,74.38095238095238,0,107.83333333333333,174.75,96.75,0,135.6,215.8,65.1,1,73.0,152.0,79.0,0,63.0,159.375,78.875,0,123.6,198.6,92.2,1,48.0,127.0,215.0,1,207.0,280.0,104.0,0,75.33333333333333,159.83333333333331,106.54166666666667,0,84.6,181.66666666666669,82.06666666666666,1,129.0,208.0,56.0,1,169.0,241.0,47.0,0,109.2,186.0,74.6,1,-56.0,31.0,73.0,0,140.5,211.5,88.0,0,123.5,189.58333333333334,77.5,0,117.625,208.0,82.125
10112,107779,103.4375,76.30855845676814,79.5,28.75,122.61290322580645,174.91189992888582,105.0,104.0,227.09677419354838,140.59880117845947,191.0,105.0,32,7.111,4.50007031359865,54.00084376318381,0.12903225806451613,0,0.0,1,0.03125,4,0.125,0,0,40.09090909090909,145.67857142857142,114.70833333333333,0,95.95,194.075,81.15833333333333,0,105.625,176.0625,61.875,0,88.1875,165.5,75.75,0,11.222222222222221,122.5,98.85714285714286,0,42.0625,123.125,74.875,0,52.1,144.2,111.33333333333333,1,137.0,216.0,72.0,3,76.0,152.0,74.0,0,107.83333333333333,174.75,96.75,0,135.6,215.8,65.1,0,154.91666666666666,228.86111111111111,90.75,0,63.0,159.375,78.875,0,123.6,198.6,92.2,3,101.33333333333333,172.66666666666666,298.3333333333333,0,152.5,219.39583333333331,78.27083333333333,0,75.33333333333333,159.83333333333331,106.54166666666667,0,84.6,181.66666666666669,82.06666666666666,2,113.0,204.0,75.5,0,174.2,240.2,67.3,0,109.2,186.0,74.6,0,12.666666666666666,104.83333333333333,74.5,0,140.5,211.5,88.0,0,123.5,189.58333333333334,77.5,1,281.0,376.0,71.0
100001,1090979,132.16326530612244,45.33248911023542,135.0,48.0,-14.604166666666666,71.40866531898556,-24.0,80.0,118.14583333333333,50.392207393328405,108.0,56.25,49,5.799,8.449732712536644,101.39679255043974,0.6875,0,0.0,1,0.02040816326530612,4,0.08163265306122448,0,0,40.09090909090909,145.67857142857142,114.70833333333333,1,-16.0,120.0,105.0,0,81.33333333333334,154.13333333333333,69.33333333333334,0,22.944444444444443,132.72222222222223,119.16666666666667,0,11.222222222222221,122.5,98.85714285714286,0,-45.80952380952381,85.07142857142857,129.11904761904762,0,52.1,144.2,111.33333333333333,1,-32.0,112.0,136.0,0,-14.611111111111109,117.0,109.5,0,-18.933333333333334,101.06666666666666,141.4,1,-80.0,80.0,120.0,1,-23.0,72.0,111.0,1,-40.0,80.0,104.0,1,48.0,184.0,128.0,1,24.0,128.0,96.0,0,-24.8,118.0,108.2,0,-82.66666666666667,80.66666666666667,122.0,1,-72.0,88.0,120.0,1,-95.0,64.0,151.0,2,-60.0,116.0,100.0,1,-16.0,95.0,152.0,1,8.0,119.0,136.0,0,-57.5,124.16666666666667,125.16666666666667,0,-80.3,102.2,128.2,0,-20.6,113.8,113.6
100001,1091001,124.47826086956522,27.953174456451574,128.0,36.0,-25.045454545454547,46.54272452931361,-19.5,46.0,101.0909090909091,35.21867930375622,104.0,46.0,23,2.312,9.948096885813149,119.37716262975779,0.8636363636363636,0,0.0,0,0.0,1,0.043478260869565216,0,0,40.09090909090909,145.67857142857142,114.70833333333333,3,-31.666666666666668,101.66666666666667,111.66666666666667,0,81.33333333333334,154.13333333333333,69.33333333333334,0,22.944444444444443,132.72222222222223,119.16666666666667,0,11.222222222222221,122.5,98.85714285714286,0,-45.80952380952381,85.07142857142857,129.11904761904762,0,52.1,144.2,111.33333333333333,0,-6.333333333333333,123.5,120.66666666666667,0,-14.611111111111109,117.0,109.5,0,-18.933333333333334,101.06666666666666,141.4,0,-90.33333333333333,93.83333333333333,142.33333333333334,1,-16.0,71.0,104.0,0,-36.083333333333336,102.0,122.91666666666667,0,-1.6,120.1,130.2,0,109.66666666666667,239.33333333333334,126.0,0,-24.8,118.0,108.2,0,-82.66666666666667,80.66666666666667,122.0,0,-62.833333333333336,83.88095238095238,130.3095238095238,0,-53.75,92.0,145.75,0,-69.4,124.2,125.4,0,-14.0,115.5,164.0,0,-19.4,103.2,120.5,0,-57.5,124.16666666666667,125.16666666666667,0,-80.3,102.2,128.2,0,-20.6,113.8,113.6
100001,1091016,127.96969696969697,29.80388915895175,128.0,40.0,-30.46875,41.571462849381426,-47.5,58.0,97.75,27.712812921102035,96.0,40.0,33,3.248,10.160098522167488,121.92118226600984,0.75,0,0.0,0,0.0,1,0.030303030303030304,0,0,40.09090909090909,145.67857142857142,114.70833333333333,0,-21.09722222222222,117.20833333333333,121.08333333333333,0,81.33333333333334,154.13333333333333,69.33333333333334,0,22.944444444444443,132.72222222222223,119.16666666666667,0,11.222222222222221,122.5,98.85714285714286,0,-45.80952380952381,85.07142857142857,129.11904761904762,0,52.1,144.2,111.33333333333333,2,8.0,116.0,84.0,0,-14.611111111111109,117.0,109.5,0,-18.933333333333334,101.06666666666666,141.4,0,-90.33333333333333,93.83333333333333,142.33333333333334,0,3.1,103.1,127.0,1,-56.0,96.0,120.0,1,-40.0,72.0,96.0,0,109.66666666666667,239.33333333333334,126.0,0,-24.8,118.0,108.2,0,-82.66666666666667,80.66666666666667,122.0,0,-62.833333333333336,83.88095238095238,130.3095238095238,0,-53.75,92.0,145.75,0,-69.4,124.2,125.4,0,-14.0,115.5,164.0,0,-19.4,103.2,120.5,0,-57.5,124.16666666666667,125.16666666666667,1,-80.0,104.0,112.0,0,-20.6,113.8,113.6
100001,1091025,129.78333333333333,25.998135616915985,128.0,40.0,-9.457627118644067,59.855566846409765,-24.0,63.5,120.89830508474576,48.46969869972905,112.0,40.0,60,7.229,8.299903167796376,99.59883801355652,0.6779661016949152,0,0.0,1,0.016666666666666666,1,0.016666666666666666,0,0,40.09090909090909,145.67857142857142,114.70833333333333,1,-16.0,136.0,112.0,0,81.33333333333334,154.13333333333333,69.33333333333334,0,22.944444444444443,132.72222222222223,119.16666666666667,0,11.222222222222221,122.5,98.85714285714286,0,-45.80952380952381,85.07142857142857,129.11904761904762,0,52.1,144.2,111.33333333333333,0,-6.333333333333333,123.5,120.66666666666667,0,-14.611111111111109,117.0,109.5,0,-18.933333333333334,101.06666666666666,141.4,2,-64.0,96.5,124.0,0,3.1,103.1,127.0,2,7.5,131.5,104.5,1,0.0,120.0,128.0,0,109.66666666666667,239.33333333333334,126.0,0,-24.8,118.0,108.2,0,-82.66666666666667,80.66666666666667,122.0,2,-59.5,112.5,111.5,0,-53.75,92.0,145.75,0,-69.4,124.2,125.4,0,-14.0,115.5,164.0,1,-7.0,113.0,104.0,0,-57.5,124.16666666666667,125.16666666666667,1,-73.0,87.0,137.0,1,-48.0,96.0,120.0
100001,1091042,126.83333333333333,22.7894956309066,123.5,24.75,-12.09433962264151,51.142148976381435,-24.0,49.0,115.16981132075472,39.791786318975,104.0,41.0,54,6.208,8.698453608247423,104.38144329896907,0.6792452830188679,0,0.0,0,0.0,1,0.018518518518518517,0,0,40.09090909090909,145.67857142857142,114.70833333333333,3,-21.333333333333332,109.33333333333333,114.66666666666667,0,81.33333333333334,154.13333333333333,69.33333333333334,2,12.0,115.5,116.5,0,11.222222222222221,122.5,98.85714285714286,2,-12.0,100.0,128.5,0,52.1,144.2,111.33333333333333,1,-24.0,120.0,128.0,1,-24.0,112.0,120.0,1,-40.0,80.0,128.0,0,-90.33333333333333,93.83333333333333,142.33333333333334,1,32.0,144.0,120.0,0,-36.083333333333336,102.0,122.91666666666667,1,-8.0,112.0,136.0,0,109.66666666666667,239.33333333333334,126.0,0,-24.8,118.0,108.2,4,-76.0,78.0,114.0,3,-45.333333333333336,82.66666666666667,162.66666666666666,0,-53.75,92.0,145.75,0,-69.4,124.2,125.4,0,-14.0,115.5,164.0,0,-19.4,103.2,120.5,1,-41.0,120.0,112.0,0,-80.3,102.2,128.2,1,17.0,129.0,119.0
100001,1091058,137.83018867924528,38.40142285544757,129.0,39.0,-21.884615384615383,64.59121571799832,-32.0,75.75,116.59615384615384,50.37752078647495,104.5,50.0,53,6.183,8.571890667960536,102.86268801552643,0.6923076923076923,0,0.0,0,0.0,2,0.03773584905660377,0,0,40.09090909090909,145.67857142857142,114.70833333333333,2,-28.0,104.0,112.0,0,81.33333333333334,154.13333333333333,69.33333333333334,3,77.0,184.0,126.0,0,11.222222222222221,122.5,98.85714285714286,2,-60.0,76.5,116.0,0,52.1,144.2,111.33333333333333,0,-6.333333333333333,123.5,120.66666666666667,1,7.0,119.0,105.0,2,-4.0,112.0,132.0,0,-90.33333333333333,93.83333333333333,142.33333333333334,1,32.0,136.0,144.0,0,-36.083333333333336,102.0,122.91666666666667,0,-1.6,120.1,130.2,0,109.66666666666667,239.33333333333334,126.0,1,8.0,144.0,104.0,0,-82.66666666666667,80.66666666666667,122.0,1,-88.0,56.0,128.0,1,-88.0,104.0,152.0,1,-79.0,105.0,127.0,0,-14.0,115.5,164.0,2,-68.0,76.0,131.5,1,-56.0,136.0,112.0,0,-80.3,102.2,128.2,1,-32.0,96.0,104.0
100001,1091068,141.6875,28.783065225058987,136.0,35.25,-8.96774193548387,93.14729364965996,-24.0,72.0,132.90322580645162,90.79979921773653,112.0,32.0,32,4.256,7.518796992481203,90.22556390977444,0.6129032258064516,0,0.0,0,0.0,2,0.0625,0,0,40.09090909090909,145.67857142857142,114.70833333333333,0,-21.09722222222222,117.20833333333333,121.08333333333333,0,81.33333333333334,154.13333333333333,69.33333333333334,1,8.0,128.0,80.0,0,11.222222222222221,122.5,98.85714285714286,0,-45.80952380952381,85.07142857142857,129.11904761904762,0,52.1,144.2,111.33333333333333,0,-6.333333333333333,123.5,120.66666666666667,2,-60.0,96.0,116.0,0,-18.933333333333334,101.06666666666666,141.4,0,-90.33333333333333,93.83333333333333,142.33333333333334,1,9.0,113.0,119.0,0,-36.083333333333336,102.0,122.91666666666667,1,8.0,136.0,120.0,0,109.66666666666667,239.33333333333334,126.0,1,64.0,191.0,97.0,0,-82.66666666666667,80.66666666666667,122.0,0,-62.833333333333336,83.88095238095238,130.3095238095238,0,-53.75,92.0,145.75,0,-69.4,124.2,125.4,0,-14.0,115.5,164.0,1,-23.0,96.0,127.0,1,-48.0,120.0,144.0,2,-88.0,116.0,128.0,0,-20.6,113.8,113.6
100001,1091076,126.42,30.548381299178523,128.0,38.0,3.2448979591836733,74.31387669801344,-16.0,64.0,129.79591836734693,68.07947923966778,112.0,56.0,50,6.48,7.716049382716049,92.59259259259258,0.5714285714285714,0,0.0,0,0.0,2,0.04,0,0,40.09090909090909,145.67857142857142,114.70833333333333,3,16.0,165.33333333333334,125.33333333333333,0,81.33333333333334,154.13333333333333,69.33333333333334,2,3.5,104.0,140.0,0,11.222222222222221,122.5,98.85714285714286,3,-26.666666666666668,104.0,141.33333333333334,0,52.1,144.2,111.33333333333333,0,-6.333333333333333,123.5,120.66666666666667,3,-2.6666666666666665,120.0,107.0,2,-24.0,100.0,144.0,0,-90.33333333333333,93.83333333333333,142.33333333333334,1,-16.0,104.0,168.0,0,-36.083333333333336,102.0,122.91666666666667,1,-16.0,88.0,112.0,1,32.0,144.0,104.0,0,-24.8,118.0,108.2,1,-96.0,88.0,128.0,0,-62.833333333333336,83.88095238095238,130.3095238095238,0,-53.75,92.0,145.75,0,-69.4,124.2,125.4,0,-14.0,115.5,164.0,0,-19.4,103.2,120.5,0,-57.5,124.16666666666667,125.16666666666667,0,-80.3,102.2,128.2,0,-20.6,113.8,113.6
100001,1091087,134.25531914893617,29.417369369860804,128.0,48.0,-26.565217391304348,44.180288824371836,-40.0,62.25,106.78260869565217,35.00926153455264,104.0,39.0,47,5.088,9.2374213836478,110.84905660377359,0.717391304347826,0,0.0,0,0.0,1,0.02127659574468085,0,0,40.09090909090909,145.67857142857142,114.70833333333333,3,-18.333333333333332,107.0,103.66666666666667,0,81.33333333333334,154.13333333333333,69.33333333333334,2,16.0,115.5,148.5,0,11.222222222222221,122.5,98.85714285714286,1,-79.0,57.0,128.0,0,52.1,144.2,111.33333333333333,0,-6.333333333333333,123.5,120.66666666666667,1,32.0,143.0,112.0,1,0.0,128.0,159.0,0,-90.33333333333333,93.83333333333333,142.33333333333334,1,-48.0,40.0,120.0,2,-56.0,88.5,136.0,2,32.0,144.0,152.0,0,109.66666666666667,239.33333333333334,126.0,0,-24.8,118.0,108.2,0,-82.66666666666667,80.66666666666667,122.0,0,-62.833333333333336,83.88095238095238,130.3095238095238,1,-16.0,88.0,144.0,0,-69.4,124.2,125.4,0,-14.0,115.5,164.0,0,-19.4,103.2,120.5,1,-64.0,120.0,127.0,0,-80.3,102.2,128.2,0,-20.6,113.8,113.6
100001,1091121,125.21917808219177,33.18327957209877,128.0,40.0,-0.5694444444444444,82.67570958417541,-24.0,66.0,125.05555555555556,76.4026048292292,112.0,66.0,73,9.1,8.021978021978022,96.26373626373626,0.6805555555555556,0,0.0,7,0.0958904109589041,1,0.0136986301369863,0,0,40.09090909090909,145.67857142857142,114.70833333333333,6,-31.833333333333332,108.16666666666667,130.66666666666666,5,80.0,153.6,72.0,2,8.0,108.0,116.0,0,11.222222222222221,122.5,98.85714285714286,1,-24.0,104.0,112.0,0,52.1,144.2,111.33333333333333,1,0.0,136.0,144.0,0,-14.611111111111109,117.0,109.5,3,-26.666666666666668,85.33333333333333,144.0,0,-90.33333333333333,93.83333333333333,142.33333333333334,0,3.1,103.1,127.0,3,-24.0,120.0,136.0,0,-1.6,120.1,130.2,0,109.66666666666667,239.33333333333334,126.0,2,-28.0,104.0,68.0,0,-82.66666666666667,80.66666666666667,122.0,0,-62.833333333333336,83.88095238095238,130.3095238095238,0,-53.75,92.0,145.75,1,-88.0,128.0,120.0,0,-14.0,115.5,164.0,0,-19.4,103.2,120.5,1,-80.0,120.0,128.0,0,-80.3,102.2,128.2,0,-20.6,113.8,113.6
100001,1091141,126.0,30.29631440731144,128.0,32.0,5.413793103448276,74.31643306526088,-8.0,63.0,132.17241379310346,65.69315765845876,120.0,33.0,30,3.937,7.62001524003048,91.44018288036575,0.6551724137931034,0,0.0,1,0.03333333333333333,2,0.06666666666666667,0,0,40.09090909090909,145.67857142857142,114.70833333333333,0,-21.09722222222222,117.20833333333333,121.08333333333333,0,81.33333333333334,154.13333333333333,69.33333333333334,2,28.0,159.5,72.5,0,11.222222222222221,122.5,98.85714285714286,0,-45.80952380952381,85.07142857142857,129.11904761904762,0,52.1,144.2,111.33333333333333,0,-6.333333333333333,123.5,120.66666666666667,0,-14.611111111111109,117.0,109.5,0,-18.933333333333334,101.06666666666666,141.4,0,-90.33333333333333,93.83333333333333,142.33333333333334,1,7.0,88.0,128.0,0,-36.083333333333336,102.0,122.91666666666667,0,-1.6,120.1,130.2,1,-8.0,120.0,128.0,0,-24.8,118.0,108.2,0,-82.66666666666667,80.66666666666667,122.0,0,-62.833333333333336,83.88095238095238,130.3095238095238,0,-53.75,92.0,145.75,0,-69.4,124.2,125.4,0,-14.0,115.5,164.0,0,-19.4,103.2,120.5,1,-56.0,129.0,128.0,1,-88.0,96.0,128.0,1,-8.0,136.0,81.0
100001,1091153,135.03030303030303,32.668662445358535,136.0,40.0,-21.29230769230769,53.36311693033598,-32.0,56.0,114.21538461538462,38.42214598086822,104.0,40.0,66,7.528,8.767268862911797,105.20722635494154,0.7230769230769231,0,0.0,4,0.06060606060606061,6,0.09090909090909091,0,0,40.09090909090909,145.67857142857142,114.70833333333333,1,-72.0,88.0,136.0,3,82.66666666666667,154.66666666666666,66.66666666666667,0,22.944444444444443,132.72222222222223,119.16666666666667,0,11.222222222222221,122.5,98.85714285714286,0,-45.80952380952381,85.07142857142857,129.11904761904762,0,52.1,144.2,111.33333333333333,0,-6.333333333333333,123.5,120.66666666666667,0,-14.611111111111109,117.0,109.5,0,-18.933333333333334,101.06666666666666,141.4,0,-90.33333333333333,93.83333333333333,142.33333333333334,0,3.1,103.1,127.0,1,-48.0,96.0,137.0,0,-1.6,120.1,130.2,4,-14.0,116.0,132.0,1,-72.0,64.0,128.0,2,-76.0,76.0,124.0,1,-72.0,80.0,136.0,1,-16.0,112.0,136.0,2,-80.0,136.0,120.0,0,-14.0,115.5,164.0,0,-19.4,103.2,120.5,0,-57.5,124.16666666666667,125.16666666666667,2,-72.5,108.0,136.0,1,-32.0,112.0,144.0
100001,1091176,141.91666666666666,27.395128317924623,136.0,24.5,-6.869565217391305,113.78824893398763,-32.0,36.0,135.65217391304347,111.26412316631875,112.0,40.0,24,3.248,7.389162561576354,88.66995073891624,0.8260869565217391,0,0.0,0,0.0,2,0.08333333333333333,0,0,40.09090909090909,145.67857142857142,114.70833333333333,1,-24.0,144.0,176.0,0,81.33333333333334,154.13333333333333,69.33333333333334,0,22.944444444444443,132.72222222222223,119.16666666666667,0,11.222222222222221,122.5,98.85714285714286,0,-45.80952380952381,85.07142857142857,129.11904761904762,0,52.1,144.2,111.33333333333333,0,-6.333333333333333,123.5,120.66666666666667,0,-14.611111111111109,117.0,109.5,0,-18.933333333333334,101.06666666666666,141.4,0,-90.33333333333333,93.83333333333333,142.33333333333334,0,3.1,103.1,127.0,0,-36.083333333333336,102.0,122.91666666666667,1,-32.0,80.0,158.0,1,464.0,624.0,144.0,0,-24.8,118.0,108.2,0,-82.66666666666667,80.66666666666667,122.0,0,-62.833333333333336,83.88095238095238,130.3095238095238,0,-53.75,92.0,145.75,0,-69.4,124.2,125.4,0,-14.0,115.5,164.0,0,-19.4,103.2,120.5,0,-57.5,124.16666666666667,125.16666666666667,0,-80.3,102.2,128.2,0,-20.6,113.8,113.6
100001,1091185,129.06666666666666,23.034659874970057,128.0,38.0,-11.068965517241379,54.83890579310475,-16.0,64.0,119.13793103448276,44.13359353687395,120.0,57.0,30,3.551,8.448324415657561,101.37989298789073,0.6551724137931034,0,0.0,0,0.0,1,0.03333333333333333,0,0,40.09090909090909,145.67857142857142,114.70833333333333,1,-17.0,95.0,121.0,0,81.33333333333334,154.13333333333333,69.33333333333334,1,47.0,168.0,160.0,0,11.222222222222221,122.5,98.85714285714286,1,-95.0,65.0,159.0,0,52.1,144.2,111.33333333333333,1,-7.0,128.0,112.0,0,-14.611111111111109,117.0,109.5,0,-18.933333333333334,101.06666666666666,141.4,0,-90.33333333333333,93.83333333333333,142.33333333333334,1,39.0,151.0,128.0,0,-36.083333333333336,102.0,122.91666666666667,1,-8.0,145.0,129.0,0,109.66666666666667,239.33333333333334,126.0,0,-24.8,118.0,108.2,0,-82.66666666666667,80.66666666666667,122.0,1,-55.0,80.0,119.0,0,-53.75,92.0,145.75,1,-40.0,136.0,160.0,0,-14.0,115.5,164.0,1,-7.0,112.0,104.0,0,-57.5,124.16666666666667,125.16666666666667,0,-80.3,102.2,128.2,0,-20.6,113.8,113.6
100001,1091194,133.55882352941177,32.062614454762425,131.5,34.75,-2.606060606060606,91.41379094748378,-16.0,76.0,131.6060606060606,78.83659333150779,112.0,41.0,34,4.455,7.631874298540965,91.58249158249158,0.6060606060606061,0,0.0,0,0.0,2,0.058823529411764705,0,0,40.09090909090909,145.67857142857142,114.70833333333333,1,7.0,128.0,105.0,0,81.33333333333334,154.13333333333333,69.33333333333334,1,7.0,112.0,113.0,0,11.222222222222221,122.5,98.85714285714286,1,-24.0,89.0,119.0,0,52.1,144.2,111.33333333333333,1,17.0,129.0,120.0,1,-40.0,112.0,97.0,0,-18.933333333333334,101.06666666666666,141.4,1,-127.0,105.0,183.0,1,15.0,112.0,128.0,0,-36.083333333333336,102.0,122.91666666666667,1,0.0,120.0,143.0,1,160.0,304.0,152.0,1,-96.0,87.0,144.0,0,-82.66666666666667,80.66666666666667,122.0,1,-48.0,88.0,135.0,0,-53.75,92.0,145.75,0,-69.4,124.2,125.4,2,-12.0,136.0,176.0,0,-19.4,103.2,120.5,0,-57.5,124.16666666666667,125.16666666666667,0,-80.3,102.2,128.2,0,-20.6,113.8,113.6
100007,1091059,101.328125,42.9945689475354,87.0,48.0,85.82539682539682,154.29095784413803,63.0,93.5,187.14285714285714,150.63841466501538,148.0,91.0,64,11.892,5.381769256643122,64.58123107971747,0.15873015873015872,0,0.0,3,0.046875,1,0.015625,1,0,40.09090909090909,145.67857142857142,114.70833333333333,3,32.666666666666664,109.33333333333333,72.66666666666667,2,65.0,142.5,85.0,1,376.0,455.0,85.0,0,11.222222222222221,122.5,98.85714285714286,1,48.0,133.0,53.0,0,52.1,144.2,111.33333333333333,2,78.5,187.5,96.5,3,15.333333333333334,100.66666666666667,99.33333333333333,2,49.0,112.0,71.5,0,44.22222222222222,136.61111111111111,109.66666666666667,0,83.89393939393939,180.75757575757578,135.07575757575756,1,125.0,177.0,79.0,0,182.14285714285714,266.35714285714283,144.0,0,113.0,223.8,275.6,0,-70.5,114.5,116.25,1,-67.0,72.0,129.0,1,-67.0,82.0,130.0,0,-73.83333333333333,97.5,162.33333333333334,1,47.0,180.0,95.0,0,99.1,169.9,102.3,0,1.3571428571428572,128.21428571428572,78.21428571428571,0,-36.375,135.1875,95.4375,1,-38.0,115.0,70.0,0,247.33333333333334,338.5,85.16666666666667
100007,1091084,107.26785714285714,44.46085399838049,93.0,50.0,94.18181818181819,183.9094728796644,62.0,118.0,200.92727272727274,178.76158368523392,150.0,94.5,56,11.187,5.005810315544829,60.06972378653795,0.21818181818181817,0,0.0,0,0.0,1,0.017857142857142856,1,0,40.09090909090909,145.67857142857142,114.70833333333333,3,57.0,170.0,80.0,0,119.96666666666665,192.9,75.5,2,104.5,180.5,83.0,0,11.222222222222221,122.5,98.85714285714286,0,166.16666666666666,254.0,91.25,0,52.1,144.2,111.33333333333333,1,87.0,170.0,66.0,0,90.22222222222223,191.44444444444446,94.03703703703704,0,51.125,120.25,84.375,1,78.0,177.0,89.0,1,32.0,112.0,109.0,1,0.0,65.0,81.0,0,182.14285714285714,266.35714285714283,144.0,0,113.0,223.8,275.6,0,-70.5,114.5,116.25,0,-50.05555555555555,116.55555555555554,140.77777777777777,0,38.833333333333336,174.25,130.16666666666666,0,-73.83333333333333,97.5,162.33333333333334,0,63.6875,181.5625,83.0625,0,99.1,169.9,102.3,1,0.0,109.0,65.0,1,-52.0,150.0,101.0,1,-54.0,97.0,88.0,1,258.0,355.0,80.0
100007,1091107,101.49484536082474,47.42549745106783,88.0,36.0,133.3125,174.9367333554715,86.0,160.25,233.91666666666666,162.07956293815153,184.0,154.25,97,23.959,4.048582995951417,48.582995951417004,0.14583333333333334,0,0.0,13,0.13402061855670103,1,0.010309278350515464,2,0,40.09090909090909,145.67857142857142,114.70833333333333,4,48.75,155.0,85.25,8,51.5,118.0,67.5,0,145.30303030303028,236.37878787878788,88.42424242424242,0,11.222222222222221,122.5,98.85714285714286,0,166.16666666666666,254.0,91.25,0,52.1,144.2,111.33333333333333,2,78.0,167.5,88.5,1,32.0,120.0,92.0,0,51.125,120.25,84.375,0,44.22222222222222,136.61111111111111,109.66666666666667,3,76.33333333333333,170.33333333333334,146.33333333333334,2,23.5,105.0,94.5,1,477.0,569.0,186.0,0,113.0,223.8,275.6,0,-70.5,114.5,116.25,3,-74.33333333333333,100.33333333333333,215.66666666666666,2,-56.5,91.0,105.0,0,-73.83333333333333,97.5,162.33333333333334,1,109.0,204.0,80.0,0,99.1,169.9,102.3,1,-36.0,127.0,84.0,0,-36.375,135.1875,95.4375,0,-26.375,118.1875,87.0625,1,156.0,238.0,78.0
100007,1091156,112.1029411764706,55.828028936000344,98.0,43.25,61.196969696969695,108.03930537526044,55.0,93.5,173.86363636363637,94.74301547193996,152.5,91.75,68,17.097,3.9773059601099603,47.72767152131952,0.23880597014925373,1,0.014925373134328358,0,0.0,3,0.04411764705882353,0,0,40.09090909090909,145.67857142857142,114.70833333333333,2,172.0,273.5,91.5,0,119.96666666666665,192.9,75.5,2,102.5,213.0,84.0,0,11.222222222222221,122.5,98.85714285714286,0,166.16666666666666,254.0,91.25,0,52.1,144.2,111.33333333333333,0,58.25,152.54166666666666,83.54166666666667,0,90.22222222222223,191.44444444444446,94.03703703703704,0,51.125,120.25,84.375,3,25.333333333333332,128.66666666666666,111.0,1,0.0,97.0,101.0,2,40.0,123.5,102.0,1,47.0,162.0,89.0,1,236.0,321.0,302.0,1,-90.0,98.0,122.0,0,-50.05555555555555,116.55555555555554,140.77777777777777,1,-49.0,98.0,83.0,0,-73.83333333333333,97.5,162.33333333333334,0,63.6875,181.5625,83.0625,1,66.0,117.0,143.0,2,-7.5,114.0,68.0,2,-53.0,114.5,86.5,1,-50.0,133.0,102.0,0,247.33333333333334,338.5,85.16666666666667
100007,1091191,111.921875,56.57746478488034,91.0,50.0,63.714285714285715,119.16287753835066,48.0,101.5,175.9047619047619,102.18171089200025,147.0,81.5,64,11.177,5.7260445557842,68.7125346694104,0.23809523809523808,0,0.0,2,0.03125,1,0.015625,1,0,40.09090909090909,145.67857142857142,114.70833333333333,2,31.0,114.0,99.0,1,157.0,246.0,48.0,0,145.30303030303028,236.37878787878788,88.42424242424242,0,11.222222222222221,122.5,98.85714285714286,0,166.16666666666666,254.0,91.25,0,52.1,144.2,111.33333333333333,0,58.25,152.54166666666666,83.54166666666667,1,16.0,193.0,97.0,0,51.125,120.25,84.375,1,64.0,131.0,87.0,2,133.5,245.0,135.5,1,63.0,145.0,105.0,0,182.14285714285714,266.35714285714283,144.0,0,113.0,223.8,275.6,0,-70.5,114.5,116.25,0,-50.05555555555555,116.55555555555554,140.77777777777777,0,38.833333333333336,174.25,130.16666666666666,1,-49.0,113.0,180.0,2,36.0,215.0,106.0,2,140.5,226.5,90.5,1,-49.0,94.0,65.0,0,-36.375,135.1875,95.4375,1,-43.0,120.0,118.0,0,247.33333333333334,338.5,85.16666666666667
100007,1091220,119.36842105263158,53.212296289995734,99.0,60.0,102.51351351351352,181.43893643653996,48.0,141.0,221.2972972972973,167.2046593274347,158.0,105.0,38,8.329,4.562372433665506,54.74846920398607,0.24324324324324326,0,0.0,0,0.0,2,0.05263157894736842,1,0,40.09090909090909,145.67857142857142,114.70833333333333,0,58.28846153846154,146.51282051282053,82.30128205128206,0,119.96666666666665,192.9,75.5,1,31.0,119.0,67.0,0,11.222222222222221,122.5,98.85714285714286,0,166.16666666666666,254.0,91.25,0,52.1,144.2,111.33333333333333,0,58.25,152.54166666666666,83.54166666666667,3,52.666666666666664,158.33333333333334,88.0,0,51.125,120.25,84.375,1,65.0,153.0,119.0,1,16.0,99.0,151.0,0,64.66666666666667,148.92592592592592,90.16666666666667,1,422.0,497.0,155.0,1,142.0,233.0,249.0,1,-49.0,160.0,91.0,0,-50.05555555555555,116.55555555555554,140.77777777777777,0,38.833333333333336,174.25,130.16666666666666,0,-73.83333333333333,97.5,162.33333333333334,1,53.0,147.0,77.0,0,99.1,169.9,102.3,2,70.0,204.5,138.5,1,-58.0,136.0,85.0,0,-26.375,118.1875,87.0625,0,247.33333333333334,338.5,85.16666666666667
100007,1091245,112.65789473684211,49.77437319692549,97.5,52.25,140.97297297297297,358.81844287217945,63.0,132.0,253.83783783783784,349.2696250760012,165.0,111.0,38,9.497,4.0012635569127095,48.01516268295251,0.21621621621621623,0,0.0,2,0.05263157894736842,1,0.02631578947368421,1,0,40.09090909090909,145.67857142857142,114.70833333333333,1,62.0,130.0,49.0,1,48.0,98.0,96.0,2,125.0,216.0,149.0,0,11.222222222222221,122.5,98.85714285714286,1,19.0,108.0,75.0,0,52.1,144.2,111.33333333333333,1,16.0,95.0,80.0,0,90.22222222222223,191.44444444444446,94.03703703703704,1,28.0,103.0,68.0,0,44.22222222222222,136.61111111111111,109.66666666666667,0,83.89393939393939,180.75757575757578,135.07575757575756,1,78.0,208.0,97.0,1,109.0,207.0,81.0,0,113.0,223.8,275.6,0,-70.5,114.5,116.25,0,-50.05555555555555,116.55555555555554,140.77777777777777,0,38.833333333333336,174.25,130.16666666666666,1,-87.0,112.0,154.0,0,63.6875,181.5625,83.0625,0,99.1,169.9,102.3,0,1.3571428571428572,128.21428571428572,78.21428571428571,1,63.0,189.0,96.0,0,-26.375,118.1875,87.0625,0,247.33333333333334,338.5,85.16666666666667
100007,1091265,101.26530612244898,45.71731039556295,87.0,52.0,121.04166666666667,179.06830148639438,80.0,162.75,221.79166666666666,163.49655428751055,176.5,141.75,49,10.772,4.548830300779799,54.58596360935759,0.20833333333333334,0,0.0,3,0.061224489795918366,1,0.02040816326530612,0,0,40.09090909090909,145.67857142857142,114.70833333333333,1,63.0,149.0,87.0,0,119.96666666666665,192.9,75.5,1,208.0,275.0,65.0,0,11.222222222222221,122.5,98.85714285714286,0,166.16666666666666,254.0,91.25,0,52.1,144.2,111.33333333333333,0,58.25,152.54166666666666,83.54166666666667,2,40.0,135.0,77.5,0,51.125,120.25,84.375,1,81.0,165.0,87.0,1,126.0,213.0,128.0,0,64.66666666666667,148.92592592592592,90.16666666666667,0,182.14285714285714,266.35714285714283,144.0,0,113.0,223.8,275.6,0,-70.5,114.5,116.25,1,-97.0,68.0,151.0,0,38.833333333333336,174.25,130.16666666666666,0,-73.83333333333333,97.5,162.33333333333334,1,94.0,187.0,79.0,1,79.0,146.0,88.0,1,-32.0,96.0,51.0,0,-36.375,135.1875,95.4375,2,-52.5,111.0,118.5,1,16.0,99.0,67.0
100007,1091294,110.80701754385964,47.24532413380677,102.0,56.0,117.52727272727273,212.9605046221614,47.0,179.5,227.27272727272728,202.1898706702512,146.0,144.0,57,18.353,3.1057592764125754,37.269111316950905,0.26785714285714285,1,0.017857142857142856,3,0.05263157894736842,1,0.017543859649122806,1,0,40.09090909090909,145.67857142857142,114.70833333333333,1,31.0,97.0,86.0,0,119.96666666666665,192.9,75.5,0,145.30303030303028,236.37878787878788,88.42424242424242,0,11.222222222222221,122.5,98.85714285714286,0,166.16666666666666,254.0,91.25,0,52.1,144.2,111.33333333333333,0,58.25,152.54166666666666,83.54166666666667,2,-1.0,117.5,69.5,0,51.125,120.25,84.375,0,44.22222222222222,136.61111111111111,109.66666666666667,1,203.0,347.0,195.0,0,64.66666666666667,148.92592592592592,90.16666666666667,2,47.0,122.5,167.0,0,113.0,223.8,275.6,0,-70.5,114.5,116.25,2,-56.5,165.0,106.5,2,-63.5,81.5,153.0,0,-73.83333333333333,97.5,162.33333333333334,0,63.6875,181.5625,83.0625,0,99.1,169.9,102.3,0,1.3571428571428572,128.21428571428572,78.21428571428571,1,-52.0,114.0,99.0,1,-32.0,102.0,68.0,1,913.0,1048.0,107.0
100007,1091322,114.45,83.6594136962482,94.5,52.5,141.17948717948718,196.873624933887,94.0,180.0,257.28205128205127,181.79531300803572,201.0,175.5,40,10.084,3.9666798889329633,47.60015866719556,0.23076923076923078,0,0.0,7,0.175,1,0.025,0,0,40.09090909090909,145.67857142857142,114.70833333333333,1,0.0,66.0,67.0,3,278.3333333333333,360.0,81.0,0,145.30303030303028,236.37878787878788,88.42424242424242,0,11.222222222222221,122.5,98.85714285714286,0,166.16666666666666,254.0,91.25,0,52.1,144.2,111.33333333333333,0,58.25,152.54166666666666,83.54166666666667,0,90.22222222222223,191.44444444444446,94.03703703703704,0,51.125,120.25,84.375,0,44.22222222222222,136.61111111111111,109.66666666666667,2,86.0,194.0,134.0,0,64.66666666666667,148.92592592592592,90.16666666666667,0,182.14285714285714,266.35714285714283,144.0,0,113.0,223.8,275.6,1,-58.0,120.0,118.0,2,52.5,177.5,120.5,1,522.0,592.0,97.0,0,-73.83333333333333,97.5,162.33333333333334,2,26.5,202.5,114.5,0,99.1,169.9,102.3,0,1.3571428571428572,128.21428571428572,78.21428571428571,0,-36.375,135.1875,95.4375,0,-26.375,118.1875,87.0625,0,247.33333333333334,338.5,85.16666666666667
100007,1091343,110.21153846153847,71.70514854877834,92.5,40.0,96.70588235294117,200.4250673255637,62.0,90.5,207.45098039215685,194.92374715493537,157.0,86.5,52,10.663,4.87667635749789,58.52011628997468,0.17647058823529413,0,0.0,0,0.0,1,0.019230769230769232,1,0,40.09090909090909,145.67857142857142,114.70833333333333,2,78.0,146.5,82.5,0,119.96666666666665,192.9,75.5,1,393.0,491.0,81.0,0,11.222222222222221,122.5,98.85714285714286,1,31.0,112.0,123.0,0,52.1,144.2,111.33333333333333,4,43.0,161.25,72.25,0,90.22222222222223,191.44444444444446,94.03703703703704,1,97.0,175.0,87.0,0,44.22222222222222,136.61111111111111,109.66666666666667,1,41.0,121.0,114.0,1,49.0,148.0,80.0,1,109.0,157.0,164.0,0,113.0,223.8,275.6,0,-70.5,114.5,116.25,0,-50.05555555555555,116.55555555555554,140.77777777777777,0,38.833333333333336,174.25,130.16666666666666,0,-73.83333333333333,97.5,162.33333333333334,1,66.0,153.0,52.0,1,100.0,185.0,77.0,0,1.3571428571428572,128.21428571428572,78.21428571428571,0,-36.375,135.1875,95.4375,0,-26.375,118.1875,87.0625,1,78.0,162.0,98.0
100007,1091372,113.6231884057971,55.489417047999545,99.0,55.0,63.411764705882355,114.36091414955158,64.0,109.0,177.23529411764707,102.41037942097856,150.0,82.5,69,12.152,5.678077682685978,68.13693219223174,0.23529411764705882,0,0.0,2,0.028985507246376812,2,0.028985507246376812,0,0,40.09090909090909,145.67857142857142,114.70833333333333,0,58.28846153846154,146.51282051282053,82.30128205128206,0,119.96666666666665,192.9,75.5,3,121.0,232.66666666666666,140.0,0,11.222222222222221,122.5,98.85714285714286,0,166.16666666666666,254.0,91.25,0,52.1,144.2,111.33333333333333,0,58.25,152.54166666666666,83.54166666666667,2,47.0,156.5,104.0,0,51.125,120.25,84.375,0,44.22222222222222,136.61111111111111,109.66666666666667,1,79.0,162.0,181.0,3,109.0,189.33333333333334,94.0,1,64.0,150.0,166.0,1,31.0,138.0,282.0,0,-70.5,114.5,116.25,0,-50.05555555555555,116.55555555555554,140.77777777777777,0,38.833333333333336,174.25,130.16666666666666,0,-73.83333333333333,97.5,162.33333333333334,0,63.6875,181.5625,83.0625,0,99.1,169.9,102.3,1,64.0,153.0,76.0,1,-67.0,134.0,114.0,2,-35.5,118.5,67.0,0,247.33333333333334,338.5,85.16666666666667
100007,1091395,132.21428571428572,70.27870900048968,98.0,82.0,84.14814814814815,187.2763265780559,47.0,158.5,217.77777777777777,194.29689639985833,148.0,100.0,28,5.974,4.686976899899564,56.24372279879478,0.2962962962962963,0,0.0,0,0.0,2,0.07142857142857142,1,0,40.09090909090909,145.67857142857142,114.70833333333333,1,63.0,174.0,98.0,0,119.96666666666665,192.9,75.5,1,46.0,144.0,69.0,0,11.222222222222221,122.5,98.85714285714286,1,235.0,370.0,86.0,0,52.1,144.2,111.33333333333333,1,47.0,134.0,98.0,1,532.0,581.0,97.0,0,51.125,120.25,84.375,0,44.22222222222222,136.61111111111111,109.66666666666667,1,130.0,228.0,91.0,0,64.66666666666667,148.92592592592592,90.16666666666667,0,182.14285714285714,266.35714285714283,144.0,1,188.0,337.0,280.0,0,-70.5,114.5,116.25,0,-50.05555555555555,116.55555555555554,140.77777777777777,0,38.833333333333336,174.25,130.16666666666666,0,-73.83333333333333,97.5,162.33333333333334,0,63.6875,181.5625,83.0625,0,99.1,169.9,102.3,0,1.3571428571428572,128.21428571428572,78.21428571428571,1,-72.0,116.0,98.0,0,-26.375,118.1875,87.0625,0,247.33333333333334,338.5,85.16666666666667
100007,1091411,103.70588235294117,39.9873970918618,89.0,48.0,93.16326530612245,174.36559608919947,46.0,94.0,197.44897959183675,168.01519139582317,134.0,81.0,51,18.458,2.763029580669629,33.15635496803554,0.18,1,0.02,0,0.0,1,0.0196078431372549,1,0,40.09090909090909,145.67857142857142,114.70833333333333,3,104.33333333333333,208.33333333333334,85.0,0,119.96666666666665,192.9,75.5,3,23.333333333333332,124.0,72.66666666666667,0,11.222222222222221,122.5,98.85714285714286,2,23.0,83.0,119.5,0,52.1,144.2,111.33333333333333,0,58.25,152.54166666666666,83.54166666666667,0,90.22222222222223,191.44444444444446,94.03703703703704,2,30.5,91.0,111.0,1,-48.0,65.0,165.0,0,83.89393939393939,180.75757575757578,135.07575757575756,2,94.5,179.5,79.0,0,182.14285714285714,266.35714285714283,144.0,0,113.0,223.8,275.6,1,-85.0,80.0,134.0,2,-58.0,116.5,122.0,1,-53.0,101.0,213.0,0,-73.83333333333333,97.5,162.33333333333334,1,78.0,164.0,61.0,1,110.0,175.0,113.0,0,1.3571428571428572,128.21428571428572,78.21428571428571,1,0.0,128.0,84.0,1,94.0,149.0,65.0,1,63.0,129.0,81.0
100007,1091430,136.0,56.269758434577575,126.5,70.75,41.44444444444444,149.31630193884175,15.0,115.5,175.77777777777777,139.59606630702407,136.0,90.5,28,4.927,5.682971382179826,68.19565658615791,0.37037037037037035,0,0.0,0,0.0,2,0.07142857142857142,1,0,40.09090909090909,145.67857142857142,114.70833333333333,1,15.0,112.0,87.0,0,119.96666666666665,192.9,75.5,1,68.0,150.0,77.0,0,11.222222222222221,122.5,98.85714285714286,1,641.0,718.0,91.0,0,52.1,144.2,111.33333333333333,0,58.25,152.54166666666666,83.54166666666667,1,78.0,161.0,122.0,0,51.125,120.25,84.375,0,44.22222222222222,136.61111111111111,109.66666666666667,0,83.89393939393939,180.75757575757578,135.07575757575756,0,64.66666666666667,148.92592592592592,90.16666666666667,0,182.14285714285714,266.35714285714283,144.0,1,-32.0,90.0,265.0,0,-70.5,114.5,116.25,0,-50.05555555555555,116.55555555555554,140.77777777777777,0,38.833333333333336,174.25,130.16666666666666,2,-85.5,67.5,153.0,0,63.6875,181.5625,83.0625,0,99.1,169.9,102.3,0,1.3571428571428572,128.21428571428572,78.21428571428571,0,-36.375,135.1875,95.4375,0,-26.375,118.1875,87.0625,0,247.33333333333334,338.5,85.16666666666667
100031,1091423,153.8,34.41380536935722,158.5,40.25,32.30769230769231,131.5404108417567,-16.0,100.0,187.17948717948718,133.0557761963914,144.0,95.5,40,7.412,5.396654074473826,64.75984889368591,0.5384615384615384,0,0.0,0,0.0,2,0.05,0,0,40.09090909090909,145.67857142857142,114.70833333333333,0,-47.75,109.8125,188.59375,0,100.0,182.66666666666666,89.33333333333333,1,-56.0,104.0,152.0,0,11.222222222222221,122.5,98.85714285714286,1,-16.0,136.0,96.0,0,52.1,144.2,111.33333333333333,1,-104.0,80.0,177.0,1,-32.0,104.0,176.0,0,-32.57142857142857,100.42857142857143,164.14285714285714,1,535.0,719.0,96.0,0,14.25,199.41666666666666,179.125,0,92.2,212.7,183.2,1,47.0,224.0,136.0,1,16.0,216.0,224.0,1,-40.0,136.0,160.0,0,-55.6,117.4,182.0,1,-24.0,136.0,120.0,0,-52.4,122.4,146.0,1,-56.0,120.0,176.0,0,37.25,196.25,159.75,0,-19.75,156.25,128.0,0,-39.55555555555555,100.8888888888889,168.16666666666666,0,64.5,160.0,99.6875,0,-42.333333333333336,74.66666666666667,167.66666666666666
100031,1091440,163.66666666666666,36.47982699764046,160.5,41.75,-8.588235294117647,108.40341801835531,-40.0,103.0,160.0,124.79159096858484,136.0,80.0,18,2.8,6.428571428571429,77.14285714285715,0.6470588235294118,0,0.0,0,0.0,1,0.05555555555555555,0,0,40.09090909090909,145.67857142857142,114.70833333333333,1,-64.0,120.0,185.0,0,100.0,182.66666666666666,89.33333333333333,1,16.0,159.0,205.0,0,11.222222222222221,122.5,98.85714285714286,2,-82.5,100.0,136.0,0,52.1,144.2,111.33333333333333,2,-40.0,148.5,143.5,0,-20.5,132.1,174.1,1,-80.0,56.0,184.0,0,55.44444444444444,216.11111111111111,133.44444444444446,0,14.25,199.41666666666666,179.125,0,92.2,212.7,183.2,0,64.75,251.58333333333334,187.16666666666666,0,103.1,287.3,186.3,0,-36.666666666666664,132.0,189.58333333333334,1,-64.0,120.0,200.0,0,6.0,163.0,137.75,0,-52.4,122.4,146.0,0,-23.75,139.66666666666666,169.91666666666666,1,41.0,185.0,143.0,0,-19.75,156.25,128.0,0,-39.55555555555555,100.8888888888889,168.16666666666666,0,64.5,160.0,99.6875,0,-42.333333333333336,74.66666666666667,167.66666666666666
100031,1091446,169.95454545454547,30.260200793552503,176.0,44.25,-1.2857142857142858,45.73437058778905,16.0,50.0,171.04761904761904,51.886759656625294,177.0,55.0,22,3.712,5.926724137931034,71.12068965517241,0.47619047619047616,0,0.0,0,0.0,1,0.045454545454545456,0,0,40.09090909090909,145.67857142857142,114.70833333333333,0,-47.75,109.8125,188.59375,0,100.0,182.66666666666666,89.33333333333333,0,17.984848484848484,193.34848484848487,163.37878787878788,0,11.222222222222221,122.5,98.85714285714286,0,-71.25,94.1,122.25,0,52.1,144.2,111.33333333333333,0,-23.0,138.5625,164.9375,0,-20.5,132.1,174.1,0,-32.57142857142857,100.42857142857143,164.14285714285714,0,55.44444444444444,216.11111111111111,133.44444444444446,0,14.25,199.41666666666666,179.125,0,92.2,212.7,183.2,0,64.75,251.58333333333334,187.16666666666666,0,103.1,287.3,186.3,2,-4.0,144.0,207.5,1,-55.0,121.0,159.0,1,16.0,200.0,160.0,0,-52.4,122.4,146.0,0,-23.75,139.66666666666666,169.91666666666666,0,37.25,196.25,159.75,1,-40.0,184.0,160.0,0,-39.55555555555555,100.8888888888889,168.16666666666666,0,64.5,160.0,99.6875,0,-42.333333333333336,74.66666666666667,167.66666666666666
100031,1091456,152.88888888888889,45.26635847819596,160.0,58.0,43.42857142857143,146.58713366152583,-16.0,107.5,197.94285714285715,132.74270340068583,152.0,132.0,36,7.024,5.125284738041002,61.50341685649203,0.6,0,0.0,3,0.08333333333333333,1,0.027777777777777776,0,0,40.09090909090909,145.67857142857142,114.70833333333333,2,-52.0,80.0,192.0,1,96.0,176.0,104.0,3,21.333333333333332,221.33333333333334,138.66666666666666,0,11.222222222222221,122.5,98.85714285714286,1,-80.0,80.0,120.0,0,52.1,144.2,111.33333333333333,0,-23.0,138.5625,164.9375,2,-31.5,124.5,199.5,1,-16.0,104.0,176.0,0,55.44444444444444,216.11111111111111,133.44444444444446,2,-16.0,184.0,172.5,0,92.2,212.7,183.2,0,64.75,251.58333333333334,187.16666666666666,0,103.1,287.3,186.3,0,-36.666666666666664,132.0,189.58333333333334,0,-55.6,117.4,182.0,0,6.0,163.0,137.75,0,-52.4,122.4,146.0,1,-64.0,112.0,144.0,0,37.25,196.25,159.75,0,-19.75,156.25,128.0,0,-39.55555555555555,100.8888888888889,168.16666666666666,0,64.5,160.0,99.6875,0,-42.333333333333336,74.66666666666667,167.66666666666666
100031,1091467,154.08333333333334,33.55333647923689,159.5,40.25,39.40425531914894,106.05591852524161,16.0,108.5,195.06382978723406,113.50084904646705,176.0,104.0,48,9.248,5.190311418685122,62.28373702422146,0.46808510638297873,0,0.0,0,0.0,3,0.0625,0,0,40.09090909090909,145.67857142857142,114.70833333333333,0,-47.75,109.8125,188.59375,0,100.0,182.66666666666666,89.33333333333333,1,-16.0,184.0,152.0,0,11.222222222222221,122.5,98.85714285714286,1,-81.0,80.0,136.0,0,52.1,144.2,111.33333333333333,0,-23.0,138.5625,164.9375,1,-40.0,96.0,184.0,0,-32.57142857142857,100.42857142857143,164.14285714285714,1,-17.0,183.0,160.0,0,14.25,199.41666666666666,179.125,0,92.2,212.7,183.2,1,41.0,241.0,135.0,2,188.5,364.5,163.5,1,-40.0,144.0,216.0,0,-55.6,117.4,182.0,0,6.0,163.0,137.75,0,-52.4,122.4,146.0,1,-24.0,152.0,184.0,0,37.25,196.25,159.75,0,-19.75,156.25,128.0,3,-21.333333333333332,130.33333333333334,192.0,0,64.5,160.0,99.6875,0,-42.333333333333336,74.66666666666667,167.66666666666666
100031,1091483,156.13333333333333,35.97752384784454,160.0,40.0,52.47727272727273,194.0022830976673,-20.0,106.0,210.3409090909091,184.47603234096414,144.5,66.25,45,9.335,4.8205677557579,57.8468130690948,0.5227272727272727,0,0.0,1,0.022222222222222223,2,0.044444444444444446,0,0,40.09090909090909,145.67857142857142,114.70833333333333,4,-50.0,123.75,164.0,0,100.0,182.66666666666666,89.33333333333333,1,-16.0,144.0,193.0,0,11.222222222222221,122.5,98.85714285714286,1,-57.0,136.0,136.0,0,52.1,144.2,111.33333333333333,0,-23.0,138.5625,164.9375,1,-24.0,136.0,160.0,2,-48.0,92.0,168.0,1,-40.0,144.0,176.0,0,14.25,199.41666666666666,179.125,0,92.2,212.7,183.2,1,48.0,248.0,256.0,1,119.0,296.0,144.0,1,-40.0,136.0,177.0,1,-39.0,145.0,215.0,2,16.0,156.0,152.0,0,-52.4,122.4,146.0,0,-23.75,139.66666666666666,169.91666666666666,1,16.0,152.0,184.0,0,-19.75,156.25,128.0,0,-39.55555555555555,100.8888888888889,168.16666666666666,0,64.5,160.0,99.6875,0,-42.333333333333336,74.66666666666667,167.66666666666666
100031,1091495,159.03125,33.86506715536675,160.0,40.5,34.03225806451613,139.1264182308301,-25.0,140.5,194.8709677419355,133.22494727521132,144.0,136.0,32,6.144,5.208333333333333,62.5,0.5161290322580645,0,0.0,0,0.0,1,0.03125,0,0,40.09090909090909,145.67857142857142,114.70833333333333,1,-40.0,120.0,216.0,0,100.0,182.66666666666666,89.33333333333333,1,72.0,272.0,177.0,0,11.222222222222221,122.5,98.85714285714286,0,-71.25,94.1,122.25,0,52.1,144.2,111.33333333333333,0,-23.0,138.5625,164.9375,0,-20.5,132.1,174.1,0,-32.57142857142857,100.42857142857143,164.14285714285714,0,55.44444444444444,216.11111111111111,133.44444444444446,0,14.25,199.41666666666666,179.125,2,-60.0,87.5,180.0,1,-40.0,136.0,200.0,0,103.1,287.3,186.3,0,-36.666666666666664,132.0,189.58333333333334,0,-55.6,117.4,182.0,0,6.0,163.0,137.75,1,-56.0,104.0,168.0,0,-23.75,139.66666666666666,169.91666666666666,0,37.25,196.25,159.75,0,-19.75,156.25,128.0,1,-56.0,80.0,176.0,0,64.5,160.0,99.6875,0,-42.333333333333336,74.66666666666667,167.66666666666666
100031,1091508,156.8125,37.25400216196017,159.0,47.0,39.319148936170215,108.39920435897429,23.0,112.0,197.7659574468085,108.11739340179355,176.0,116.5,48,9.375,5.12,61.44,0.44680851063829785,0,0.0,0,0.0,1,0.020833333333333332,0,0,40.09090909090909,145.67857142857142,114.70833333333333,4,4.0,165.75,168.25,0,100.0,182.66666666666666,89.33333333333333,0,17.984848484848484,193.34848484848487,163.37878787878788,0,11.222222222222221,122.5,98.85714285714286,0,-71.25,94.1,122.25,0,52.1,144.2,111.33333333333333,2,112.0,240.0,176.0,0,-20.5,132.1,174.1,0,-32.57142857142857,100.42857142857143,164.14285714285714,0,55.44444444444444,216.11111111111111,133.44444444444446,3,-8.0,205.66666666666666,168.0,0,92.2,212.7,183.2,2,232.5,424.5,215.5,0,103.1,287.3,186.3,1,-56.0,120.0,193.0,1,-40.0,80.0,144.0,0,6.0,163.0,137.75,1,-39.0,120.0,159.0,2,8.5,148.0,179.5,0,37.25,196.25,159.75,0,-19.75,156.25,128.0,0,-39.55555555555555,100.8888888888889,168.16666666666666,0,64.5,160.0,99.6875,0,-42.333333333333336,74.66666666666667,167.66666666666666
100031,1091522,137.13793103448276,29.624924429330104,137.0,40.0,47.07142857142857,85.2701289899293,25.0,105.75,186.25,92.6832644008615,163.5,114.0,29,5.295,5.476864966949953,65.72237960339943,0.2857142857142857,0,0.0,0,0.0,1,0.034482758620689655,0,0,40.09090909090909,145.67857142857142,114.70833333333333,0,-47.75,109.8125,188.59375,0,100.0,182.66666666666666,89.33333333333333,0,17.984848484848484,193.34848484848487,163.37878787878788,0,11.222222222222221,122.5,98.85714285714286,1,-80.0,81.0,119.0,0,52.1,144.2,111.33333333333333,0,-23.0,138.5625,164.9375,1,25.0,200.0,151.0,1,17.0,136.0,144.0,1,48.0,167.0,121.0,0,14.25,199.41666666666666,179.125,0,92.2,212.7,183.2,0,64.75,251.58333333333334,187.16666666666666,0,103.1,287.3,186.3,0,-36.666666666666664,132.0,189.58333333333334,0,-55.6,117.4,182.0,1,16.0,160.0,119.0,0,-52.4,122.4,146.0,1,-31.0,105.0,216.0,0,37.25,196.25,159.75,0,-19.75,156.25,128.0,0,-39.55555555555555,100.8888888888889,168.16666666666666,0,64.5,160.0,99.6875,1,-23.0,96.0,160.0
100031,1091537,153.08510638297872,38.536431940318636,144.0,41.5,30.891304347826086,100.2419308822128,-15.5,133.0,185.2173913043478,96.66862110446276,159.5,124.0,47,8.616,5.454967502321263,65.45961002785515,0.5217391304347826,0,0.0,1,0.02127659574468085,1,0.02127659574468085,1,0,40.09090909090909,145.67857142857142,114.70833333333333,2,-60.0,124.0,191.5,0,100.0,182.66666666666666,89.33333333333333,2,-36.0,144.5,155.5,0,11.222222222222221,122.5,98.85714285714286,1,-56.0,120.0,136.0,0,52.1,144.2,111.33333333333333,1,-40.0,104.0,151.0,0,-20.5,132.1,174.1,1,-56.0,80.0,176.0,1,-39.0,160.0,136.0,1,-15.0,136.0,216.0,0,92.2,212.7,183.2,0,64.75,251.58333333333334,187.16666666666666,0,103.1,287.3,186.3,0,-36.666666666666664,132.0,189.58333333333334,1,-80.0,121.0,192.0,0,6.0,163.0,137.75,1,-63.0,136.0,135.0,1,24.0,201.0,120.0,0,37.25,196.25,159.75,1,-39.0,121.0,120.0,1,-40.0,112.0,160.0,0,64.5,160.0,99.6875,1,-40.0,96.0,159.0
100031,1091553,150.3448275862069,32.16688794618912,152.0,56.0,60.0,135.68950901651482,47.5,114.0,212.82142857142858,123.60191098020768,188.0,122.0,29,6.04,4.801324503311259,57.615894039735096,0.32142857142857145,0,0.0,1,0.034482758620689655,2,0.06896551724137931,0,0,40.09090909090909,145.67857142857142,114.70833333333333,0,-47.75,109.8125,188.59375,0,100.0,182.66666666666666,89.33333333333333,0,17.984848484848484,193.34848484848487,163.37878787878788,0,11.222222222222221,122.5,98.85714285714286,0,-71.25,94.1,122.25,0,52.1,144.2,111.33333333333333,1,-24.0,120.0,176.0,0,-20.5,132.1,174.1,0,-32.57142857142857,100.42857142857143,164.14285714285714,2,-12.0,148.0,136.0,1,96.0,272.0,160.0,1,609.0,704.0,176.0,0,64.75,251.58333333333334,187.16666666666666,1,96.0,248.0,224.0,1,-40.0,112.0,184.0,0,-55.6,117.4,182.0,0,6.0,163.0,137.75,0,-52.4,122.4,146.0,0,-23.75,139.66666666666666,169.91666666666666,2,44.0,224.0,168.0,0,-19.75,156.25,128.0,0,-39.55555555555555,100.8888888888889,168.16666666666666,0,64.5,160.0,99.6875,0,-42.333333333333336,74.66666666666667,167.66666666666666
100031,1091564,138.52631578947367,25.96225685805136,136.0,40.0,24.88888888888889,82.3602445148338,-24.0,98.0,165.77777777777777,82.87309947916724,140.0,112.0,19,3.08,6.1688311688311686,74.02597402597402,0.5555555555555556,0,0.0,0,0.0,1,0.05263157894736842,0,0,40.09090909090909,145.67857142857142,114.70833333333333,0,-47.75,109.8125,188.59375,0,100.0,182.66666666666666,89.33333333333333,1,64.0,264.0,160.0,0,11.222222222222221,122.5,98.85714285714286,0,-71.25,94.1,122.25,0,52.1,144.2,111.33333333333333,1,-24.0,136.0,160.0,0,-20.5,132.1,174.1,0,-32.57142857142857,100.42857142857143,164.14285714285714,0,55.44444444444444,216.11111111111111,133.44444444444446,0,14.25,199.41666666666666,179.125,1,-24.0,96.0,200.0,0,64.75,251.58333333333334,187.16666666666666,0,103.1,287.3,186.3,0,-36.666666666666664,132.0,189.58333333333334,0,-55.6,117.4,182.0,0,6.0,163.0,137.75,1,-40.0,144.0,120.0,0,-23.75,139.66666666666666,169.91666666666666,0,37.25,196.25,159.75,0,-19.75,156.25,128.0,1,-40.0,96.0,136.0,0,64.5,160.0,99.6875,0,-42.333333333333336,74.66666666666667,167.66666666666666
100031,1091572,144.47169811320754,35.54407509663041,144.0,56.0,53.82692307692308,175.90488264026783,16.0,140.0,199.07692307692307,165.55534121832844,160.0,107.0,53,10.456,5.068859984697782,60.82631981637338,0.4807692307692308,0,0.0,1,0.018867924528301886,1,0.018867924528301886,0,0,40.09090909090909,145.67857142857142,114.70833333333333,1,-64.0,81.0,176.0,0,100.0,182.66666666666666,89.33333333333333,2,88.5,268.0,124.0,0,11.222222222222221,122.5,98.85714285714286,2,-64.0,60.0,103.5,0,52.1,144.2,111.33333333333333,2,-48.0,120.0,176.0,0,-20.5,132.1,174.1,1,-25.0,119.0,161.0,1,16.0,160.0,120.0,0,14.25,199.41666666666666,179.125,1,-40.0,80.0,200.0,2,60.0,236.0,180.5,0,103.1,287.3,186.3,0,-36.666666666666664,132.0,189.58333333333334,0,-55.6,117.4,182.0,0,6.0,163.0,137.75,2,-64.0,108.0,148.0,0,-23.75,139.66666666666666,169.91666666666666,1,48.0,224.0,144.0,1,-16.0,144.0,96.0,1,-41.0,79.0,137.0,0,64.5,160.0,99.6875,0,-42.333333333333336,74.66666666666667,167.66666666666666
100031,1091585,145.58333333333334,45.33019290593069,136.0,58.25,21.70212765957447,83.33370876631892,24.0,119.5,169.19148936170214,77.64420716507085,160.0,76.0,48,8.008,5.994005994005994,71.92807192807193,0.425531914893617,0,0.0,3,0.0625,2,0.041666666666666664,0,0,40.09090909090909,145.67857142857142,114.70833333333333,1,-56.0,64.0,216.0,2,104.0,184.0,80.0,4,44.0,230.0,180.0,0,11.222222222222221,122.5,98.85714285714286,2,-116.0,68.0,136.0,0,52.1,144.2,111.33333333333333,0,-23.0,138.5625,164.9375,0,-20.5,132.1,174.1,2,-20.0,116.0,140.0,1,48.0,184.0,136.0,0,14.25,199.41666666666666,179.125,1,-24.0,96.0,160.0,0,64.75,251.58333333333334,187.16666666666666,1,96.0,312.0,176.0,0,-36.666666666666664,132.0,189.58333333333334,0,-55.6,117.4,182.0,0,6.0,163.0,137.75,0,-52.4,122.4,146.0,0,-23.75,139.66666666666666,169.91666666666666,0,37.25,196.25,159.75,0,-19.75,156.25,128.0,2,-39.0,108.0,208.0,0,64.5,160.0,99.6875,0,-42.333333333333336,74.66666666666667,167.66666666666666
100031,1091600,133.93548387096774,35.31054442155366,136.0,44.0,48.53333333333333,204.0332870445953,16.0,84.0,185.06666666666666,190.74851390130294,144.0,74.0,31,5.608,5.527817403708988,66.33380884450786,0.4666666666666667,0,0.0,3,0.0967741935483871,1,0.03225806451612903,0,0,40.09090909090909,145.67857142857142,114.70833333333333,0,-47.75,109.8125,188.59375,2,100.0,188.0,84.0,1,16.0,136.0,160.0,0,11.222222222222221,122.5,98.85714285714286,1,-80.0,80.0,104.0,0,52.1,144.2,111.33333333333333,1,-16.0,160.0,160.0,0,-20.5,132.1,174.1,0,-32.57142857142857,100.42857142857143,164.14285714285714,1,-40.0,80.0,120.0,0,14.25,199.41666666666666,179.125,0,92.2,212.7,183.2,0,64.75,251.58333333333334,187.16666666666666,0,103.1,287.3,186.3,0,-36.666666666666664,132.0,189.58333333333334,0,-55.6,117.4,182.0,0,6.0,163.0,137.75,0,-52.4,122.4,146.0,0,-23.75,139.66666666666666,169.91666666666666,0,37.25,196.25,159.75,2,16.0,176.0,136.0,0,-39.55555555555555,100.8888888888889,168.16666666666666,0,64.5,160.0,99.6875,1,-64.0,32.0,184.0
100033,1091447,119.10144927536231,42.27005824441879,124.0,52.0,1.7647058823529411,95.86910771019406,-24.5,103.25,120.75,83.95786320600142,96.5,56.75,69,8.338,8.275365795154714,99.30438954185658,0.6029411764705882,0,0.0,8,0.11594202898550725,1,0.014492753623188406,0,0,40.09090909090909,145.67857142857142,114.70833333333333,1,-31.0,117.0,140.0,6,57.666666666666664,123.16666666666667,82.0,1,-44.0,97.0,143.0,0,11.222222222222221,122.5,98.85714285714286,1,-85.0,78.0,127.0,0,52.1,144.2,111.33333333333333,1,0.0,131.0,133.0,0,-48.1875,87.02083333333333,139.47916666666666,0,-56.8,60.45,129.8,1,-98.0,42.0,145.0,0,6.861111111111111,150.13888888888889,125.33333333333333,1,-48.0,78.0,141.0,0,-3.7142857142857144,134.35714285714286,120.14285714285714,0,73.41666666666667,194.33333333333334,176.83333333333334,0,-68.64285714285714,68.42857142857143,133.07142857142858,1,-42.0,81.0,79.0,0,-46.32142857142857,68.39285714285714,135.71428571428572,0,-23.5,86.5,104.0,0,-52.0,69.08333333333333,111.66666666666667,0,5.3,133.0,129.4,1,-23.0,109.0,110.0,1,-82.0,73.0,152.0,0,-21.595238095238095,101.78571428571429,117.92857142857143,0,-48.0625,89.5625,129.125
100033,1091461,130.0909090909091,41.34105277600099,124.0,33.75,-11.461538461538462,80.33412473932319,-26.0,72.0,119.23076923076923,74.26165160705952,100.0,65.0,66,7.841,8.417293712536667,101.00752455043998,0.6153846153846154,0,0.0,0,0.0,3,0.045454545454545456,0,0,40.09090909090909,145.67857142857142,114.70833333333333,2,-52.0,75.5,139.0,0,65.36666666666667,124.15,91.61666666666666,0,16.958333333333332,152.77777777777777,142.27777777777777,0,11.222222222222221,122.5,98.85714285714286,1,0.0,107.0,99.0,0,52.1,144.2,111.33333333333333,0,-4.642857142857143,126.23809523809526,139.85714285714286,1,-58.0,82.0,127.0,1,-64.0,67.0,109.0,1,-33.0,113.0,195.0,2,8.5,147.5,144.5,2,-66.0,98.5,114.5,1,-41.0,91.0,122.0,2,11.0,117.0,271.5,2,-43.0,96.0,137.5,0,-53.0,81.75,115.375,0,-46.32142857142857,68.39285714285714,135.71428571428572,2,-23.5,86.5,104.0,1,-56.0,62.0,139.0,0,5.3,133.0,129.4,2,-79.5,65.0,120.0,0,-35.95,97.3,130.45,2,-11.5,104.5,117.5,0,-48.0625,89.5625,129.125
100033,1091479,123.9,29.326316801515617,128.5,38.75,8.072463768115941,139.90279429107767,-30.0,77.0,132.31884057971016,131.78622266994478,95.0,69.0,70,9.23,7.583965330444204,91.00758396533044,0.6521739130434783,0,0.0,2,0.02857142857142857,1,0.014285714285714285,1,0,40.09090909090909,145.67857142857142,114.70833333333333,2,-72.0,72.0,141.0,1,54.0,112.0,100.0,2,-39.0,89.0,150.5,0,11.222222222222221,122.5,98.85714285714286,1,-96.0,51.0,158.0,0,52.1,144.2,111.33333333333333,2,-71.0,65.0,137.0,2,-40.5,83.0,128.0,1,-89.0,69.0,149.0,0,-64.11111111111111,63.20370370370371,143.16666666666666,0,6.861111111111111,150.13888888888889,125.33333333333333,0,-52.5,82.16666666666667,131.25,1,16.0,178.0,101.0,0,73.41666666666667,194.33333333333334,176.83333333333334,1,-35.0,95.0,162.0,0,-53.0,81.75,115.375,1,-45.0,71.0,134.0,0,-23.5,86.5,104.0,0,-52.0,69.08333333333333,111.66666666666667,0,5.3,133.0,129.4,2,-94.0,47.5,141.0,2,-18.0,125.5,127.5,0,-21.595238095238095,101.78571428571429,117.92857142857143,0,-48.0625,89.5625,129.125
100033,1091491,126.20408163265306,25.4205280953484,127.0,25.0,-20.770833333333332,92.53293098120379,-37.0,45.75,106.10416666666667,91.1530854257764,87.0,45.25,49,5.187,9.446693657219972,113.36032388663969,0.7708333333333334,0,0.0,0,0.0,1,0.02040816326530612,0,0,40.09090909090909,145.67857142857142,114.70833333333333,4,-44.0,71.25,132.5,0,65.36666666666667,124.15,91.61666666666666,2,260.0,389.0,151.5,0,11.222222222222221,122.5,98.85714285714286,1,-53.0,78.0,116.0,0,52.1,144.2,111.33333333333333,0,-4.642857142857143,126.23809523809526,139.85714285714286,1,-67.0,83.0,131.0,1,-52.0,64.0,103.0,1,-66.0,59.0,127.0,1,13.0,140.0,135.0,0,-52.5,82.16666666666667,131.25,0,-3.7142857142857144,134.35714285714286,120.14285714285714,0,73.41666666666667,194.33333333333334,176.83333333333334,0,-68.64285714285714,68.42857142857143,133.07142857142858,1,-63.0,78.0,146.0,1,-27.0,76.0,141.0,0,-23.5,86.5,104.0,1,-51.0,50.0,84.0,1,1.0,147.0,125.0,1,-44.0,91.0,160.0,1,-56.0,72.0,133.0,1,-36.0,104.0,106.0,0,-48.0625,89.5625,129.125
100033,1091500,122.53658536585365,30.415093782589068,124.0,29.0,9.775,135.8133806920364,-20.0,77.5,132.9,128.2900619689616,106.0,51.5,41,5.415,7.571560480147737,90.85872576177285,0.65,0,0.0,1,0.024390243902439025,2,0.04878048780487805,0,0,40.09090909090909,145.67857142857142,114.70833333333333,2,-66.0,80.5,126.0,0,65.36666666666667,124.15,91.61666666666666,1,-15.0,92.0,176.0,0,11.222222222222221,122.5,98.85714285714286,0,-46.1,87.25,117.55,0,52.1,144.2,111.33333333333333,0,-4.642857142857143,126.23809523809526,139.85714285714286,0,-48.1875,87.02083333333333,139.47916666666666,0,-56.8,60.45,129.8,1,-32.0,74.0,157.0,0,6.861111111111111,150.13888888888889,125.33333333333333,0,-52.5,82.16666666666667,131.25,0,-3.7142857142857144,134.35714285714286,120.14285714285714,1,72.0,182.0,163.0,0,-68.64285714285714,68.42857142857143,133.07142857142858,0,-53.0,81.75,115.375,0,-46.32142857142857,68.39285714285714,135.71428571428572,0,-23.5,86.5,104.0,0,-52.0,69.08333333333333,111.66666666666667,0,5.3,133.0,129.4,0,-49.25,79.5,140.15,1,-20.0,104.0,135.0,1,-33.0,91.0,110.0,1,-39.0,110.0,123.0
100033,1091510,118.74285714285715,34.141171506507135,120.0,42.5,17.705882352941178,127.70198059447185,-26.0,90.0,137.5,118.57344460167243,92.0,89.75,35,4.758,7.3560319461958805,88.27238335435057,0.5588235294117647,0,0.0,2,0.05714285714285714,2,0.05714285714285714,0,0,40.09090909090909,145.67857142857142,114.70833333333333,0,-54.388888888888886,84.49305555555556,133.70833333333334,0,65.36666666666667,124.15,91.61666666666666,1,13.0,175.0,124.0,0,11.222222222222221,122.5,98.85714285714286,1,-50.0,74.0,89.0,0,52.1,144.2,111.33333333333333,0,-4.642857142857143,126.23809523809526,139.85714285714286,0,-48.1875,87.02083333333333,139.47916666666666,1,0.0,89.0,154.0,0,-64.11111111111111,63.20370370370371,143.16666666666666,0,6.861111111111111,150.13888888888889,125.33333333333333,0,-52.5,82.16666666666667,131.25,1,-35.0,76.0,130.0,1,331.0,466.0,148.0,1,-84.0,53.0,135.0,1,-52.0,84.0,94.0,0,-46.32142857142857,68.39285714285714,135.71428571428572,0,-23.5,86.5,104.0,2,-57.0,64.5,120.0,0,5.3,133.0,129.4,0,-49.25,79.5,140.15,0,-35.95,97.3,130.45,0,-21.595238095238095,101.78571428571429,117.92857142857143,0,-48.0625,89.5625,129.125
100033,1091521,128.41538461538462,42.45138117085956,131.0,38.0,-13.84375,79.03464800919595,-39.5,75.0,115.15625,74.52227409263287,92.5,62.0,65,7.461,8.711968904972524,104.54362685967028,0.71875,0,0.0,1,0.015384615384615385,1,0.015384615384615385,0,0,40.09090909090909,145.67857142857142,114.70833333333333,2,-60.0,90.0,160.0,0,65.36666666666667,124.15,91.61666666666666,2,-31.0,111.0,140.0,0,11.222222222222221,122.5,98.85714285714286,2,-56.5,83.5,141.0,0,52.1,144.2,111.33333333333333,1,-47.0,78.0,150.0,1,-41.0,66.0,147.0,1,-88.0,46.0,154.0,3,-69.0,67.33333333333333,126.0,1,-21.0,129.0,116.0,0,-52.5,82.16666666666667,131.25,1,-36.0,95.0,114.0,0,73.41666666666667,194.33333333333334,176.83333333333334,2,-59.0,60.5,126.0,3,-60.0,86.0,115.0,0,-46.32142857142857,68.39285714285714,135.71428571428572,0,-23.5,86.5,104.0,0,-52.0,69.08333333333333,111.66666666666667,1,-23.0,94.0,125.0,0,-49.25,79.5,140.15,1,-57.0,89.0,131.0,0,-21.595238095238095,101.78571428571429,117.92857142857143,0,-48.0625,89.5625,129.125
100033,1091532,123.59722222222223,27.832165505551217,126.0,33.5,7.788732394366197,102.07411219346126,-27.0,88.0,131.42253521126761,98.21457709594888,97.0,84.0,72,9.452,7.617435463393991,91.40922556072789,0.6056338028169014,0,0.0,2,0.027777777777777776,2,0.027777777777777776,1,0,40.09090909090909,145.67857142857142,114.70833333333333,0,-54.388888888888886,84.49305555555556,133.70833333333334,0,65.36666666666667,124.15,91.61666666666666,3,-1.3333333333333333,132.33333333333334,157.0,0,11.222222222222221,122.5,98.85714285714286,0,-46.1,87.25,117.55,0,52.1,144.2,111.33333333333333,2,-54.5,81.0,143.0,3,11.0,133.66666666666666,130.33333333333334,0,-56.8,60.45,129.8,1,-85.0,56.0,133.0,0,6.861111111111111,150.13888888888889,125.33333333333333,0,-52.5,82.16666666666667,131.25,0,-3.7142857142857144,134.35714285714286,120.14285714285714,1,46.0,177.0,131.0,0,-68.64285714285714,68.42857142857143,133.07142857142858,0,-53.0,81.75,115.375,1,-62.0,42.0,147.0,0,-23.5,86.5,104.0,1,-29.0,96.0,150.0,2,22.5,162.0,142.0,1,-71.0,44.0,144.0,2,-76.5,52.5,134.0,1,1.0,122.0,133.0,1,-57.0,73.0,126.0
100033,1091548,127.73333333333333,76.17323822854206,128.0,42.75,-1.576271186440678,99.6963531267514,-19.0,98.0,126.42372881355932,72.88677157647821,118.0,58.5,60,7.571,7.924976885484084,95.09972262580901,0.5254237288135594,0,0.0,6,0.1,1,0.016666666666666666,0,0,40.09090909090909,145.67857142857142,114.70833333333333,1,-33.0,122.0,126.0,4,58.5,117.25,88.75,2,56.0,189.0,106.5,0,11.222222222222221,122.5,98.85714285714286,0,-46.1,87.25,117.55,0,52.1,144.2,111.33333333333333,3,-40.0,104.66666666666667,146.0,0,-48.1875,87.02083333333333,139.47916666666666,0,-56.8,60.45,129.8,2,-47.0,49.5,130.5,0,6.861111111111111,150.13888888888889,125.33333333333333,0,-52.5,82.16666666666667,131.25,1,48.0,186.0,111.0,0,73.41666666666667,194.33333333333334,176.83333333333334,0,-68.64285714285714,68.42857142857143,133.07142857142858,0,-53.0,81.75,115.375,0,-46.32142857142857,68.39285714285714,135.71428571428572,0,-23.5,86.5,104.0,0,-52.0,69.08333333333333,111.66666666666667,0,5.3,133.0,129.4,0,-49.25,79.5,140.15,1,11.0,129.0,108.0,0,-21.595238095238095,101.78571428571429,117.92857142857143,0,-48.0625,89.5625,129.125
100033,1091557,125.28,31.76919262430193,130.0,35.0,-7.1020408163265305,89.80051472466435,-28.0,55.0,118.65306122448979,84.2172969340254,101.0,54.0,50,5.916,8.451656524678837,101.41987829614604,0.6326530612244898,0,0.0,5,0.1,1,0.02,0,0,40.09090909090909,145.67857142857142,114.70833333333333,1,-91.0,72.0,128.0,3,103.66666666666667,166.33333333333334,79.33333333333333,2,-17.5,128.0,123.5,0,11.222222222222221,122.5,98.85714285714286,2,-26.5,100.5,103.0,0,52.1,144.2,111.33333333333333,0,-4.642857142857143,126.23809523809526,139.85714285714286,2,-47.0,79.0,145.0,2,-53.0,50.0,154.5,0,-64.11111111111111,63.20370370370371,143.16666666666666,0,6.861111111111111,150.13888888888889,125.33333333333333,0,-52.5,82.16666666666667,131.25,0,-3.7142857142857144,134.35714285714286,120.14285714285714,0,73.41666666666667,194.33333333333334,176.83333333333334,0,-68.64285714285714,68.42857142857143,133.07142857142858,1,-92.0,77.0,148.0,2,-22.5,107.0,143.5,0,-23.5,86.5,104.0,1,-38.0,113.0,80.0,0,5.3,133.0,129.4,0,-49.25,79.5,140.15,0,-35.95,97.3,130.45,3,-36.666666666666664,93.0,129.0,0,-48.0625,89.5625,129.125
100033,1091571,122.78260869565217,29.824058747112687,123.0,25.0,14.318181818181818,111.14339074270283,-22.0,51.5,139.54545454545453,103.58383836413833,116.5,45.0,23,3.139,7.327174259318254,87.92609111181905,0.5454545454545454,0,0.0,1,0.043478260869565216,1,0.043478260869565216,0,0,40.09090909090909,145.67857142857142,114.70833333333333,0,-54.388888888888886,84.49305555555556,133.70833333333334,0,65.36666666666667,124.15,91.61666666666666,0,16.958333333333332,152.77777777777777,142.27777777777777,0,11.222222222222221,122.5,98.85714285714286,0,-46.1,87.25,117.55,0,52.1,144.2,111.33333333333333,0,-4.642857142857143,126.23809523809526,139.85714285714286,0,-48.1875,87.02083333333333,139.47916666666666,1,-61.0,63.0,89.0,0,-64.11111111111111,63.20370370370371,143.16666666666666,2,88.0,229.0,136.5,2,-52.0,78.5,133.5,0,-3.7142857142857144,134.35714285714286,120.14285714285714,0,73.41666666666667,194.33333333333334,176.83333333333334,1,-64.0,91.0,95.0,0,-53.0,81.75,115.375,0,-46.32142857142857,68.39285714285714,135.71428571428572,0,-23.5,86.5,104.0,0,-52.0,69.08333333333333,111.66666666666667,0,5.3,133.0,129.4,1,-25.0,127.0,155.0,1,18.0,131.0,146.0,0,-21.595238095238095,101.78571428571429,117.92857142857143,0,-48.0625,89.5625,129.125
100033,1091576,126.48717948717949,25.557247750051804,126.0,26.0,-28.289473684210527,43.46499371529185,-39.5,32.0,98.57894736842105,35.61314924142439,91.0,38.0,39,3.858,10.10886469673406,121.30637636080871,0.7894736842105263,0,0.0,0,0.0,1,0.02564102564102564,0,0,40.09090909090909,145.67857142857142,114.70833333333333,1,-52.0,59.0,133.0,0,65.36666666666667,124.15,91.61666666666666,0,16.958333333333332,152.77777777777777,142.27777777777777,0,11.222222222222221,122.5,98.85714285714286,0,-46.1,87.25,117.55,0,52.1,144.2,111.33333333333333,0,-4.642857142857143,126.23809523809526,139.85714285714286,0,-48.1875,87.02083333333333,139.47916666666666,0,-56.8,60.45,129.8,0,-64.11111111111111,63.20370370370371,143.16666666666666,3,-36.333333333333336,97.33333333333333,130.0,2,-53.5,81.0,167.5,0,-3.7142857142857144,134.35714285714286,120.14285714285714,0,73.41666666666667,194.33333333333334,176.83333333333334,0,-68.64285714285714,68.42857142857143,133.07142857142858,1,-53.0,49.0,106.0,0,-46.32142857142857,68.39285714285714,135.71428571428572,0,-23.5,86.5,104.0,0,-52.0,69.08333333333333,111.66666666666667,0,5.3,133.0,129.4,1,-55.0,69.0,152.0,0,-35.95,97.3,130.45,1,-43.0,80.0,127.0,0,-48.0625,89.5625,129.125
100033,1091582,125.55555555555556,29.163565972749517,132.0,34.0,-32.86363636363637,44.658599349596365,-41.0,41.5,93.56818181818181,33.98890041233563,89.0,41.5,45,4.204,10.70409134157945,128.4490960989534,0.8181818181818182,0,0.0,0,0.0,1,0.022222222222222223,0,0,40.09090909090909,145.67857142857142,114.70833333333333,1,-60.0,72.0,132.0,0,65.36666666666667,124.15,91.61666666666666,3,-46.666666666666664,88.0,148.33333333333334,0,11.222222222222221,122.5,98.85714285714286,2,-72.0,64.0,116.5,0,52.1,144.2,111.33333333333333,0,-4.642857142857143,126.23809523809526,139.85714285714286,2,-48.0,95.5,138.5,2,-49.5,67.0,160.0,0,-64.11111111111111,63.20370370370371,143.16666666666666,0,6.861111111111111,150.13888888888889,125.33333333333333,1,-44.0,90.0,117.0,0,-3.7142857142857144,134.35714285714286,120.14285714285714,0,73.41666666666667,194.33333333333334,176.83333333333334,0,-68.64285714285714,68.42857142857143,133.07142857142858,0,-53.0,81.75,115.375,1,-58.0,65.0,115.0,0,-23.5,86.5,104.0,0,-52.0,69.08333333333333,111.66666666666667,0,5.3,133.0,129.4,1,-42.0,89.0,138.0,1,-30.0,121.0,136.0,0,-21.595238095238095,101.78571428571429,117.92857142857143,1,-41.0,74.0,131.0
100033,1091591,118.90666666666667,35.8144005797792,117.0,32.0,8.135135135135135,96.34865240145464,0.0,90.25,127.5,91.29314973857124,110.5,47.75,75,9.52,7.878151260504202,94.53781512605043,0.4594594594594595,0,0.0,2,0.02666666666666667,3,0.04,0,0,40.09090909090909,145.67857142857142,114.70833333333333,1,-53.0,96.0,105.0,1,53.0,102.0,108.0,1,94.0,235.0,122.0,0,11.222222222222221,122.5,98.85714285714286,1,1.0,123.0,109.0,0,52.1,144.2,111.33333333333333,1,-74.0,63.0,121.0,0,-48.1875,87.02083333333333,139.47916666666666,1,-30.0,54.0,110.0,1,-67.0,55.0,126.0,0,6.861111111111111,150.13888888888889,125.33333333333333,0,-52.5,82.16666666666667,131.25,2,64.0,207.5,121.0,2,4.0,121.0,160.5,2,-88.5,41.5,143.0,1,-29.0,115.0,149.0,4,-63.75,61.75,156.5,0,-23.5,86.5,104.0,0,-52.0,69.08333333333333,111.66666666666667,1,8.0,134.0,122.0,2,-51.0,71.5,136.5,1,-49.0,76.0,102.0,1,8.0,118.0,103.0,4,-55.25,101.25,136.5
100033,1091603,117.84285714285714,38.268463597621064,114.5,42.75,15.057971014492754,112.55283899972363,-20.0,98.0,133.43478260869566,95.67706527248649,109.0,85.0,70,9.288,7.536606373815676,90.43927648578811,0.5507246376811594,0,0.0,2,0.02857142857142857,4,0.05714285714285714,0,0,40.09090909090909,145.67857142857142,114.70833333333333,3,-38.666666666666664,86.66666666666667,142.0,0,65.36666666666667,124.15,91.61666666666666,1,-25.0,108.0,165.0,0,11.222222222222221,122.5,98.85714285714286,2,-23.0,113.5,117.0,0,52.1,144.2,111.33333333333333,1,254.0,361.0,149.0,1,-95.0,74.0,169.0,2,-81.5,35.5,115.5,1,-80.0,53.0,149.0,1,-11.0,158.0,90.0,2,-51.5,67.0,114.0,1,-42.0,107.0,142.0,2,-23.5,103.0,187.0,1,-107.0,42.0,133.0,1,-33.0,84.0,86.0,1,-46.0,56.0,113.0,0,-23.5,86.5,104.0,1,-81.0,29.0,97.0,1,18.0,128.0,133.0,1,-8.0,82.0,145.0,0,-35.95,97.3,130.45,0,-21.595238095238095,101.78571428571429,117.92857142857143,0,-48.0625,89.5625,129.125
100068,1091829,95.0,33.606263588518026,84.5,38.0,42.926829268292686,105.29155578304822,17.0,96.0,138.29268292682926,93.04450650287141,119.0,49.0,42,5.75,7.304347826086956,87.65217391304347,0.3170731707317073,0,0.0,0,0.0,2,0.047619047619047616,0,0,40.09090909090909,145.67857142857142,114.70833333333333,5,-3.6,96.4,81.2,0,81.1388888888889,135.63888888888889,56.611111111111114,2,0.5,84.0,99.5,0,11.222222222222221,122.5,98.85714285714286,1,16.0,120.0,80.0,0,52.1,144.2,111.33333333333333,0,8.357142857142858,113.07142857142857,88.21428571428571,0,3.6904761904761902,98.85714285714286,89.52380952380952,1,0.0,80.0,72.0,1,57.0,136.0,72.0,1,32.0,112.0,120.0,1,-24.0,48.0,80.0,1,72.0,144.0,121.0,1,88.0,168.0,160.0,0,-5.142857142857143,102.64285714285714,91.71428571428571,0,38.5,149.75,97.75,0,16.0,129.0,102.5,0,-37.5,88.25,106.625,0,65.1,157.0,87.2,0,79.66666666666667,188.33333333333334,94.0,3,-16.333333333333332,100.66666666666667,67.33333333333333,1,-49.0,87.0,72.0,0,17.8,127.8,88.1,0,17.428571428571427,125.35714285714286,106.14285714285714
100068,1091841,109.88,50.75535045687302,97.0,41.0,45.541666666666664,123.15098428577643,9.5,103.25,155.33333333333334,110.4142452564684,136.0,86.5,25,3.84,6.510416666666667,78.125,0.2916666666666667,0,0.0,0,0.0,3,0.12,0,0,40.09090909090909,145.67857142857142,114.70833333333333,0,16.30606060606061,120.71818181818183,89.5030303030303,0,81.1388888888889,135.63888888888889,56.611111111111114,2,36.0,100.0,99.5,0,11.222222222222221,122.5,98.85714285714286,0,-13.153846153846153,105.1923076923077,83.8076923076923,0,52.1,144.2,111.33333333333333,0,8.357142857142858,113.07142857142857,88.21428571428571,0,3.6904761904761902,98.85714285714286,89.52380952380952,0,11.61111111111111,91.38888888888889,101.11111111111111,0,54.166666666666664,127.66666666666667,81.41666666666667,0,64.125,145.875,124.125,0,34.77777777777778,126.5,87.44444444444444,0,107.9,197.9,114.6,1,120.0,216.0,177.0,1,25.0,104.0,56.0,0,38.5,149.75,97.75,0,16.0,129.0,102.5,1,-47.0,88.0,136.0,0,65.1,157.0,87.2,0,79.66666666666667,188.33333333333334,94.0,1,-24.0,57.0,79.0,1,-33.0,87.0,96.0,0,17.8,127.8,88.1,0,17.428571428571427,125.35714285714286,106.14285714285714
100068,1091851,107.57777777777778,67.1540480748518,96.0,26.0,55.59090909090909,144.7300493680654,31.5,96.25,164.36363636363637,117.73817078375276,136.5,88.75,45,7.287,6.175380815150268,74.1045697818032,0.1590909090909091,0,0.0,2,0.044444444444444446,3,0.06666666666666667,0,0,40.09090909090909,145.67857142857142,114.70833333333333,1,-32.0,55.0,113.0,1,72.0,137.0,48.0,1,47.0,151.0,114.0,0,11.222222222222221,122.5,98.85714285714286,2,-48.5,72.0,96.5,0,52.1,144.2,111.33333333333333,1,0.0,112.0,72.0,0,3.6904761904761902,98.85714285714286,89.52380952380952,1,0.0,96.0,87.0,0,54.166666666666664,127.66666666666667,81.41666666666667,0,64.125,145.875,124.125,1,0.0,96.0,103.0,0,107.9,197.9,114.6,2,232.0,327.5,339.0,1,0.0,96.0,104.0,0,38.5,149.75,97.75,0,16.0,129.0,102.5,0,-37.5,88.25,106.625,1,56.0,128.0,96.0,1,25.0,120.0,112.0,0,-11.472222222222221,90.8611111111111,72.05555555555556,0,-43.166666666666664,79.5,86.5,1,2.0,114.0,78.0,1,0.0,96.0,95.0
100068,1091860,97.7741935483871,22.574192626464686,95.0,24.5,64.6,97.68643713433305,48.0,95.0,162.46666666666667,95.48847516265451,141.0,84.0,31,4.969,6.238679814852082,74.86415777822499,0.16666666666666666,0,0.0,0,0.0,1,0.03225806451612903,0,0,40.09090909090909,145.67857142857142,114.70833333333333,1,137.0,224.0,111.0,0,81.1388888888889,135.63888888888889,56.611111111111114,1,5.0,100.0,124.0,0,11.222222222222221,122.5,98.85714285714286,1,-32.0,92.0,88.0,0,52.1,144.2,111.33333333333333,2,-4.0,107.5,64.0,0,3.6904761904761902,98.85714285714286,89.52380952380952,0,11.61111111111111,91.38888888888889,101.11111111111111,0,54.166666666666664,127.66666666666667,81.41666666666667,0,64.125,145.875,124.125,0,34.77777777777778,126.5,87.44444444444444,0,107.9,197.9,114.6,0,162.2,253.6,212.4,1,1.0,112.0,95.0,0,38.5,149.75,97.75,1,0.0,128.0,96.0,0,-37.5,88.25,106.625,1,88.0,193.0,88.0,0,79.66666666666667,188.33333333333334,94.0,0,-11.472222222222221,90.8611111111111,72.05555555555556,0,-43.166666666666664,79.5,86.5,0,17.8,127.8,88.1,0,17.428571428571427,125.35714285714286,106.14285714285714
100068,1091874,96.08771929824562,23.79907170661589,96.0,24.0,46.214285714285715,81.71940543402036,28.5,75.25,142.28571428571428,70.48092809044016,123.5,66.75,57,8.065,7.067575945443274,84.81091134531928,0.21428571428571427,0,0.0,1,0.017543859649122806,1,0.017543859649122806,0,0,40.09090909090909,145.67857142857142,114.70833333333333,2,12.5,100.0,71.0,0,81.1388888888889,135.63888888888889,56.611111111111114,3,29.666666666666668,107.0,103.66666666666667,0,11.222222222222221,122.5,98.85714285714286,1,-16.0,96.0,71.0,0,52.1,144.2,111.33333333333333,0,8.357142857142858,113.07142857142857,88.21428571428571,1,-25.0,64.0,81.0,1,1.0,72.0,96.0,2,28.5,116.0,107.0,0,64.125,145.875,124.125,1,0.0,105.0,80.0,0,107.9,197.9,114.6,0,162.2,253.6,212.4,1,-16.0,118.0,65.0,0,38.5,149.75,97.75,0,16.0,129.0,102.5,2,-48.0,88.0,111.5,1,74.0,161.0,53.0,0,79.66666666666667,188.33333333333334,94.0,0,-11.472222222222221,90.8611111111111,72.05555555555556,2,-47.5,64.5,91.5,0,17.8,127.8,88.1,1,39.0,127.0,113.0
100068,1091885,93.97142857142858,22.82916144419015,95.0,20.5,49.61764705882353,116.08567188931234,31.5,72.75,142.8235294117647,107.32810349255203,129.0,53.0,35,4.976,7.033762057877814,84.40514469453376,0.23529411764705882,0,0.0,7,0.2,1,0.02857142857142857,0,0,40.09090909090909,145.67857142857142,114.70833333333333,1,0.0,137.0,104.0,6,74.66666666666667,136.16666666666666,60.0,0,28.166666666666668,121.4,115.26666666666668,0,11.222222222222221,122.5,98.85714285714286,1,0.0,105.0,88.0,0,52.1,144.2,111.33333333333333,0,8.357142857142858,113.07142857142857,88.21428571428571,1,23.0,95.0,121.0,0,11.61111111111111,91.38888888888889,101.11111111111111,0,54.166666666666664,127.66666666666667,81.41666666666667,0,64.125,145.875,124.125,1,-23.0,72.0,95.0,2,27.5,134.5,116.0,0,162.2,253.6,212.4,0,-5.142857142857143,102.64285714285714,91.71428571428571,1,1.0,129.0,95.0,0,16.0,129.0,102.5,2,-32.0,96.0,96.0,0,65.1,157.0,87.2,0,79.66666666666667,188.33333333333334,94.0,0,-11.472222222222221,90.8611111111111,72.05555555555556,0,-43.166666666666664,79.5,86.5,0,17.8,127.8,88.1,0,17.428571428571427,125.35714285714286,106.14285714285714
100068,1091891,96.15217391304348,22.573519876659205,96.5,28.5,51.75555555555555,73.84041517746394,48.0,87.0,147.55555555555554,68.05767343643366,136.0,72.0,46,6.752,6.812796208530806,81.75355450236967,0.15555555555555556,0,0.0,2,0.043478260869565216,1,0.021739130434782608,0,0,40.09090909090909,145.67857142857142,114.70833333333333,0,16.30606060606061,120.71818181818183,89.5030303030303,1,72.0,129.0,64.0,1,41.0,145.0,127.0,0,11.222222222222221,122.5,98.85714285714286,2,-35.5,83.5,71.0,0,52.1,144.2,111.33333333333333,2,-7.5,92.0,103.5,0,3.6904761904761902,98.85714285714286,89.52380952380952,0,11.61111111111111,91.38888888888889,101.11111111111111,0,54.166666666666664,127.66666666666667,81.41666666666667,0,64.125,145.875,124.125,0,34.77777777777778,126.5,87.44444444444444,0,107.9,197.9,114.6,0,162.2,253.6,212.4,1,-16.0,103.0,104.0,0,38.5,149.75,97.75,1,1.0,88.0,103.0,1,-47.0,72.0,144.0,1,40.0,144.0,119.0,1,103.0,214.0,89.0,1,2.0,99.0,54.0,0,-43.166666666666664,79.5,86.5,0,17.8,127.8,88.1,2,44.0,131.5,96.0
100068,1091901,94.24489795918367,21.500385010548825,96.0,31.0,60.104166666666664,48.121478045728765,64.5,63.25,154.5,51.81577944989345,155.0,66.0,49,7.503,6.530721044915367,78.36865253898442,0.08333333333333333,0,0.0,0,0.0,1,0.02040816326530612,0,0,40.09090909090909,145.67857142857142,114.70833333333333,2,23.5,115.5,84.0,0,81.1388888888889,135.63888888888889,56.611111111111114,1,144.0,264.0,103.0,0,11.222222222222221,122.5,98.85714285714286,1,-24.0,96.0,79.0,0,52.1,144.2,111.33333333333333,0,8.357142857142858,113.07142857142857,88.21428571428571,0,3.6904761904761902,98.85714285714286,89.52380952380952,1,32.0,111.0,104.0,1,64.0,119.0,73.0,2,76.5,165.0,112.0,2,12.5,84.5,92.0,0,107.9,197.9,114.6,0,162.2,253.6,212.4,1,-31.0,72.0,127.0,1,65.0,167.0,87.0,0,16.0,129.0,102.5,0,-37.5,88.25,106.625,1,97.0,192.0,103.0,0,79.66666666666667,188.33333333333334,94.0,0,-11.472222222222221,90.8611111111111,72.05555555555556,0,-43.166666666666664,79.5,86.5,1,81.0,176.0,120.0,0,17.428571428571427,125.35714285714286,106.14285714285714
100068,1091913,85.46428571428571,21.331536249776065,87.0,27.5,57.44444444444444,74.45472565821129,55.0,78.5,142.5185185185185,69.91495912118037,128.0,60.5,28,3.944,7.099391480730223,85.19269776876267,0.037037037037037035,0,0.0,0,0.0,1,0.03571428571428571,0,0,40.09090909090909,145.67857142857142,114.70833333333333,0,16.30606060606061,120.71818181818183,89.5030303030303,0,81.1388888888889,135.63888888888889,56.611111111111114,0,28.166666666666668,121.4,115.26666666666668,0,11.222222222222221,122.5,98.85714285714286,0,-13.153846153846153,105.1923076923077,83.8076923076923,0,52.1,144.2,111.33333333333333,0,8.357142857142858,113.07142857142857,88.21428571428571,0,3.6904761904761902,98.85714285714286,89.52380952380952,0,11.61111111111111,91.38888888888889,101.11111111111111,2,32.5,99.0,83.5,0,64.125,145.875,124.125,1,361.0,448.0,64.0,0,107.9,197.9,114.6,0,162.2,253.6,212.4,0,-5.142857142857143,102.64285714285714,91.71428571428571,0,38.5,149.75,97.75,0,16.0,129.0,102.5,0,-37.5,88.25,106.625,1,65.0,128.0,72.0,0,79.66666666666667,188.33333333333334,94.0,0,-11.472222222222221,90.8611111111111,72.05555555555556,0,-43.166666666666664,79.5,86.5,0,17.8,127.8,88.1,0,17.428571428571427,125.35714285714286,106.14285714285714
100068,1091916,99.71428571428571,31.396152110520465,96.0,32.75,65.55072463768116,91.45610117156693,71.0,126.0,165.1014492753623,80.28989954480011,144.0,110.0,70,11.503,6.085369034165001,73.02442840998,0.2028985507246377,0,0.0,2,0.02857142857142857,3,0.04285714285714286,0,0,40.09090909090909,145.67857142857142,114.70833333333333,2,1.0,136.5,83.5,1,88.0,129.0,55.0,0,28.166666666666668,121.4,115.26666666666668,0,11.222222222222221,122.5,98.85714285714286,1,1.0,112.0,96.0,0,52.1,144.2,111.33333333333333,0,8.357142857142858,113.07142857142857,88.21428571428571,1,-16.0,88.0,79.0,1,0.0,96.0,128.0,1,71.0,143.0,89.0,2,88.0,175.0,104.0,2,-20.5,71.0,88.0,1,40.0,135.0,96.0,2,220.0,295.5,193.0,2,1.0,113.5,91.0,0,38.5,149.75,97.75,0,16.0,129.0,102.5,2,-32.5,91.0,85.0,1,24.0,117.0,112.0,0,79.66666666666667,188.33333333333334,94.0,2,-32.5,71.5,89.0,0,-43.166666666666664,79.5,86.5,2,-20.0,116.0,67.5,0,17.428571428571427,125.35714285714286,106.14285714285714
100068,1091936,101.01923076923077,42.06062034758485,95.0,32.25,50.09803921568628,103.29934701727082,25.0,108.0,151.05882352941177,89.02200912369838,127.0,107.5,52,7.848,6.625891946992865,79.51070336391437,0.23529411764705882,0,0.0,4,0.07692307692307693,3,0.057692307692307696,0,0,40.09090909090909,145.67857142857142,114.70833333333333,0,16.30606060606061,120.71818181818183,89.5030303030303,2,96.0,144.0,55.5,1,1.0,90.0,127.0,0,11.222222222222221,122.5,98.85714285714286,2,19.5,159.0,108.0,0,52.1,144.2,111.33333333333333,1,2.0,83.0,110.0,2,12.0,96.0,72.0,0,11.61111111111111,91.38888888888889,101.11111111111111,0,54.166666666666664,127.66666666666667,81.41666666666667,0,64.125,145.875,124.125,0,34.77777777777778,126.5,87.44444444444444,1,281.0,361.0,112.0,1,151.0,261.0,193.0,0,-5.142857142857143,102.64285714285714,91.71428571428571,0,38.5,149.75,97.75,0,16.0,129.0,102.5,1,-39.0,63.0,105.0,0,65.1,157.0,87.2,0,79.66666666666667,188.33333333333334,94.0,1,1.0,105.0,79.0,0,-43.166666666666664,79.5,86.5,1,-23.0,104.0,88.0,1,-17.0,112.0,97.0
100068,1091945,94.609375,25.74673352309716,96.0,34.5,70.85714285714286,87.9996134809075,56.0,97.5,165.44444444444446,81.4629680747547,152.0,64.5,64,10.519,6.08422853883449,73.01074246601388,0.1111111111111111,0,0.0,2,0.03125,1,0.015625,0,0,40.09090909090909,145.67857142857142,114.70833333333333,5,5.8,125.0,92.0,0,81.1388888888889,135.63888888888889,56.611111111111114,1,-24.0,88.0,137.0,0,11.222222222222221,122.5,98.85714285714286,2,6.5,139.0,66.0,0,52.1,144.2,111.33333333333333,1,1.0,121.0,79.0,0,3.6904761904761902,98.85714285714286,89.52380952380952,2,52.5,118.5,114.0,1,72.0,153.0,64.0,0,64.125,145.875,124.125,0,34.77777777777778,126.5,87.44444444444444,0,107.9,197.9,114.6,0,162.2,253.6,212.4,0,-5.142857142857143,102.64285714285714,91.71428571428571,1,47.0,143.0,113.0,1,16.0,144.0,122.0,0,-37.5,88.25,106.625,1,55.0,143.0,81.0,1,111.0,231.0,81.0,0,-11.472222222222221,90.8611111111111,72.05555555555556,0,-43.166666666666664,79.5,86.5,0,17.8,127.8,88.1,1,71.0,193.0,120.0
100068,1091961,105.55737704918033,30.736065530052315,104.0,33.0,50.43333333333333,100.48687587054454,39.0,70.25,156.01666666666668,93.89453155299064,140.0,46.5,61,9.465,6.444796619123085,77.33755942947701,0.2,0,0.0,0,0.0,1,0.01639344262295082,0,0,40.09090909090909,145.67857142857142,114.70833333333333,3,13.666666666666666,120.0,71.33333333333333,0,81.1388888888889,135.63888888888889,56.611111111111114,2,1.5,85.0,118.0,0,11.222222222222221,122.5,98.85714285714286,1,-23.0,93.0,87.0,0,52.1,144.2,111.33333333333333,1,32.0,137.0,96.0,2,56.5,164.0,96.0,1,1.0,88.0,96.0,0,54.166666666666664,127.66666666666667,81.41666666666667,2,60.0,131.5,160.5,1,23.0,135.0,89.0,0,107.9,197.9,114.6,0,162.2,253.6,212.4,0,-5.142857142857143,102.64285714285714,91.71428571428571,0,38.5,149.75,97.75,2,47.0,156.0,89.0,2,-31.5,104.0,96.0,2,56.0,155.0,77.0,0,79.66666666666667,188.33333333333334,94.0,0,-11.472222222222221,90.8611111111111,72.05555555555556,0,-43.166666666666664,79.5,86.5,0,17.8,127.8,88.1,0,17.428571428571427,125.35714285714286,106.14285714285714
100068,1091975,99.72,27.726550452589667,96.0,38.0,59.69387755102041,86.28883723810034,57.0,118.0,159.51020408163265,74.75132172716647,136.0,106.0,50,7.911,6.320313487548983,75.8437618505878,0.22448979591836735,0,0.0,0,0.0,1,0.02,0,0,40.09090909090909,145.67857142857142,114.70833333333333,1,1.0,119.0,94.0,0,81.1388888888889,135.63888888888889,56.611111111111114,0,28.166666666666668,121.4,115.26666666666668,0,11.222222222222221,122.5,98.85714285714286,2,-31.5,104.0,95.5,0,52.1,144.2,111.33333333333333,0,8.357142857142858,113.07142857142857,88.21428571428571,3,6.333333333333333,113.0,73.66666666666667,1,16.0,96.0,127.0,0,54.166666666666664,127.66666666666667,81.41666666666667,0,64.125,145.875,124.125,1,-16.0,79.0,96.0,1,119.0,215.0,128.0,0,162.2,253.6,212.4,0,-5.142857142857143,102.64285714285714,91.71428571428571,0,38.5,149.75,97.75,0,16.0,129.0,102.5,2,-23.0,104.0,79.5,1,96.0,209.0,71.0,0,79.66666666666667,188.33333333333334,94.0,0,-11.472222222222221,90.8611111111111,72.05555555555556,0,-43.166666666666664,79.5,86.5,1,49.0,129.0,87.0,1,1.0,129.0,118.0
100068,1091986,95.68181818181819,22.30651426181143,103.0,32.0,70.72307692307692,83.45141519605795,70.0,95.0,166.15384615384616,80.44323957238052,144.0,87.0,66,10.912,6.048387096774193,72.58064516129032,0.13846153846153847,0,0.0,7,0.10606060606060606,1,0.015151515151515152,0,0,40.09090909090909,145.67857142857142,114.70833333333333,2,20.5,99.5,79.5,6,84.16666666666667,138.66666666666666,57.166666666666664,0,28.166666666666668,121.4,115.26666666666668,0,11.222222222222221,122.5,98.85714285714286,2,-3.5,96.0,63.5,0,52.1,144.2,111.33333333333333,3,35.0,139.0,93.0,1,-31.0,72.0,104.0,1,2.0,65.0,86.0,0,54.166666666666664,127.66666666666667,81.41666666666667,0,64.125,145.875,124.125,0,34.77777777777778,126.5,87.44444444444444,0,107.9,197.9,114.6,0,162.2,253.6,212.4,0,-5.142857142857143,102.64285714285714,91.71428571428571,1,41.0,160.0,96.0,0,16.0,129.0,102.5,0,-37.5,88.25,106.625,0,65.1,157.0,87.2,0,79.66666666666667,188.33333333333334,94.0,1,1.0,112.0,64.0,0,-43.166666666666664,79.5,86.5,0,17.8,127.8,88.1,1,-16.0,89.0,104.0
100081,1091967,123.90322580645162,42.56596765606766,118.0,38.5,44.32786885245902,127.44021051502524,15.0,113.0,167.55737704918033,113.9137615414835,131.0,102.0,62,10.386,5.969574427113423,71.63489312536107,0.4098360655737705,0,0.0,1,0.016129032258064516,6,0.0967741935483871,0,0,40.09090909090909,145.67857142857142,114.70833333333333,1,-37.0,68.0,115.0,0,113.64166666666667,206.16041666666666,98.24375,0,5.545454545454546,129.13636363636363,119.12121212121214,0,11.222222222222221,122.5,98.85714285714286,1,-20.0,96.0,68.0,0,52.1,144.2,111.33333333333333,0,-18.8,126.0,117.8,0,-4.388888888888889,114.64814814814814,119.62962962962963,2,-19.5,71.5,120.0,0,0.6666666666666656,128.33333333333334,124.10416666666667,1,-21.0,84.0,150.0,1,-49.0,86.0,127.0,0,25.3,135.6,131.2,4,158.0,273.0,195.25,0,19.928571428571427,132.64285714285714,116.5,1,-53.0,116.0,105.0,2,100.5,194.5,126.5,0,-20.75,111.94444444444446,122.3888888888889,1,-51.0,69.0,161.0,0,51.5,164.6,145.9,2,-49.0,86.5,120.5,0,-39.8,98.4,111.4,4,-21.5,104.75,114.5,0,-23.833333333333332,69.83333333333334,125.5
100081,1091985,119.9390243902439,61.38867528059815,111.5,34.5,47.28395061728395,143.64885466345015,15.0,88.0,167.4320987654321,154.9020350129421,125.0,68.0,82,13.665,6.000731796560556,72.00878155872667,0.43209876543209874,0,0.0,8,0.0975609756097561,2,0.024390243902439025,0,0,40.09090909090909,145.67857142857142,114.70833333333333,2,-51.0,62.5,127.5,6,129.16666666666666,283.8333333333333,162.66666666666666,2,-5.0,127.5,111.0,0,11.222222222222221,122.5,98.85714285714286,3,22.666666666666668,120.33333333333333,111.66666666666667,0,52.1,144.2,111.33333333333333,0,-18.8,126.0,117.8,0,-4.388888888888889,114.64814814814814,119.62962962962963,2,-42.0,70.0,103.0,3,-44.333333333333336,78.33333333333333,119.66666666666667,1,31.0,126.0,225.0,0,-24.333333333333332,98.83333333333333,119.22222222222223,0,25.3,135.6,131.2,0,67.71428571428571,176.78571428571428,254.67857142857142,2,55.0,177.5,111.0,3,156.0,280.0,82.0,2,0.0,113.0,116.5,0,-20.75,111.94444444444446,122.3888888888889,0,-45.75,78.25,143.0,0,51.5,164.6,145.9,2,15.0,133.0,124.5,0,-39.8,98.4,111.4,0,-4.833333333333333,102.25,108.0,3,-15.666666666666666,103.66666666666667,120.0
100081,1092002,115.71428571428571,35.055058734184755,113.0,34.0,24.6875,89.49468239556657,16.0,99.0,140.20833333333334,76.51197028715325,124.5,70.5,49,6.87,7.132459970887918,85.58951965065502,0.4583333333333333,0,0.0,7,0.14285714285714285,4,0.08163265306122448,0,0,40.09090909090909,145.67857142857142,114.70833333333333,1,-44.0,71.0,123.0,5,94.0,158.4,78.8,1,-63.0,81.0,96.0,0,11.222222222222221,122.5,98.85714285714286,1,-11.0,91.0,117.0,0,52.1,144.2,111.33333333333333,0,-18.8,126.0,117.8,0,-4.388888888888889,114.64814814814814,119.62962962962963,1,-9.0,86.0,115.0,0,0.6666666666666656,128.33333333333334,124.10416666666667,0,27.857142857142858,146.78571428571428,165.21428571428572,0,-24.333333333333332,98.83333333333333,119.22222222222223,2,78.0,186.5,146.5,2,70.5,183.0,169.5,1,-64.0,41.0,144.0,1,-28.0,85.0,84.0,0,-0.7,109.2,110.6,0,-20.75,111.94444444444446,122.3888888888889,0,-45.75,78.25,143.0,0,51.5,164.6,145.9,0,-29.375,116.125,120.375,1,-13.0,133.0,100.0,0,-4.833333333333333,102.25,108.0,0,-23.833333333333332,69.83333333333334,125.5
100081,1092012,127.51282051282051,30.250129726250165,123.0,29.0,-19.36842105263158,69.34863147157708,-31.0,51.0,108.10526315789474,53.93894671106555,98.5,45.0,39,4.237,9.20462591456219,110.45551097474626,0.7105263157894737,0,0.0,0,0.0,1,0.02564102564102564,0,0,40.09090909090909,145.67857142857142,114.70833333333333,3,-46.666666666666664,87.33333333333333,109.66666666666667,0,113.64166666666667,206.16041666666666,98.24375,0,5.545454545454546,129.13636363636363,119.12121212121214,0,11.222222222222221,122.5,98.85714285714286,0,-19.60833333333333,89.10833333333333,113.74166666666667,0,52.1,144.2,111.33333333333333,0,-18.8,126.0,117.8,1,-30.0,82.0,101.0,0,-29.55,85.7,116.4,0,0.6666666666666656,128.33333333333334,124.10416666666667,0,27.857142857142858,146.78571428571428,165.21428571428572,0,-24.333333333333332,98.83333333333333,119.22222222222223,0,25.3,135.6,131.2,0,67.71428571428571,176.78571428571428,254.67857142857142,0,19.928571428571427,132.64285714285714,116.5,1,-75.0,89.0,125.0,0,-0.7,109.2,110.6,1,-20.0,99.0,96.0,1,-50.0,68.0,124.0,1,31.0,170.0,111.0,0,-29.375,116.125,120.375,0,-39.8,98.4,111.4,0,-4.833333333333333,102.25,108.0,0,-23.833333333333332,69.83333333333334,125.5
100081,1092022,116.15789473684211,28.721004889865128,117.0,32.5,48.093333333333334,151.4890687658867,16.0,115.5,163.93333333333334,148.55933345150535,122.0,72.0,76,12.435,6.11178126256534,73.34137515078407,0.4533333333333333,0,0.0,1,0.013157894736842105,3,0.039473684210526314,0,0,40.09090909090909,145.67857142857142,114.70833333333333,1,-61.0,97.0,77.0,0,113.64166666666667,206.16041666666666,98.24375,1,157.0,267.0,103.0,0,11.222222222222221,122.5,98.85714285714286,1,-48.0,83.0,124.0,0,52.1,144.2,111.33333333333333,2,-44.0,81.5,98.5,1,-11.0,109.0,100.0,1,-37.0,83.0,84.0,2,-34.5,78.0,106.5,0,27.857142857142858,146.78571428571428,165.21428571428572,1,-85.0,71.0,136.0,1,16.0,100.0,135.0,1,63.0,165.0,175.0,1,-8.0,129.0,102.0,1,-38.0,86.0,158.0,2,-34.0,84.5,112.0,1,-29.0,129.0,139.0,1,-45.0,100.0,137.0,1,78.0,151.0,121.0,0,-29.375,116.125,120.375,1,-19.0,118.0,73.0,2,-18.0,92.5,91.0,0,-23.833333333333332,69.83333333333334,125.5
100081,1092045,147.15625,192.11749487211594,114.0,47.5,38.63492063492063,95.88589475149769,16.0,124.5,185.93650793650792,200.386521187229,133.0,116.0,64,11.852,5.3999325008437395,64.79919001012487,0.4126984126984127,0,0.0,7,0.109375,2,0.03125,0,0,40.09090909090909,145.67857142857142,114.70833333333333,2,-31.0,110.5,119.5,5,113.8,189.8,81.4,1,-50.0,82.0,146.0,0,11.222222222222221,122.5,98.85714285714286,2,7.0,116.0,92.0,0,52.1,144.2,111.33333333333333,0,-18.8,126.0,117.8,0,-4.388888888888889,114.64814814814814,119.62962962962963,2,-51.5,63.0,141.5,2,-45.5,99.0,122.0,1,47.0,165.0,166.0,1,21.0,124.0,99.0,2,70.0,188.5,120.5,0,67.71428571428571,176.78571428571428,254.67857142857142,0,19.928571428571427,132.64285714285714,116.5,0,-4.222222222222222,120.77777777777777,113.88888888888889,0,-0.7,109.2,110.6,0,-20.75,111.94444444444446,122.3888888888889,1,-37.0,76.0,150.0,0,51.5,164.6,145.9,0,-29.375,116.125,120.375,0,-39.8,98.4,111.4,2,25.0,109.5,118.5,0,-23.833333333333332,69.83333333333334,125.5
100081,1092071,115.63888888888889,38.37472604156846,113.5,35.75,86.28571428571429,179.2069149540467,16.0,137.0,202.02857142857144,180.9322660499204,119.0,131.0,36,7.183,5.011833495753863,60.14200194904636,0.4,0,0.0,1,0.027777777777777776,3,0.08333333333333333,1,0,40.09090909090909,145.67857142857142,114.70833333333333,1,0.0,116.0,101.0,0,113.64166666666667,206.16041666666666,98.24375,0,5.545454545454546,129.13636363636363,119.12121212121214,0,11.222222222222221,122.5,98.85714285714286,0,-19.60833333333333,89.10833333333333,113.74166666666667,0,52.1,144.2,111.33333333333333,0,-18.8,126.0,117.8,0,-4.388888888888889,114.64814814814814,119.62962962962963,0,-29.55,85.7,116.4,1,-63.0,119.0,119.0,0,27.857142857142858,146.78571428571428,165.21428571428572,0,-24.333333333333332,98.83333333333333,119.22222222222223,0,25.3,135.6,131.2,2,62.5,143.0,213.0,2,84.5,181.0,80.5,0,-4.222222222222222,120.77777777777777,113.88888888888889,1,-21.0,98.0,101.0,0,-20.75,111.94444444444446,122.3888888888889,0,-45.75,78.25,143.0,1,63.0,164.0,182.0,0,-29.375,116.125,120.375,0,-39.8,98.4,111.4,0,-4.833333333333333,102.25,108.0,0,-23.833333333333332,69.83333333333334,125.5
100081,1092085,131.35,89.0592639762984,119.0,33.25,32.46835443037975,269.707240974359,-19.0,70.5,163.60759493670886,250.9646915365051,103.0,62.5,80,13.073,6.119482903694638,73.43379484433565,0.569620253164557,0,0.0,7,0.0875,1,0.0125,0,0,40.09090909090909,145.67857142857142,114.70833333333333,6,-10.666666666666666,118.83333333333333,135.16666666666666,2,86.0,185.0,89.5,3,55.0,181.33333333333334,116.66666666666667,0,11.222222222222221,122.5,98.85714285714286,4,-23.75,91.25,130.25,0,52.1,144.2,111.33333333333333,0,-18.8,126.0,117.8,1,0.0,118.0,97.0,1,-69.0,52.0,114.0,1,15.0,125.0,154.0,0,27.857142857142858,146.78571428571428,165.21428571428572,2,-3.0,84.5,137.0,2,-13.5,90.0,135.0,0,67.71428571428571,176.78571428571428,254.67857142857142,0,19.928571428571427,132.64285714285714,116.5,1,-38.0,78.0,86.0,0,-0.7,109.2,110.6,2,-25.0,119.5,138.5,0,-45.75,78.25,143.0,0,51.5,164.6,145.9,0,-29.375,116.125,120.375,0,-39.8,98.4,111.4,0,-4.833333333333333,102.25,108.0,0,-23.833333333333332,69.83333333333334,125.5
100081,1092112,128.65384615384616,45.75935575435098,126.5,29.5,28.96,116.98529138314782,0.0,112.0,156.68,104.80447318697804,132.0,74.0,26,4.069,6.389776357827476,76.67731629392972,0.48,0,0.0,2,0.07692307692307693,1,0.038461538461538464,0,0,40.09090909090909,145.67857142857142,114.70833333333333,0,-35.81944444444444,93.45833333333333,117.2638888888889,1,78.0,141.0,102.0,0,5.545454545454546,129.13636363636363,119.12121212121214,0,11.222222222222221,122.5,98.85714285714286,0,-19.60833333333333,89.10833333333333,113.74166666666667,0,52.1,144.2,111.33333333333333,0,-18.8,126.0,117.8,2,-15.5,105.5,149.0,0,-29.55,85.7,116.4,0,0.6666666666666656,128.33333333333334,124.10416666666667,0,27.857142857142858,146.78571428571428,165.21428571428572,0,-24.333333333333332,98.83333333333333,119.22222222222223,0,25.3,135.6,131.2,0,67.71428571428571,176.78571428571428,254.67857142857142,1,56.0,132.0,139.0,0,-4.222222222222222,120.77777777777777,113.88888888888889,0,-0.7,109.2,110.6,0,-20.75,111.94444444444446,122.3888888888889,0,-45.75,78.25,143.0,1,15.0,154.0,153.0,0,-29.375,116.125,120.375,0,-39.8,98.4,111.4,0,-4.833333333333333,102.25,108.0,0,-23.833333333333332,69.83333333333334,125.5
100081,1092125,164.85714285714286,231.15362856766924,132.0,36.0,7.104166666666667,95.80410559733625,-18.0,130.5,171.9375,228.27691574142284,125.5,80.5,49,8.419,5.820168666112364,69.84202399334838,0.5625,0,0.0,4,0.08163265306122448,2,0.04081632653061224,0,0,40.09090909090909,145.67857142857142,114.70833333333333,2,-25.5,110.0,110.0,3,91.66666666666667,160.0,89.33333333333333,1,-53.0,64.0,157.0,0,11.222222222222221,122.5,98.85714285714286,1,-73.0,84.0,138.0,0,52.1,144.2,111.33333333333333,2,20.5,186.5,120.0,1,0.0,134.0,131.0,1,-65.0,73.0,134.0,1,234.0,338.0,132.0,1,16.0,153.0,139.0,1,-44.0,88.0,117.0,0,25.3,135.6,131.2,1,47.0,183.0,414.0,0,19.928571428571427,132.64285714285714,116.5,0,-4.222222222222222,120.77777777777777,113.88888888888889,0,-0.7,109.2,110.6,0,-20.75,111.94444444444446,122.3888888888889,0,-45.75,78.25,143.0,0,51.5,164.6,145.9,0,-29.375,116.125,120.375,0,-39.8,98.4,111.4,0,-4.833333333333333,102.25,108.0,0,-23.833333333333332,69.83333333333334,125.5
100081,1092143,124.85454545454546,37.857828868169,121.0,36.5,30.5,123.17508616539244,-15.0,87.0,154.64814814814815,114.65360994904792,125.0,72.5,55,8.514,6.459948320413437,77.51937984496124,0.5555555555555556,0,0.0,6,0.10909090909090909,1,0.01818181818181818,0,0,40.09090909090909,145.67857142857142,114.70833333333333,0,-35.81944444444444,93.45833333333333,117.2638888888889,4,210.5,272.0,81.75,1,-52.0,86.0,121.0,0,11.222222222222221,122.5,98.85714285714286,1,-69.0,52.0,136.0,0,52.1,144.2,111.33333333333333,2,-18.5,154.5,140.5,0,-4.388888888888889,114.64814814814814,119.62962962962963,0,-29.55,85.7,116.4,3,-25.333333333333332,89.33333333333333,134.66666666666666,0,27.857142857142858,146.78571428571428,165.21428571428572,2,-23.5,74.0,143.0,0,25.3,135.6,131.2,0,67.71428571428571,176.78571428571428,254.67857142857142,0,19.928571428571427,132.64285714285714,116.5,1,-27.0,92.0,192.0,0,-0.7,109.2,110.6,3,-35.0,88.66666666666667,132.33333333333334,0,-45.75,78.25,143.0,0,51.5,164.6,145.9,0,-29.375,116.125,120.375,0,-39.8,98.4,111.4,0,-4.833333333333333,102.25,108.0,1,-32.0,36.0,131.0
100081,1092164,144.975,35.68927534988628,135.0,31.25,-31.76923076923077,54.24089739938247,-37.0,35.0,112.23076923076923,49.37946294712758,102.0,49.0,40,4.56,8.771929824561404,105.26315789473685,0.7948717948717948,0,0.0,0,0.0,1,0.025,0,0,40.09090909090909,145.67857142857142,114.70833333333333,3,-42.333333333333336,92.0,148.0,0,113.64166666666667,206.16041666666666,98.24375,1,-44.0,84.0,158.0,0,11.222222222222221,122.5,98.85714285714286,0,-19.60833333333333,89.10833333333333,113.74166666666667,0,52.1,144.2,111.33333333333333,0,-18.8,126.0,117.8,1,-25.0,95.0,140.0,0,-29.55,85.7,116.4,0,0.6666666666666656,128.33333333333334,124.10416666666667,1,-26.0,94.0,179.0,1,-15.0,151.0,99.0,0,25.3,135.6,131.2,0,67.71428571428571,176.78571428571428,254.67857142857142,1,0.0,129.0,137.0,0,-4.222222222222222,120.77777777777777,113.88888888888889,0,-0.7,109.2,110.6,0,-20.75,111.94444444444446,122.3888888888889,0,-45.75,78.25,143.0,0,51.5,164.6,145.9,1,-59.0,120.0,129.0,1,-49.0,78.0,125.0,0,-4.833333333333333,102.25,108.0,0,-23.833333333333332,69.83333333333334,125.5
100081,1092183,118.95918367346938,40.662854324095235,119.0,36.0,9.645833333333334,87.21799546331532,-20.0,64.5,129.08333333333334,86.06969882342771,106.0,50.75,49,6.292,7.78766687857597,93.45200254291164,0.5208333333333334,0,0.0,0,0.0,2,0.04081632653061224,0,0,40.09090909090909,145.67857142857142,114.70833333333333,1,-38.0,114.0,116.0,0,113.64166666666667,206.16041666666666,98.24375,3,69.0,185.66666666666666,91.66666666666667,0,11.222222222222221,122.5,98.85714285714286,2,43.0,122.5,102.5,0,52.1,144.2,111.33333333333333,0,-18.8,126.0,117.8,3,-22.0,102.33333333333333,133.66666666666666,1,-26.0,87.0,128.0,0,0.6666666666666656,128.33333333333334,124.10416666666667,0,27.857142857142858,146.78571428571428,165.21428571428572,2,15.5,120.0,84.0,1,-24.0,113.0,119.0,1,18.0,121.0,230.0,0,19.928571428571427,132.64285714285714,116.5,0,-4.222222222222222,120.77777777777777,113.88888888888889,0,-0.7,109.2,110.6,2,-32.5,79.5,109.5,0,-45.75,78.25,143.0,2,70.5,184.0,162.5,0,-29.375,116.125,120.375,0,-39.8,98.4,111.4,0,-4.833333333333333,102.25,108.0,0,-23.833333333333332,69.83333333333334,125.5
100081,1092206,129.64583333333334,80.07665327238367,115.5,49.75,85.87368421052632,154.5994649752615,47.0,125.0,215.42105263157896,154.89117258985544,166.0,114.5,96,20.604,4.659289458357601,55.91147350029121,0.24210526315789474,0,0.0,14,0.14583333333333334,3,0.03125,0,0,40.09090909090909,145.67857142857142,114.70833333333333,0,-35.81944444444444,93.45833333333333,117.2638888888889,8,106.0,259.25,100.5,1,47.0,164.0,151.0,0,11.222222222222221,122.5,98.85714285714286,0,-19.60833333333333,89.10833333333333,113.74166666666667,0,52.1,144.2,111.33333333333333,2,-10.0,136.5,133.0,1,74.0,166.0,108.0,1,31.0,165.0,105.0,0,0.6666666666666656,128.33333333333334,124.10416666666667,2,117.0,242.5,157.0,1,-36.0,91.0,131.0,0,25.3,135.6,131.2,2,55.0,169.5,386.0,1,16.0,139.0,102.0,1,94.0,176.0,89.0,1,-49.0,56.0,97.0,0,-20.75,111.94444444444446,122.3888888888889,0,-45.75,78.25,143.0,0,51.5,164.6,145.9,2,-24.5,125.0,107.5,1,-55.0,89.0,118.0,0,-4.833333333333333,102.25,108.0,0,-23.833333333333332,69.83333333333334,125.5
100081,1092241,116.77272727272727,26.269463465091967,117.5,31.0,24.790697674418606,98.42517123211618,0.0,69.5,141.88372093023256,102.70395687726788,120.0,77.0,44,6.204,7.092198581560284,85.10638297872342,0.4418604651162791,0,0.0,0,0.0,1,0.022727272727272728,0,0,40.09090909090909,145.67857142857142,114.70833333333333,3,-42.666666666666664,74.33333333333333,125.33333333333333,0,113.64166666666667,206.16041666666666,98.24375,1,0.0,98.0,59.0,0,11.222222222222221,122.5,98.85714285714286,1,-24.0,35.0,118.0,0,52.1,144.2,111.33333333333333,1,-42.0,71.0,97.0,1,-10.0,120.0,117.0,2,-7.5,106.5,119.5,1,-31.0,100.0,105.0,2,31.0,163.0,140.5,0,-24.333333333333332,98.83333333333333,119.22222222222223,0,25.3,135.6,131.2,0,67.71428571428571,176.78571428571428,254.67857142857142,0,19.928571428571427,132.64285714285714,116.5,1,-29.0,85.0,104.0,0,-0.7,109.2,110.6,1,17.0,156.0,119.0,0,-45.75,78.25,143.0,0,51.5,164.6,145.9,0,-29.375,116.125,120.375,1,-63.0,74.0,141.0,0,-4.833333333333333,102.25,108.0,0,-23.833333333333332,69.83333333333334,125.5
100102,1092226,119.7872340425532,60.198584902507235,110.0,21.0,136.2391304347826,190.91725783274356,91.0,123.5,257.0869565217391,183.28924944006525,205.5,140.25,47,11.897,3.9505757754055644,47.40690930486677,0.08695652173913043,0,0.0,0,0.0,2,0.0425531914893617,0,0,40.09090909090909,145.67857142857142,114.70833333333333,3,77.0,191.0,110.33333333333333,0,328.087962962963,420.5555555555556,93.77314814814815,1,75.0,172.0,117.0,0,11.222222222222221,122.5,98.85714285714286,2,71.0,188.0,110.0,0,52.1,144.2,111.33333333333333,1,76.0,189.0,104.0,1,230.0,340.0,100.0,2,12.5,122.5,113.5,1,136.0,255.0,76.0,0,237.8125,326.625,114.6875,1,10.0,110.0,119.0,0,147.9375,246.9375,124.4375,1,346.0,462.0,251.0,1,122.0,198.0,97.0,0,-4.857142857142857,146.57142857142858,122.0,1,-56.0,159.0,157.0,0,-29.714285714285715,115.64285714285714,133.64285714285714,0,126.33333333333333,238.66666666666666,95.0,1,296.0,414.0,119.0,0,60.0,180.1,88.2,0,171.08333333333334,258.9166666666667,100.20833333333333,0,112.41666666666667,216.5,96.08333333333333,0,133.25,246.75,98.0
100102,1092251,119.53333333333333,52.47776248617652,105.5,19.5,82.98305084745763,118.64567553390101,80.0,109.0,202.11864406779662,101.87414714140468,179.0,98.5,60,12.068,4.971826317533974,59.66191581040769,0.15254237288135594,0,0.0,1,0.016666666666666666,3,0.05,1,0,40.09090909090909,145.67857142857142,114.70833333333333,3,46.333333333333336,149.0,121.0,0,328.087962962963,420.5555555555556,93.77314814814815,2,317.5,429.0,136.5,0,11.222222222222221,122.5,98.85714285714286,3,59.0,167.66666666666666,97.0,0,52.1,144.2,111.33333333333333,1,14.0,174.0,105.0,1,38.0,139.0,117.0,2,40.5,136.5,114.5,0,237.5625,329.3125,92.0,0,237.8125,326.625,114.6875,1,90.0,194.0,91.0,2,132.5,248.0,118.5,1,80.0,179.0,430.0,0,112.77777777777777,204.03703703703704,93.37037037037038,1,118.0,230.0,114.0,0,-47.5,131.25,140.0,2,-44.0,109.5,138.5,0,126.33333333333333,238.66666666666666,95.0,0,229.625,335.0,91.625,1,132.0,251.0,95.0,0,171.08333333333334,258.9166666666667,100.20833333333333,0,112.41666666666667,216.5,96.08333333333333,0,133.25,246.75,98.0
100102,1092272,150.69565217391303,127.02736260610004,116.0,37.0,279.6363636363636,790.1144649787112,65.0,157.25,431.22727272727275,787.7564766658066,189.5,196.25,23,9.618,2.3913495529216053,28.69619463505926,0.13636363636363635,0,0.0,1,0.043478260869565216,2,0.08695652173913043,0,0,40.09090909090909,145.67857142857142,114.70833333333333,1,23.0,141.0,116.0,0,328.087962962963,420.5555555555556,93.77314814814815,1,67.0,166.0,113.0,0,11.222222222222221,122.5,98.85714285714286,1,-26.0,87.0,116.0,0,52.1,144.2,111.33333333333333,1,51.0,161.0,99.0,1,160.0,250.0,104.0,1,52.0,168.0,118.0,0,237.5625,329.3125,92.0,0,237.8125,326.625,114.6875,0,42.125,155.375,99.875,0,147.9375,246.9375,124.4375,0,265.3333333333333,362.5,379.8333333333333,0,112.77777777777777,204.03703703703704,93.37037037037038,0,-4.857142857142857,146.57142857142858,122.0,0,-47.5,131.25,140.0,0,-29.714285714285715,115.64285714285714,133.64285714285714,0,126.33333333333333,238.66666666666666,95.0,1,191.0,295.0,86.0,0,60.0,180.1,88.2,0,171.08333333333334,258.9166666666667,100.20833333333333,0,112.41666666666667,216.5,96.08333333333333,0,133.25,246.75,98.0
100102,1092297,119.93478260869566,87.46785799066123,103.5,27.5,128.95555555555555,151.66922423566,91.0,104.0,249.6,146.51725723158575,206.0,101.0,46,11.32,4.063604240282685,48.76325088339222,0.06666666666666667,0,0.0,0,0.0,1,0.021739130434782608,0,0,40.09090909090909,145.67857142857142,114.70833333333333,1,55.0,143.0,103.0,0,328.087962962963,420.5555555555556,93.77314814814815,1,159.0,251.0,105.0,0,11.222222222222221,122.5,98.85714285714286,1,237.0,348.0,91.0,0,52.1,144.2,111.33333333333333,1,67.0,196.0,76.0,2,72.5,177.0,102.5,0,33.0,129.4375,115.77083333333333,0,237.5625,329.3125,92.0,1,51.0,141.0,110.0,0,42.125,155.375,99.875,1,176.0,264.0,121.0,0,265.3333333333333,362.5,379.8333333333333,1,113.0,199.0,90.0,0,-4.857142857142857,146.57142857142858,122.0,0,-47.5,131.25,140.0,1,-51.0,105.0,127.0,1,159.0,261.0,86.0,0,229.625,335.0,91.625,0,60.0,180.1,88.2,1,192.0,278.0,102.0,0,112.41666666666667,216.5,96.08333333333333,1,98.0,184.0,88.0
100102,1092320,150.77272727272728,155.64205198823174,101.0,24.0,318.3333333333333,452.04533415022007,148.0,255.0,471.0,406.1862111091883,257.0,236.0,22,10.002,2.1995600879824035,26.394721055788843,0.09523809523809523,0,0.0,2,0.09090909090909091,2,0.09090909090909091,0,0,40.09090909090909,145.67857142857142,114.70833333333333,0,70.725,180.8638888888889,102.35277777777777,1,74.0,166.0,105.0,0,140.46969696969697,236.8939393939394,110.8030303030303,0,11.222222222222221,122.5,98.85714285714286,0,42.925925925925924,153.37037037037035,98.87037037037038,0,52.1,144.2,111.33333333333333,0,82.70370370370371,210.7037037037037,97.62962962962962,0,77.5,185.97727272727272,96.45454545454545,0,33.0,129.4375,115.77083333333333,1,148.0,234.0,89.0,0,237.8125,326.625,114.6875,0,42.125,155.375,99.875,0,147.9375,246.9375,124.4375,1,102.0,197.0,650.0,1,118.0,207.0,95.0,0,-4.857142857142857,146.57142857142858,122.0,0,-47.5,131.25,140.0,0,-29.714285714285715,115.64285714285714,133.64285714285714,0,126.33333333333333,238.66666666666666,95.0,1,168.0,268.0,86.0,0,60.0,180.1,88.2,0,171.08333333333334,258.9166666666667,100.20833333333333,0,112.41666666666667,216.5,96.08333333333333,0,133.25,246.75,98.0
100102,1092342,116.35483870967742,42.584677228451596,105.0,34.0,98.26229508196721,141.55829496508187,67.0,119.0,215.14754098360655,135.22947540585744,194.0,101.0,62,13.208,4.694124772864931,56.329497274379165,0.13114754098360656,0,0.0,1,0.016129032258064516,1,0.016129032258064516,0,0,40.09090909090909,145.67857142857142,114.70833333333333,5,45.2,146.2,99.4,0,328.087962962963,420.5555555555556,93.77314814814815,1,57.0,152.0,101.0,0,11.222222222222221,122.5,98.85714285714286,2,86.0,203.0,93.0,0,52.1,144.2,111.33333333333333,1,26.0,167.0,90.0,0,77.5,185.97727272727272,96.45454545454545,2,7.5,100.5,95.0,1,168.0,257.0,87.0,0,237.8125,326.625,114.6875,0,42.125,155.375,99.875,1,4.0,115.0,127.0,0,265.3333333333333,362.5,379.8333333333333,0,112.77777777777777,204.03703703703704,93.37037037037038,1,4.0,162.0,99.0,1,-56.0,115.0,132.0,0,-29.714285714285715,115.64285714285714,133.64285714285714,1,130.0,271.0,105.0,1,272.0,375.0,89.0,0,60.0,180.1,88.2,0,171.08333333333334,258.9166666666667,100.20833333333333,0,112.41666666666667,216.5,96.08333333333333,1,38.0,170.0,103.0
100102,1092366,116.6923076923077,65.37805396942007,102.0,22.75,169.84,207.73939058349043,117.0,137.0,287.28,189.55516769531766,233.0,140.0,26,7.28,3.571428571428571,42.85714285714286,0.12,0,0.0,4,0.15384615384615385,1,0.038461538461538464,0,0,40.09090909090909,145.67857142857142,114.70833333333333,0,70.725,180.8638888888889,102.35277777777777,3,65.66666666666667,166.66666666666666,97.0,0,140.46969696969697,236.8939393939394,110.8030303030303,0,11.222222222222221,122.5,98.85714285714286,0,42.925925925925924,153.37037037037035,98.87037037037038,0,52.1,144.2,111.33333333333333,0,82.70370370370371,210.7037037037037,97.62962962962962,1,39.0,171.0,74.0,0,33.0,129.4375,115.77083333333333,0,237.5625,329.3125,92.0,0,237.8125,326.625,114.6875,0,42.125,155.375,99.875,0,147.9375,246.9375,124.4375,0,265.3333333333333,362.5,379.8333333333333,0,112.77777777777777,204.03703703703704,93.37037037037038,0,-4.857142857142857,146.57142857142858,122.0,0,-47.5,131.25,140.0,1,-65.0,90.0,137.0,1,152.0,237.0,81.0,0,229.625,335.0,91.625,0,60.0,180.1,88.2,0,171.08333333333334,258.9166666666667,100.20833333333333,0,112.41666666666667,216.5,96.08333333333333,0,133.25,246.75,98.0
100102,1092380,109.36363636363636,48.128752939424196,101.0,20.0,133.3148148148148,158.06630395877522,95.0,105.0,242.92592592592592,155.03677602568675,198.5,126.5,55,13.214,4.16225215680339,49.947025881640684,0.09259259259259259,0,0.0,0,0.0,1,0.01818181818181818,0,0,40.09090909090909,145.67857142857142,114.70833333333333,2,298.0,423.5,96.0,0,328.087962962963,420.5555555555556,93.77314814814815,0,140.46969696969697,236.8939393939394,110.8030303030303,0,11.222222222222221,122.5,98.85714285714286,0,42.925925925925924,153.37037037037035,98.87037037037038,0,52.1,144.2,111.33333333333333,0,82.70370370370371,210.7037037037037,97.62962962962962,0,77.5,185.97727272727272,96.45454545454545,0,33.0,129.4375,115.77083333333333,1,127.0,220.0,95.0,1,370.0,453.0,104.0,1,141.0,254.0,83.0,1,161.0,262.0,118.0,0,265.3333333333333,362.5,379.8333333333333,1,100.0,195.0,103.0,1,-62.0,103.0,141.0,0,-47.5,131.25,140.0,0,-29.714285714285715,115.64285714285714,133.64285714285714,1,116.0,212.0,111.0,1,371.0,483.0,93.0,0,60.0,180.1,88.2,0,171.08333333333334,258.9166666666667,100.20833333333333,2,148.0,256.5,106.5,0,133.25,246.75,98.0
100102,1092406,122.38461538461539,92.11743212755742,108.5,20.5,130.8235294117647,198.4973656053126,80.0,112.5,254.13725490196077,194.4663910281755,196.0,108.5,52,13.036,3.9889536667689476,47.86744400122737,0.13725490196078433,0,0.0,1,0.019230769230769232,1,0.019230769230769232,0,0,40.09090909090909,145.67857142857142,114.70833333333333,3,36.0,152.0,98.33333333333333,0,328.087962962963,420.5555555555556,93.77314814814815,2,84.5,166.0,108.0,0,11.222222222222221,122.5,98.85714285714286,2,-35.0,73.0,91.5,0,52.1,144.2,111.33333333333333,1,328.0,476.0,111.0,1,76.0,188.0,100.0,2,57.0,148.5,111.5,2,144.5,232.5,89.0,1,100.0,197.0,123.0,0,42.125,155.375,99.875,0,147.9375,246.9375,124.4375,0,265.3333333333333,362.5,379.8333333333333,1,109.0,210.0,97.0,2,-47.0,117.5,137.5,0,-47.5,131.25,140.0,0,-29.714285714285715,115.64285714285714,133.64285714285714,1,150.0,253.0,86.0,0,229.625,335.0,91.625,0,60.0,180.1,88.2,0,171.08333333333334,258.9166666666667,100.20833333333333,0,112.41666666666667,216.5,96.08333333333333,0,133.25,246.75,98.0
100102,1092436,111.32142857142857,49.10827704317939,100.5,32.25,250.57831325301206,462.6438199176536,93.0,173.5,362.31325301204816,452.759914774671,206.0,166.5,84,30.149,2.7861620617599256,33.433944741119106,0.08433734939759036,0,0.0,11,0.13095238095238096,2,0.023809523809523808,0,0,40.09090909090909,145.67857142857142,114.70833333333333,3,122.66666666666667,239.66666666666666,82.66666666666667,9,419.1111111111111,507.6666666666667,87.88888888888889,3,199.66666666666666,302.0,121.66666666666667,0,11.222222222222221,122.5,98.85714285714286,3,2.0,123.66666666666667,107.66666666666667,0,52.1,144.2,111.33333333333333,2,90.0,205.0,95.0,4,64.5,180.25,92.0,1,14.0,100.0,158.0,1,166.0,247.0,116.0,1,1021.0,1062.0,119.0,1,77.0,190.0,101.0,1,405.0,504.0,165.0,1,818.0,914.0,374.0,0,112.77777777777777,204.03703703703704,93.37037037037038,2,38.0,196.5,130.5,1,-26.0,132.0,140.0,1,-40.0,95.0,142.0,0,126.33333333333333,238.66666666666666,95.0,0,229.625,335.0,91.625,2,86.0,207.5,92.0,0,171.08333333333334,258.9166666666667,100.20833333333333,1,41.0,151.0,85.0,0,133.25,246.75,98.0
100102,1092494,106.2625,39.071007073660134,101.0,23.5,114.36708860759494,134.3731039633266,88.0,108.5,220.9493670886076,125.97858957475668,196.0,98.0,80,17.536,4.562043795620437,54.74452554744526,0.08860759493670886,0,0.0,6,0.075,2,0.025,0,0,40.09090909090909,145.67857142857142,114.70833333333333,2,29.5,140.0,93.0,4,73.25,155.0,87.75,2,213.0,308.0,101.0,0,11.222222222222221,122.5,98.85714285714286,1,-16.0,84.0,101.0,0,52.1,144.2,111.33333333333333,3,77.33333333333333,186.33333333333334,97.66666666666667,1,51.0,158.0,87.0,3,59.0,151.0,107.66666666666667,0,237.5625,329.3125,92.0,1,-56.0,49.0,103.0,1,18.0,146.0,96.0,2,165.0,253.5,124.0,1,157.0,237.0,286.0,3,102.0,196.33333333333334,101.33333333333333,1,-53.0,102.0,127.0,0,-47.5,131.25,140.0,0,-29.714285714285715,115.64285714285714,133.64285714285714,1,51.0,198.0,101.0,0,229.625,335.0,91.625,0,60.0,180.1,88.2,2,170.0,264.0,96.5,1,186.0,290.0,90.0,0,133.25,246.75,98.0
100102,1092539,122.36111111111111,73.58787369071747,101.5,26.5,79.05714285714286,127.04508600316277,50.0,96.0,200.6,127.85956581902103,170.0,109.0,36,7.172,5.01952035694367,60.234244283324045,0.08571428571428572,0,0.0,0,0.0,2,0.05555555555555555,0,0,40.09090909090909,145.67857142857142,114.70833333333333,0,70.725,180.8638888888889,102.35277777777777,0,328.087962962963,420.5555555555556,93.77314814814815,2,60.5,151.5,104.0,0,11.222222222222221,122.5,98.85714285714286,0,42.925925925925924,153.37037037037035,98.87037037037038,0,52.1,144.2,111.33333333333333,0,82.70370370370371,210.7037037037037,97.62962962962962,2,54.0,162.5,91.0,0,33.0,129.4375,115.77083333333333,0,237.5625,329.3125,92.0,0,237.8125,326.625,114.6875,0,42.125,155.375,99.875,1,12.0,113.0,106.0,0,265.3333333333333,362.5,379.8333333333333,0,112.77777777777777,204.03703703703704,93.37037037037038,0,-4.857142857142857,146.57142857142858,122.0,0,-47.5,131.25,140.0,1,-69.0,64.0,146.0,0,126.33333333333333,238.66666666666666,95.0,1,154.0,254.0,81.0,1,30.0,157.0,82.0,3,157.33333333333334,243.66666666666666,100.33333333333333,1,39.0,140.0,101.0,0,133.25,246.75,98.0
100102,1092564,111.86666666666666,55.19464547298848,101.0,25.75,116.51724137931035,191.93867926837095,80.0,95.0,229.13793103448276,187.67299589664685,189.0,111.0,30,6.735,4.4543429844097995,53.45211581291759,0.06896551724137931,0,0.0,0,0.0,1,0.03333333333333333,0,0,40.09090909090909,145.67857142857142,114.70833333333333,1,17.0,133.0,115.0,0,328.087962962963,420.5555555555556,93.77314814814815,0,140.46969696969697,236.8939393939394,110.8030303030303,0,11.222222222222221,122.5,98.85714285714286,0,42.925925925925924,153.37037037037035,98.87037037037038,0,52.1,144.2,111.33333333333333,0,82.70370370370371,210.7037037037037,97.62962962962962,2,41.5,151.0,103.5,0,33.0,129.4375,115.77083333333333,1,868.0,957.0,87.0,2,70.5,164.0,117.5,1,-17.0,106.0,103.0,0,147.9375,246.9375,124.4375,0,265.3333333333333,362.5,379.8333333333333,1,102.0,189.0,90.0,0,-4.857142857142857,146.57142857142858,122.0,0,-47.5,131.25,140.0,0,-29.714285714285715,115.64285714285714,133.64285714285714,0,126.33333333333333,238.66666666666666,95.0,1,150.0,250.0,90.0,1,10.0,127.0,76.0,0,171.08333333333334,258.9166666666667,100.20833333333333,1,150.0,247.0,100.0,0,133.25,246.75,98.0
100102,1092583,112.33333333333333,42.95318201729213,103.0,16.0,103.29411764705883,119.77037574698674,81.5,95.5,216.0,110.38302299133632,190.5,101.75,69,14.775,4.67005076142132,56.04060913705584,0.10294117647058823,0,0.0,2,0.028985507246376812,2,0.028985507246376812,0,0,40.09090909090909,145.67857142857142,114.70833333333333,2,46.0,154.0,103.5,1,66.0,167.0,113.0,3,73.0,174.33333333333334,97.66666666666667,0,11.222222222222221,122.5,98.85714285714286,3,8.333333333333334,106.0,82.66666666666667,0,52.1,144.2,111.33333333333333,0,82.70370370370371,210.7037037037037,97.62962962962962,0,77.5,185.97727272727272,96.45454545454545,2,21.5,108.5,108.0,0,237.5625,329.3125,92.0,1,289.0,389.0,126.0,1,-22.0,103.0,100.0,1,128.0,216.0,116.0,1,89.0,186.0,288.0,1,106.0,202.0,97.0,0,-4.857142857142857,146.57142857142858,122.0,1,-52.0,119.0,131.0,1,129.0,227.0,101.0,0,126.33333333333333,238.66666666666666,95.0,0,229.625,335.0,91.625,1,42.0,158.0,96.0,1,165.0,250.0,102.0,2,110.5,214.5,94.0,1,62.0,193.0,102.0
100102,1092617,108.19607843137256,29.797367700456387,102.0,25.5,194.98,333.4786643849948,90.5,211.0,303.82,326.55803098377476,196.5,189.5,51,15.267,3.3405384161917864,40.08646099430143,0.1,0,0.0,3,0.058823529411764705,1,0.0196078431372549,0,0,40.09090909090909,145.67857142857142,114.70833333333333,1,53.0,158.0,90.0,2,1270.5,1361.0,72.0,1,239.0,334.0,114.0,0,11.222222222222221,122.5,98.85714285714286,0,42.925925925925924,153.37037037037035,98.87037037037038,0,52.1,144.2,111.33333333333333,1,15.0,142.0,101.0,1,26.0,129.0,90.0,0,33.0,129.4375,115.77083333333333,1,143.0,232.0,97.0,1,57.0,158.0,115.0,1,40.0,140.0,106.0,0,147.9375,246.9375,124.4375,0,265.3333333333333,362.5,379.8333333333333,1,143.0,240.0,70.0,1,-32.0,115.0,105.0,0,-47.5,131.25,140.0,1,-68.0,119.0,144.0,0,126.33333333333333,238.66666666666666,95.0,1,235.0,341.0,89.0,0,60.0,180.1,88.2,0,171.08333333333334,258.9166666666667,100.20833333333333,0,112.41666666666667,216.5,96.08333333333333,1,335.0,440.0,99.0
100108,1092257,132.10294117647058,42.270536152781396,124.5,40.5,111.49253731343283,365.9843146926173,32.0,138.0,242.80597014925374,362.03460042467736,161.0,129.0,68,16.453,4.1329848659818875,49.59581839178265,0.373134328358209,0,0.0,3,0.04411764705882353,2,0.029411764705882353,0,0,40.09090909090909,145.67857142857142,114.70833333333333,1,-98.0,35.0,98.0,1,106.0,202.0,87.0,1,-56.0,69.0,124.0,0,11.222222222222221,122.5,98.85714285714286,1,-41.0,83.0,124.0,0,52.1,144.2,111.33333333333333,0,-37.714285714285715,113.57142857142857,132.5,1,-54.0,92.0,155.0,1,-18.0,106.0,133.0,1,-48.0,72.0,79.0,0,60.5,171.41666666666666,133.5,1,-15.0,99.0,125.0,0,87.5,211.28571428571428,148.92857142857142,1,116.0,251.0,177.0,0,-29.75,109.5,119.5,0,-58.333333333333336,114.5,147.16666666666666,1,-101.0,87.0,201.0,1,-56.0,88.0,178.0,0,-22.5,138.75,171.0,0,51.1,167.0,143.3,0,-51.25,96.25,154.0,1,-27.0,86.0,116.0,1,665.0,808.0,137.0,1,-100.0,101.0,116.0
100108,1092286,156.75,130.90467391902456,135.0,49.75,66.6078431372549,277.25956398443344,-15.0,140.0,224.01960784313727,300.4513917944445,133.0,132.0,52,11.548,4.502944232767579,54.035330793210946,0.5490196078431373,0,0.0,2,0.038461538461538464,1,0.019230769230769232,0,0,40.09090909090909,145.67857142857142,114.70833333333333,1,-41.0,116.0,96.0,0,94.66666666666667,200.16666666666666,91.16666666666667,0,2.5714285714285716,137.42857142857142,130.35714285714286,0,11.222222222222221,122.5,98.85714285714286,1,-67.0,56.0,104.0,0,52.1,144.2,111.33333333333333,1,-51.0,100.0,100.0,1,-52.0,80.0,99.0,1,-35.0,68.0,157.0,0,-38.61666666666666,91.85,145.13333333333333,0,60.5,171.41666666666666,133.5,0,-32.0,107.375,118.125,1,79.0,191.0,133.0,0,211.16666666666666,352.8333333333333,279.5,0,-29.75,109.5,119.5,0,-58.333333333333336,114.5,147.16666666666666,1,-60.0,116.0,102.0,1,-46.0,103.0,119.0,0,-22.5,138.75,171.0,1,-12.0,84.0,135.0,0,-51.25,96.25,154.0,0,-25.0,92.5,108.0,0,293.0,420.6666666666667,164.33333333333334,3,-49.333333333333336,76.33333333333333,126.0
100108,1092312,150.07462686567163,112.44173462092384,138.0,33.0,42.72727272727273,174.64852543899855,-16.0,114.0,193.0909090909091,197.6951837423743,130.5,110.5,67,12.875,5.203883495145631,62.44660194174758,0.5151515151515151,0,0.0,4,0.05970149253731343,1,0.014925373134328358,0,0,40.09090909090909,145.67857142857142,114.70833333333333,1,-23.0,115.0,104.0,1,93.0,204.0,102.0,2,46.0,201.5,131.5,0,11.222222222222221,122.5,98.85714285714286,3,-29.666666666666668,98.33333333333333,124.66666666666667,0,52.1,144.2,111.33333333333333,2,49.0,173.0,152.5,1,-70.0,65.0,144.0,2,-18.0,109.5,128.0,3,-57.666666666666664,52.0,147.33333333333334,0,60.5,171.41666666666666,133.5,0,-32.0,107.375,118.125,0,87.5,211.28571428571428,148.92857142857142,0,211.16666666666666,352.8333333333333,279.5,0,-29.75,109.5,119.5,1,-43.0,100.0,99.0,0,-68.71428571428571,95.07142857142857,142.14285714285714,0,-78.14285714285714,100.64285714285714,141.64285714285714,0,-22.5,138.75,171.0,2,184.5,354.0,113.5,0,-51.25,96.25,154.0,0,-25.0,92.5,108.0,0,293.0,420.6666666666667,164.33333333333334,1,-47.0,136.0,149.0
100108,1092333,148.04,89.83739978427694,136.0,55.0,-4.375,75.80501989754153,-24.0,120.5,147.5,88.12018308348358,124.0,91.5,25,3.596,6.952169076751947,83.42602892102336,0.625,0,0.0,0,0.0,2,0.08,0,0,40.09090909090909,145.67857142857142,114.70833333333333,1,-49.0,90.0,81.0,0,94.66666666666667,200.16666666666666,91.16666666666667,0,2.5714285714285716,137.42857142857142,130.35714285714286,0,11.222222222222221,122.5,98.85714285714286,0,-47.75,90.35,130.31666666666666,0,52.1,144.2,111.33333333333333,1,-108.0,68.0,139.0,0,-25.22222222222222,111.61111111111111,122.72222222222223,1,-100.0,53.0,100.0,0,-38.61666666666666,91.85,145.13333333333333,2,47.5,156.0,132.0,0,-32.0,107.375,118.125,0,87.5,211.28571428571428,148.92857142857142,1,108.0,247.0,274.0,0,-29.75,109.5,119.5,1,-32.0,132.0,139.0,1,-35.0,65.0,164.0,0,-78.14285714285714,100.64285714285714,141.64285714285714,0,-22.5,138.75,171.0,0,51.1,167.0,143.3,0,-51.25,96.25,154.0,0,-25.0,92.5,108.0,0,293.0,420.6666666666667,164.33333333333334,0,-49.33333333333333,96.9047619047619,118.5
100108,1092347,143.05797101449275,93.63092578069427,133.0,32.0,14.470588235294118,104.63908146692715,-22.0,122.75,157.85294117647058,128.9707290897346,121.0,99.25,69,10.855,6.356517733763242,76.27821280515892,0.6617647058823529,0,0.0,0,0.0,1,0.014492753623188406,0,0,40.09090909090909,145.67857142857142,114.70833333333333,2,-48.5,140.0,91.5,0,94.66666666666667,200.16666666666666,91.16666666666667,2,-51.0,74.0,124.0,0,11.222222222222221,122.5,98.85714285714286,3,-29.333333333333332,102.66666666666667,130.0,0,52.1,144.2,111.33333333333333,1,-49.0,127.0,116.0,2,-39.0,94.5,122.5,3,-30.0,100.0,135.33333333333334,1,-80.0,57.0,152.0,1,203.0,319.0,140.0,2,-25.0,114.5,94.5,1,37.0,184.0,165.0,0,211.16666666666666,352.8333333333333,279.5,1,-22.0,101.0,147.0,1,-59.0,84.0,185.0,1,-36.0,84.0,143.0,1,-101.0,70.0,133.0,0,-22.5,138.75,171.0,0,51.1,167.0,143.3,2,-37.5,108.0,156.5,0,-25.0,92.5,108.0,0,293.0,420.6666666666667,164.33333333333334,1,-36.0,77.0,110.0
100108,1092363,151.94444444444446,114.16580156471368,125.5,54.75,28.114285714285714,135.50598751738326,16.0,121.0,179.34285714285716,139.70068879207284,153.0,94.0,36,6.539,5.505428964673498,66.06514757608197,0.4857142857142857,0,0.0,2,0.05555555555555555,2,0.05555555555555555,0,0,40.09090909090909,145.67857142857142,114.70833333333333,0,-42.559090909090905,114.91818181818181,114.41363636363636,1,89.0,191.0,70.0,1,-48.0,119.0,124.0,0,11.222222222222221,122.5,98.85714285714286,0,-47.75,90.35,130.31666666666666,0,52.1,144.2,111.33333333333333,0,-37.714285714285715,113.57142857142857,132.5,0,-25.22222222222222,111.61111111111111,122.72222222222223,0,-45.90909090909091,93.5909090909091,129.75757575757575,1,-72.0,54.0,140.0,0,60.5,171.41666666666666,133.5,0,-32.0,107.375,118.125,0,87.5,211.28571428571428,148.92857142857142,0,211.16666666666666,352.8333333333333,279.5,1,-45.0,95.0,83.0,0,-58.333333333333336,114.5,147.16666666666666,0,-68.71428571428571,95.07142857142857,142.14285714285714,1,-82.0,85.0,125.0,0,-22.5,138.75,171.0,1,74.0,142.0,126.0,0,-51.25,96.25,154.0,1,-23.0,99.0,100.0,1,-27.0,62.0,167.0,0,-49.33333333333333,96.9047619047619,118.5
100108,1092377,139.56716417910448,96.839800606519,132.0,45.0,9.848484848484848,103.17802244609136,-20.0,95.75,149.92424242424244,116.48856239940737,116.0,82.25,67,10.001,6.699330066993301,80.39196080391962,0.6212121212121212,0,0.0,0,0.0,1,0.014925373134328358,0,0,40.09090909090909,145.67857142857142,114.70833333333333,4,-38.75,118.0,120.25,0,94.66666666666667,200.16666666666666,91.16666666666667,2,46.5,123.5,126.0,0,11.222222222222221,122.5,98.85714285714286,2,-50.5,78.5,139.5,0,52.1,144.2,111.33333333333333,0,-37.714285714285715,113.57142857142857,132.5,1,9.0,138.0,49.0,1,-65.0,82.0,99.0,2,-56.0,63.0,140.0,2,7.5,115.5,119.0,0,-32.0,107.375,118.125,2,123.0,250.0,133.5,0,211.16666666666666,352.8333333333333,279.5,1,-36.0,99.0,101.0,0,-58.333333333333336,114.5,147.16666666666666,2,-89.0,86.5,144.0,0,-78.14285714285714,100.64285714285714,141.64285714285714,1,-52.0,85.0,103.0,0,51.1,167.0,143.3,4,-34.25,100.75,131.0,0,-25.0,92.5,108.0,0,293.0,420.6666666666667,164.33333333333334,1,-17.0,113.0,105.0
100108,1092395,141.34146341463415,100.43432747046093,125.0,52.0,14.575,115.13402787621041,-19.5,105.25,156.95,133.29515182481322,121.0,59.5,41,6.378,6.428347444339918,77.14016933207901,0.55,0,0.0,1,0.024390243902439025,1,0.024390243902439025,0,0,40.09090909090909,145.67857142857142,114.70833333333333,1,-31.0,118.0,102.0,0,94.66666666666667,200.16666666666666,91.16666666666667,0,2.5714285714285716,137.42857142857142,130.35714285714286,0,11.222222222222221,122.5,98.85714285714286,0,-47.75,90.35,130.31666666666666,0,52.1,144.2,111.33333333333333,1,-32.0,101.0,100.0,0,-25.22222222222222,111.61111111111111,122.72222222222223,1,-20.0,122.0,149.0,2,-85.0,68.5,152.0,1,16.0,134.0,161.0,1,-35.0,116.0,100.0,0,87.5,211.28571428571428,148.92857142857142,0,211.16666666666666,352.8333333333333,279.5,0,-29.75,109.5,119.5,1,-33.0,100.0,101.0,1,-74.0,100.0,116.0,0,-78.14285714285714,100.64285714285714,141.64285714285714,0,-22.5,138.75,171.0,1,-37.0,65.0,153.0,0,-51.25,96.25,154.0,0,-25.0,92.5,108.0,0,293.0,420.6666666666667,164.33333333333334,0,-49.33333333333333,96.9047619047619,118.5
100108,1092405,136.93939393939394,31.709800983616557,132.0,38.0,10.1875,124.44889450593766,-25.5,58.75,147.28125,118.4325320528,121.5,61.5,33,4.845,6.811145510835914,81.73374613003095,0.6875,0,0.0,0,0.0,1,0.030303030303030304,0,0,40.09090909090909,145.67857142857142,114.70833333333333,0,-42.559090909090905,114.91818181818181,114.41363636363636,0,94.66666666666667,200.16666666666666,91.16666666666667,0,2.5714285714285716,137.42857142857142,130.35714285714286,0,11.222222222222221,122.5,98.85714285714286,1,-23.0,134.0,116.0,0,52.1,144.2,111.33333333333333,0,-37.714285714285715,113.57142857142857,132.5,1,1.0,125.0,142.0,0,-45.90909090909091,93.5909090909091,129.75757575757575,0,-38.61666666666666,91.85,145.13333333333333,0,60.5,171.41666666666666,133.5,0,-32.0,107.375,118.125,0,87.5,211.28571428571428,148.92857142857142,0,211.16666666666666,352.8333333333333,279.5,0,-29.75,109.5,119.5,1,-67.0,81.0,153.0,0,-68.71428571428571,95.07142857142857,142.14285714285714,2,-83.0,51.5,129.5,0,-22.5,138.75,171.0,0,51.1,167.0,143.3,1,-54.0,116.0,176.0,0,-25.0,92.5,108.0,0,293.0,420.6666666666667,164.33333333333334,2,-54.0,102.0,138.5
100108,1092417,159.64285714285714,110.74720708691042,134.5,44.75,36.81481481481482,145.13953363906646,16.0,137.5,197.74074074074073,143.2520680718387,175.0,125.5,28,5.464,5.124450951683748,61.49341142020497,0.4074074074074074,0,0.0,2,0.07142857142857142,1,0.03571428571428571,0,0,40.09090909090909,145.67857142857142,114.70833333333333,0,-42.559090909090905,114.91818181818181,114.41363636363636,1,100.0,213.0,85.0,2,64.5,220.0,137.0,0,11.222222222222221,122.5,98.85714285714286,2,-35.0,102.0,166.0,0,52.1,144.2,111.33333333333333,0,-37.714285714285715,113.57142857142857,132.5,1,-39.0,105.0,103.0,1,-32.0,102.0,120.0,1,51.0,169.0,133.0,0,60.5,171.41666666666666,133.5,0,-32.0,107.375,118.125,1,141.0,244.0,130.0,0,211.16666666666666,352.8333333333333,279.5,0,-29.75,109.5,119.5,0,-58.333333333333336,114.5,147.16666666666666,0,-68.71428571428571,95.07142857142857,142.14285714285714,0,-78.14285714285714,100.64285714285714,141.64285714285714,0,-22.5,138.75,171.0,0,51.1,167.0,143.3,0,-51.25,96.25,154.0,0,-25.0,92.5,108.0,0,293.0,420.6666666666667,164.33333333333334,0,-49.33333333333333,96.9047619047619,118.5
100108,1092455,141.69333333333333,68.60281302946372,136.0,56.0,95.5,285.35749271510053,33.0,165.25,237.56756756756758,273.50137511789694,159.5,141.5,75,17.694,4.238724991522551,50.8646998982706,0.43243243243243246,0,0.0,6,0.08,1,0.013333333333333334,0,0,40.09090909090909,145.67857142857142,114.70833333333333,5,-13.4,193.6,129.8,2,92.0,190.0,101.0,0,2.5714285714285716,137.42857142857142,130.35714285714286,0,11.222222222222221,122.5,98.85714285714286,0,-47.75,90.35,130.31666666666666,0,52.1,144.2,111.33333333333333,0,-37.714285714285715,113.57142857142857,132.5,1,-73.0,85.0,146.0,1,-66.0,69.0,156.0,0,-38.61666666666666,91.85,145.13333333333333,1,15.0,100.0,109.0,0,-32.0,107.375,118.125,2,232.5,350.0,166.0,0,211.16666666666666,352.8333333333333,279.5,1,-16.0,143.0,147.0,0,-58.333333333333336,114.5,147.16666666666666,0,-68.71428571428571,95.07142857142857,142.14285714285714,1,-62.0,157.0,134.0,1,-31.0,154.0,179.0,0,51.1,167.0,143.3,1,-90.0,57.0,159.0,0,-25.0,92.5,108.0,0,293.0,420.6666666666667,164.33333333333334,1,-42.0,73.0,85.0
100108,1092486,162.97222222222223,73.94761137721123,158.0,57.25,17.314285714285713,95.70274557296715,-16.0,135.5,180.88571428571427,107.62202945721567,145.0,106.5,36,6.473,5.561563417271744,66.73876100726093,0.5714285714285714,0,0.0,0,0.0,1,0.027777777777777776,0,0,40.09090909090909,145.67857142857142,114.70833333333333,2,-27.0,123.5,150.5,0,94.66666666666667,200.16666666666666,91.16666666666667,0,2.5714285714285716,137.42857142857142,130.35714285714286,0,11.222222222222221,122.5,98.85714285714286,0,-47.75,90.35,130.31666666666666,0,52.1,144.2,111.33333333333333,0,-37.714285714285715,113.57142857142857,132.5,0,-25.22222222222222,111.61111111111111,122.72222222222223,0,-45.90909090909091,93.5909090909091,129.75757575757575,2,-20.5,125.0,168.0,0,60.5,171.41666666666666,133.5,0,-32.0,107.375,118.125,1,0.0,122.0,183.0,0,211.16666666666666,352.8333333333333,279.5,0,-29.75,109.5,119.5,0,-58.333333333333336,114.5,147.16666666666666,0,-68.71428571428571,95.07142857142857,142.14285714285714,0,-78.14285714285714,100.64285714285714,141.64285714285714,1,119.0,241.0,201.0,0,51.1,167.0,143.3,0,-51.25,96.25,154.0,0,-25.0,92.5,108.0,1,241.0,392.0,189.0,0,-49.33333333333333,96.9047619047619,118.5
100108,1092506,164.72972972972974,122.45984419583219,148.0,52.0,-0.4444444444444444,115.66653324786841,-40.5,128.5,164.55555555555554,131.3769902998501,113.5,101.5,37,6.176,5.990932642487047,71.89119170984456,0.6111111111111112,0,0.0,2,0.05405405405405406,2,0.05405405405405406,0,0,40.09090909090909,145.67857142857142,114.70833333333333,2,-62.0,105.0,143.0,1,88.0,201.0,102.0,0,2.5714285714285716,137.42857142857142,130.35714285714286,0,11.222222222222221,122.5,98.85714285714286,1,-82.0,69.0,100.0,0,52.1,144.2,111.33333333333333,1,-50.0,110.0,107.0,0,-25.22222222222222,111.61111111111111,122.72222222222223,1,-82.0,69.0,129.0,1,-80.0,100.0,134.0,2,74.0,204.0,140.0,1,-53.0,100.0,153.0,0,87.5,211.28571428571428,148.92857142857142,0,211.16666666666666,352.8333333333333,279.5,0,-29.75,109.5,119.5,0,-58.333333333333336,114.5,147.16666666666666,0,-68.71428571428571,95.07142857142857,142.14285714285714,0,-78.14285714285714,100.64285714285714,141.64285714285714,1,-126.0,75.0,201.0,0,51.1,167.0,143.3,2,-40.5,99.5,147.5,0,-25.0,92.5,108.0,0,293.0,420.6666666666667,164.33333333333334,0,-49.33333333333333,96.9047619047619,118.5
100108,1092520,156.28205128205127,45.92633383345535,147.0,49.5,201.23684210526315,358.1091008566293,51.0,290.75,357.63157894736844,353.1297972978381,197.0,271.25,39,13.742,2.8380148450007274,34.05617814000873,0.34210526315789475,0,0.0,2,0.05128205128205128,1,0.02564102564102564,0,0,40.09090909090909,145.67857142857142,114.70833333333333,2,-36.5,110.0,142.5,0,94.66666666666667,200.16666666666666,91.16666666666667,0,2.5714285714285716,137.42857142857142,130.35714285714286,0,11.222222222222221,122.5,98.85714285714286,1,-52.0,102.0,188.0,0,52.1,144.2,111.33333333333333,1,-23.0,116.0,213.0,1,90.0,220.0,144.0,1,-39.0,149.0,121.0,0,-38.61666666666666,91.85,145.13333333333333,0,60.5,171.41666666666666,133.5,0,-32.0,107.375,118.125,1,0.0,138.0,132.0,0,211.16666666666666,352.8333333333333,279.5,0,-29.75,109.5,119.5,1,-116.0,190.0,206.0,1,-86.0,127.0,125.0,1,-117.0,150.0,173.0,0,-22.5,138.75,171.0,1,46.0,190.0,189.0,0,-51.25,96.25,154.0,0,-25.0,92.5,108.0,0,293.0,420.6666666666667,164.33333333333334,0,-49.33333333333333,96.9047619047619,118.5
100108,1092552,169.8181818181818,107.79257706086022,138.5,47.5,272.04761904761904,682.3265156234971,62.0,427.0,444.3333333333333,658.2233904580054,201.0,424.0,22,9.449,2.3282887077997674,27.939464493597207,0.3333333333333333,0,0.0,2,0.09090909090909091,3,0.13636363636363635,0,0,40.09090909090909,145.67857142857142,114.70833333333333,0,-42.559090909090905,114.91818181818181,114.41363636363636,0,94.66666666666667,200.16666666666666,91.16666666666667,1,16.0,155.0,146.0,0,11.222222222222221,122.5,98.85714285714286,1,-68.0,78.0,111.0,0,52.1,144.2,111.33333333333333,0,-37.714285714285715,113.57142857142857,132.5,0,-25.22222222222222,111.61111111111111,122.72222222222223,0,-45.90909090909091,93.5909090909091,129.75757575757575,1,62.0,158.0,206.0,0,60.5,171.41666666666666,133.5,0,-32.0,107.375,118.125,0,87.5,211.28571428571428,148.92857142857142,2,409.5,560.5,387.5,0,-29.75,109.5,119.5,0,-58.333333333333336,114.5,147.16666666666666,0,-68.71428571428571,95.07142857142857,142.14285714285714,0,-78.14285714285714,100.64285714285714,141.64285714285714,0,-22.5,138.75,171.0,0,51.1,167.0,143.3,0,-51.25,96.25,154.0,0,-25.0,92.5,108.0,0,293.0,420.6666666666667,164.33333333333334,0,-49.33333333333333,96.9047619047619,118.5
100168,1092975,91.88505747126437,41.92259569247112,85.0,23.5,74.95348837209302,98.40470623278895,52.0,79.25,166.8953488372093,94.2452304720975,140.0,86.25,87,14.44,6.024930747922438,72.29916897506925,0.13953488372093023,0,0.0,16,0.1839080459770115,1,0.011494252873563218,2,0,40.09090909090909,145.67857142857142,114.70833333333333,1,52.0,132.0,88.0,10,84.4,153.2,72.9,2,36.0,115.0,71.0,0,11.222222222222221,122.5,98.85714285714286,1,31.0,83.0,93.0,0,52.1,144.2,111.33333333333333,3,25.333333333333332,108.0,50.333333333333336,1,79.0,161.0,71.0,1,35.0,128.0,134.0,1,79.0,170.0,90.0,1,32.0,120.0,88.0,0,97.3,177.7,65.4,1,51.0,106.0,65.0,0,34.02777777777778,107.8888888888889,235.3888888888889,0,87.0,183.0,66.0,0,-37.88888888888889,91.22222222222223,110.88888888888887,3,-53.0,80.0,72.0,0,4.523809523809524,117.59523809523809,88.38095238095238,0,105.0,185.4,83.6,1,90.0,157.0,87.0,0,81.75,165.375,89.375,1,156.0,248.0,96.0,0,286.75,372.0,79.25,3,145.66666666666666,236.66666666666666,80.66666666666667
100168,1092992,109.48275862068965,70.1194157231471,90.0,23.0,31.678571428571427,85.72383131371369,23.5,73.0,140.64285714285714,86.12541282742207,124.5,60.75,29,4.062,7.139340226489414,85.67208271787295,0.35714285714285715,0,0.0,0,0.0,3,0.10344827586206896,0,0,40.09090909090909,145.67857142857142,114.70833333333333,1,24.0,109.0,77.0,0,108.13093434343433,208.8739898989899,68.01439393939394,1,67.0,120.0,100.0,0,11.222222222222221,122.5,98.85714285714286,1,3.0,89.0,90.0,0,52.1,144.2,111.33333333333333,0,47.302083333333336,128.98958333333334,70.4375,0,42.666666666666664,128.66666666666666,74.88888888888889,0,35.574074074074076,129.96296296296296,96.07407407407408,0,105.625,200.0,95.625,0,65.94444444444444,151.61111111111111,96.38888888888889,1,27.0,96.0,53.0,0,55.083333333333336,123.33333333333333,76.25,2,-37.0,15.5,186.0,0,87.0,183.0,66.0,0,-37.88888888888889,91.22222222222223,110.88888888888887,0,-44.25,89.66666666666667,105.91666666666667,0,4.523809523809524,117.59523809523809,88.38095238095238,0,105.0,185.4,83.6,0,101.85714285714286,175.0,103.85714285714286,0,81.75,165.375,89.375,1,126.0,191.0,53.0,1,138.0,239.0,52.0,0,45.64583333333333,128.70833333333334,73.70833333333333
100168,1092998,102.76923076923077,44.932691278868774,90.0,42.0,132.296875,232.25980063333037,66.5,122.25,235.375,224.4795717320398,168.0,118.25,65,15.147,4.291278801082723,51.49534561299267,0.171875,0,0.0,6,0.09230769230769231,1,0.015384615384615385,0,0,40.09090909090909,145.67857142857142,114.70833333333333,3,484.0,581.0,84.0,1,111.0,228.0,73.0,2,326.5,399.5,78.0,0,11.222222222222221,122.5,98.85714285714286,2,23.0,101.0,82.5,0,52.1,144.2,111.33333333333333,1,87.0,186.0,69.0,0,42.666666666666664,128.66666666666666,74.88888888888889,3,55.666666666666664,145.66666666666666,112.66666666666667,1,244.0,378.0,115.0,1,102.0,191.0,89.0,1,28.0,107.0,65.0,1,131.0,200.0,121.0,0,34.02777777777778,107.8888888888889,235.3888888888889,0,87.0,183.0,66.0,3,-30.666666666666668,124.66666666666667,131.66666666666666,2,-46.0,89.0,139.0,0,4.523809523809524,117.59523809523809,88.38095238095238,1,95.0,172.0,94.0,0,101.85714285714286,175.0,103.85714285714286,0,81.75,165.375,89.375,0,128.85714285714286,217.5,78.07142857142857,1,520.0,617.0,77.0,0,45.64583333333333,128.70833333333334,73.70833333333333
100168,1093016,106.08474576271186,90.76310908457287,88.0,26.0,73.34482758620689,109.60910982215282,41.5,92.5,179.39655172413794,150.3987733413812,127.5,85.75,59,10.513,5.612099305621611,67.34519166745935,0.15517241379310345,0,0.0,5,0.0847457627118644,2,0.03389830508474576,0,0,40.09090909090909,145.67857142857142,114.70833333333333,2,260.0,339.5,68.0,2,201.5,592.5,54.5,3,126.66666666666667,199.33333333333334,84.0,0,11.222222222222221,122.5,98.85714285714286,0,21.0,104.72222222222223,89.16666666666667,0,52.1,144.2,111.33333333333333,0,47.302083333333336,128.98958333333334,70.4375,1,43.0,136.0,74.0,0,35.574074074074076,129.96296296296296,96.07407407407408,1,67.0,123.0,82.0,0,65.94444444444444,151.61111111111111,96.38888888888889,0,97.3,177.7,65.4,0,55.083333333333336,123.33333333333333,76.25,0,34.02777777777778,107.8888888888889,235.3888888888889,0,87.0,183.0,66.0,0,-37.88888888888889,91.22222222222223,110.88888888888887,0,-44.25,89.66666666666667,105.91666666666667,1,70.0,164.0,94.0,0,105.0,185.4,83.6,0,101.85714285714286,175.0,103.85714285714286,2,36.0,114.0,101.0,2,105.5,212.0,63.0,0,286.75,372.0,79.25,0,45.64583333333333,128.70833333333334,73.70833333333333
100168,1093034,91.03508771929825,29.28682412105431,84.0,34.0,97.0,125.42655790769126,58.0,123.5,187.71428571428572,120.19265996808659,152.0,96.75,57,10.621,5.366726296958855,64.40071556350625,0.16071428571428573,0,0.0,9,0.15789473684210525,2,0.03508771929824561,0,0,40.09090909090909,145.67857142857142,114.70833333333333,2,32.0,129.0,81.0,5,119.4,196.0,63.8,0,99.99242424242425,171.66666666666669,84.4090909090909,0,11.222222222222221,122.5,98.85714285714286,0,21.0,104.72222222222223,89.16666666666667,0,52.1,144.2,111.33333333333333,0,47.302083333333336,128.98958333333334,70.4375,0,42.666666666666664,128.66666666666666,74.88888888888889,1,36.0,153.0,81.0,0,105.625,200.0,95.625,1,68.0,154.0,115.0,2,29.0,124.0,65.5,1,43.0,117.0,72.0,1,79.0,133.0,168.0,0,87.0,183.0,66.0,0,-37.88888888888889,91.22222222222223,110.88888888888887,1,-52.0,57.0,92.0,1,-18.0,93.0,71.0,0,105.0,185.4,83.6,1,80.0,151.0,110.0,2,242.0,317.0,71.5,0,128.85714285714286,217.5,78.07142857142857,1,103.0,163.0,73.0,1,3.0,95.0,54.0
100168,1093050,85.13157894736842,25.960669698432966,78.0,25.25,75.5945945945946,88.90215072321944,46.0,83.0,158.86486486486487,86.78122918290137,132.0,73.0,38,6.032,6.29973474801061,75.59681697612731,0.13513513513513514,0,0.0,5,0.13157894736842105,1,0.02631578947368421,0,0,40.09090909090909,145.67857142857142,114.70833333333333,1,46.0,147.0,74.0,3,83.66666666666667,147.66666666666666,66.33333333333333,1,41.0,100.0,68.0,0,11.222222222222221,122.5,98.85714285714286,1,19.0,87.0,90.0,0,52.1,144.2,111.33333333333333,1,45.0,117.0,69.0,2,34.5,106.0,62.0,0,35.574074074074076,129.96296296296296,96.07407407407408,0,105.625,200.0,95.625,0,65.94444444444444,151.61111111111111,96.38888888888889,0,97.3,177.7,65.4,0,55.083333333333336,123.33333333333333,76.25,0,34.02777777777778,107.8888888888889,235.3888888888889,0,87.0,183.0,66.0,0,-37.88888888888889,91.22222222222223,110.88888888888887,0,-44.25,89.66666666666667,105.91666666666667,3,50.666666666666664,156.66666666666666,88.66666666666667,0,105.0,185.4,83.6,0,101.85714285714286,175.0,103.85714285714286,0,81.75,165.375,89.375,0,128.85714285714286,217.5,78.07142857142857,0,286.75,372.0,79.25,1,35.0,104.0,59.0
100168,1093056,91.66666666666667,62.18462015745519,81.0,26.0,100.32692307692308,131.28795731782253,55.5,77.25,191.72115384615384,128.6204506357584,147.0,85.25,105,20.059,5.234558053741463,62.814696644897545,0.08653846153846154,0,0.0,19,0.18095238095238095,4,0.0380952380952381,0,0,40.09090909090909,145.67857142857142,114.70833333333333,6,41.666666666666664,122.33333333333333,72.66666666666667,11,91.45454545454545,156.45454545454547,63.27272727272727,4,104.75,180.5,89.0,0,11.222222222222221,122.5,98.85714285714286,1,51.0,145.0,88.0,0,52.1,144.2,111.33333333333333,2,33.0,116.0,67.5,1,7.0,84.0,75.0,2,46.0,125.5,70.0,1,89.0,160.0,85.0,0,65.94444444444444,151.61111111111111,96.38888888888889,0,97.3,177.7,65.4,1,-3.0,65.0,66.0,3,76.66666666666667,164.33333333333334,159.33333333333334,0,87.0,183.0,66.0,0,-37.88888888888889,91.22222222222223,110.88888888888887,0,-44.25,89.66666666666667,105.91666666666667,0,4.523809523809524,117.59523809523809,88.38095238095238,1,116.0,197.0,81.0,0,101.85714285714286,175.0,103.85714285714286,0,81.75,165.375,89.375,1,144.0,244.0,68.0,1,386.0,469.0,115.0,1,107.0,188.0,80.0
100168,1093084,92.62650602409639,28.789100532647407,88.0,27.5,73.59756097560975,92.7591767541085,61.0,76.5,165.8170731707317,86.08859985840176,141.5,78.5,83,13.723,6.048240180718501,72.57888216862203,0.17073170731707318,0,0.0,11,0.13253012048192772,4,0.04819277108433735,0,0,40.09090909090909,145.67857142857142,114.70833333333333,3,30.333333333333332,106.66666666666667,84.66666666666667,5,88.8,153.8,62.6,2,82.0,160.5,105.5,0,11.222222222222221,122.5,98.85714285714286,2,-5.0,100.5,84.0,0,52.1,144.2,111.33333333333333,3,62.333333333333336,142.66666666666666,76.66666666666667,1,20.0,95.0,67.0,2,27.5,111.5,76.0,1,119.0,247.0,103.0,1,112.0,198.0,90.0,0,97.3,177.7,65.4,0,55.083333333333336,123.33333333333333,76.25,2,90.5,174.5,149.0,0,87.0,183.0,66.0,0,-37.88888888888889,91.22222222222223,110.88888888888887,0,-44.25,89.66666666666667,105.91666666666667,0,4.523809523809524,117.59523809523809,88.38095238095238,0,105.0,185.4,83.6,1,102.0,168.0,105.0,1,51.0,133.0,88.0,0,128.85714285714286,217.5,78.07142857142857,0,286.75,372.0,79.25,1,50.0,123.0,90.0
100168,1093103,92.01694915254237,65.90992608700168,81.0,27.5,181.60344827586206,561.4211321052284,86.5,127.25,273.91379310344826,558.5493305316339,162.5,136.75,59,15.962,3.696278661821827,44.355343941861925,0.1896551724137931,0,0.0,10,0.1694915254237288,1,0.01694915254237288,0,0,40.09090909090909,145.67857142857142,114.70833333333333,2,61.5,138.0,75.5,4,94.5,150.5,65.25,2,205.0,269.5,84.0,0,11.222222222222221,122.5,98.85714285714286,1,27.0,105.0,64.0,0,52.1,144.2,111.33333333333333,0,47.302083333333336,128.98958333333334,70.4375,1,23.0,89.0,64.0,1,51.0,115.0,88.0,0,105.625,200.0,95.625,1,51.0,137.0,69.0,0,97.3,177.7,65.4,1,59.0,133.0,67.0,0,34.02777777777778,107.8888888888889,235.3888888888889,0,87.0,183.0,66.0,0,-37.88888888888889,91.22222222222223,110.88888888888887,1,-39.0,92.0,92.0,2,-29.0,109.5,95.0,0,105.0,185.4,83.6,0,101.85714285714286,175.0,103.85714285714286,0,81.75,165.375,89.375,0,128.85714285714286,217.5,78.07142857142857,0,286.75,372.0,79.25,1,-28.0,64.0,96.0
100168,1093130,108.24074074074075,87.48501145385382,86.0,43.75,121.22641509433963,231.93839792996386,71.0,153.0,230.24528301886792,206.6057137842904,155.0,176.0,54,12.27,4.400977995110025,52.8117359413203,0.18867924528301888,0,0.0,8,0.14814814814814814,2,0.037037037037037035,0,0,40.09090909090909,145.67857142857142,114.70833333333333,2,61.5,152.5,82.5,4,153.75,249.0,79.75,0,99.99242424242425,171.66666666666669,84.4090909090909,0,11.222222222222221,122.5,98.85714285714286,0,21.0,104.72222222222223,89.16666666666667,0,52.1,144.2,111.33333333333333,0,47.302083333333336,128.98958333333334,70.4375,0,42.666666666666664,128.66666666666666,74.88888888888889,1,48.0,159.0,77.0,0,105.625,200.0,95.625,1,27.0,99.0,80.0,2,378.5,454.5,59.5,2,49.5,119.0,66.5,1,6.0,104.0,421.0,0,87.0,183.0,66.0,0,-37.88888888888889,91.22222222222223,110.88888888888887,1,-39.0,128.0,149.0,1,12.0,126.0,78.0,1,126.0,204.0,73.0,0,101.85714285714286,175.0,103.85714285714286,0,81.75,165.375,89.375,0,128.85714285714286,217.5,78.07142857142857,0,286.75,372.0,79.25,0,45.64583333333333,128.70833333333334,73.70833333333333
100168,1093142,96.28947368421052,45.08349440919641,88.5,30.0,95.27027027027027,176.6094559386727,43.0,81.0,192.40540540540542,167.5244975162704,145.0,82.0,38,7.184,5.289532293986637,63.47438752783964,0.13513513513513514,0,0.0,1,0.02631578947368421,1,0.02631578947368421,0,0,40.09090909090909,145.67857142857142,114.70833333333333,1,40.0,142.0,74.0,0,108.13093434343433,208.8739898989899,68.01439393939394,0,99.99242424242425,171.66666666666669,84.4090909090909,0,11.222222222222221,122.5,98.85714285714286,0,21.0,104.72222222222223,89.16666666666667,0,52.1,144.2,111.33333333333333,0,47.302083333333336,128.98958333333334,70.4375,0,42.666666666666664,128.66666666666666,74.88888888888889,0,35.574074074074076,129.96296296296296,96.07407407407408,1,26.0,123.0,94.0,0,65.94444444444444,151.61111111111111,96.38888888888889,0,97.3,177.7,65.4,0,55.083333333333336,123.33333333333333,76.25,0,34.02777777777778,107.8888888888889,235.3888888888889,0,87.0,183.0,66.0,1,-42.0,70.0,102.0,0,-44.25,89.66666666666667,105.91666666666667,0,4.523809523809524,117.59523809523809,88.38095238095238,1,95.0,171.0,74.0,0,101.85714285714286,175.0,103.85714285714286,0,81.75,165.375,89.375,0,128.85714285714286,217.5,78.07142857142857,0,286.75,372.0,79.25,1,39.0,119.0,61.0
100168,1093153,111.32142857142857,103.82920507511656,91.5,38.5,116.14814814814815,178.35808835529673,61.0,121.5,226.8148148148148,178.86246258301938,157.0,122.5,28,6.253,4.477850631696786,53.73420758036142,0.2222222222222222,0,0.0,3,0.10714285714285714,1,0.03571428571428571,0,0,40.09090909090909,145.67857142857142,114.70833333333333,1,24.0,123.0,69.0,1,95.0,159.0,61.0,0,99.99242424242425,171.66666666666669,84.4090909090909,0,11.222222222222221,122.5,98.85714285714286,0,21.0,104.72222222222223,89.16666666666667,0,52.1,144.2,111.33333333333333,0,47.302083333333336,128.98958333333334,70.4375,0,42.666666666666664,128.66666666666666,74.88888888888889,0,35.574074074074076,129.96296296296296,96.07407407407408,1,134.0,235.0,106.0,0,65.94444444444444,151.61111111111111,96.38888888888889,0,97.3,177.7,65.4,0,55.083333333333336,123.33333333333333,76.25,0,34.02777777777778,107.8888888888889,235.3888888888889,0,87.0,183.0,66.0,1,-41.0,79.0,99.0,0,-44.25,89.66666666666667,105.91666666666667,1,-17.0,97.0,76.0,0,105.0,185.4,83.6,1,88.0,157.0,93.0,0,81.75,165.375,89.375,1,139.0,231.0,90.0,0,286.75,372.0,79.25,0,45.64583333333333,128.70833333333334,73.70833333333333
100168,1093165,99.91044776119404,70.60098755033879,85.0,29.0,75.48484848484848,112.46982658314944,51.5,100.75,175.5,110.99211683718804,150.5,84.75,67,11.676,5.738266529633436,68.85919835560124,0.19696969696969696,0,0.0,10,0.14925373134328357,1,0.014925373134328358,1,0,40.09090909090909,145.67857142857142,114.70833333333333,0,91.38461538461539,181.07692307692307,78.1025641025641,6,91.5,167.16666666666666,78.16666666666667,1,19.0,87.0,74.0,0,11.222222222222221,122.5,98.85714285714286,1,44.0,120.0,71.0,0,52.1,144.2,111.33333333333333,1,39.0,113.0,68.0,2,9.0,123.0,94.0,1,-7.0,64.0,125.0,0,105.625,200.0,95.625,4,46.5,133.5,109.5,1,24.0,107.0,84.0,0,55.083333333333336,123.33333333333333,76.25,0,34.02777777777778,107.8888888888889,235.3888888888889,0,87.0,183.0,66.0,0,-37.88888888888889,91.22222222222223,110.88888888888887,2,-36.5,92.0,91.5,1,-37.0,77.0,116.0,0,105.0,185.4,83.6,1,155.0,254.0,121.0,2,-2.0,97.5,97.0,2,121.5,193.5,83.5,0,286.75,372.0,79.25,2,13.5,100.0,69.0
100168,1093180,113.08771929824562,107.36285101937692,92.0,27.0,115.625,216.25403072213805,53.0,106.75,229.375,196.2547144565668,153.5,126.0,57,12.921,4.411423264453216,52.93707917343859,0.17857142857142858,0,0.0,3,0.05263157894736842,2,0.03508771929824561,0,0,40.09090909090909,145.67857142857142,114.70833333333333,0,91.38461538461539,181.07692307692307,78.1025641025641,0,108.13093434343433,208.8739898989899,68.01439393939394,2,28.0,112.0,79.0,0,11.222222222222221,122.5,98.85714285714286,0,21.0,104.72222222222223,89.16666666666667,0,52.1,144.2,111.33333333333333,4,52.75,141.25,82.0,2,97.5,189.0,81.0,0,35.574074074074076,129.96296296296296,96.07407407407408,1,87.0,164.0,90.0,1,65.0,156.0,131.0,0,97.3,177.7,65.4,0,55.083333333333336,123.33333333333333,76.25,1,-11.0,56.0,329.0,0,87.0,183.0,66.0,0,-37.88888888888889,91.22222222222223,110.88888888888887,0,-44.25,89.66666666666667,105.91666666666667,0,4.523809523809524,117.59523809523809,88.38095238095238,0,105.0,185.4,83.6,1,115.0,189.0,107.0,0,81.75,165.375,89.375,0,128.85714285714286,217.5,78.07142857142857,0,286.75,372.0,79.25,0,45.64583333333333,128.70833333333334,73.70833333333333
100168,1093196,99.61111111111111,29.645695875634583,94.0,31.75,62.0377358490566,69.22153723744606,50.0,61.0,160.8679245283019,65.55511514830488,149.0,56.0,54,8.667,6.230529595015576,74.76635514018692,0.1509433962264151,0,0.0,6,0.1111111111111111,1,0.018518518518518517,0,0,40.09090909090909,145.67857142857142,114.70833333333333,1,31.0,132.0,85.0,5,82.6,153.2,75.6,1,64.0,145.0,96.0,0,11.222222222222221,122.5,98.85714285714286,1,-4.0,112.0,140.0,0,52.1,144.2,111.33333333333333,1,34.0,108.0,81.0,1,71.0,175.0,86.0,1,28.0,168.0,101.0,0,105.625,200.0,95.625,1,90.0,176.0,96.0,0,97.3,177.7,65.4,0,55.083333333333336,123.33333333333333,76.25,0,34.02777777777778,107.8888888888889,235.3888888888889,1,87.0,183.0,66.0,0,-37.88888888888889,91.22222222222223,110.88888888888887,0,-44.25,89.66666666666667,105.91666666666667,0,4.523809523809524,117.59523809523809,88.38095238095238,1,93.0,183.0,96.0,1,83.0,149.0,104.0,0,81.75,165.375,89.375,1,110.0,203.0,93.0,0,286.75,372.0,79.25,0,45.64583333333333,128.70833333333334,73.70833333333333
100188,1093231,124.03703703703704,36.18418058425787,123.0,36.75,-0.5849056603773585,59.2049315775663,-4.0,95.0,124.01886792452831,51.03291226813792,109.0,64.0,54,6.667,8.099595020248987,97.19514024298786,0.5471698113207547,0,0.0,0,0.0,2,0.037037037037037035,0,37,1.5405405405405406,123.75675675675676,122.21621621621621,0,16.0,124.38888888888889,103.5,0,59.083333333333336,158.16666666666666,92.41666666666667,0,50.0,155.0,100.1875,7,-2.7142857142857144,114.28571428571429,114.0,0,8.5,110.0,96.0,6,3.8333333333333335,114.33333333333333,124.0,0,20.5,134.0,104.0,0,23.0,135.1818181818182,104.0,0,24.5,112.0,104.375,0,52.25,144.0,106.5,0,59.0,165.0,119.10416666666667,0,22.1,130.4,98.5,0,66.28571428571429,187.5,114.6,1,94.0,229.0,175.0,0,48.0,150.0,103.0,0,-15.466666666666669,117.4,113.88888888888889,0,-30.214285714285715,116.0,120.0,0,-20.75,119.25,101.33333333333333,0,37.25,153.0,107.66666666666667,0,74.0,178.0,103.71428571428571,0,16.0,134.28571428571428,97.0,0,35.75,133.5,106.66666666666667,0,64.5,160.0,99.6875,0,10.5,131.16666666666666,104.33333333333333
100188,1093247,122.58333333333333,43.04479256154764,112.0,36.5,32.82857142857143,105.67321209796758,2.0,82.0,156.22857142857143,104.17953890534655,124.0,84.0,36,5.562,6.472491909385113,77.66990291262135,0.4,0,0.0,0,0.0,1,0.027777777777777776,0,24,36.583333333333336,157.5,116.125,0,16.0,124.38888888888889,103.5,0,59.083333333333336,158.16666666666666,92.41666666666667,0,50.0,155.0,100.1875,5,11.0,121.4,109.8,0,8.5,110.0,96.0,5,65.8,175.6,129.8,0,20.5,134.0,104.0,0,23.0,135.1818181818182,104.0,0,24.5,112.0,104.375,0,52.25,144.0,106.5,0,59.0,165.0,119.10416666666667,0,22.1,130.4,98.5,0,66.28571428571429,187.5,114.6,0,9.4,120.2,401.4,0,48.0,150.0,103.0,0,-15.466666666666669,117.4,113.88888888888889,0,-30.214285714285715,116.0,120.0,0,-20.75,119.25,101.33333333333333,0,37.25,153.0,107.66666666666667,0,74.0,178.0,103.71428571428571,0,16.0,134.28571428571428,97.0,0,35.75,133.5,106.66666666666667,0,64.5,160.0,99.6875,0,10.5,131.16666666666666,104.33333333333333
100188,1093259,118.17647058823529,24.89326697089856,110.5,22.0,0.5151515151515151,51.27414211100433,1.0,96.0,118.93939393939394,41.33817620256006,112.0,49.0,34,4.035,8.426270136307311,101.11524163568772,0.48484848484848486,0,0.0,0,0.0,1,0.029411764705882353,0,24,9.5,126.625,118.70833333333333,0,16.0,124.38888888888889,103.5,0,59.083333333333336,158.16666666666666,92.41666666666667,0,50.0,155.0,100.1875,4,-25.75,87.25,117.75,0,8.5,110.0,96.0,4,-10.75,107.0,111.5,0,20.5,134.0,104.0,0,23.0,135.1818181818182,104.0,0,24.5,112.0,104.375,0,52.25,144.0,106.5,0,59.0,165.0,119.10416666666667,0,22.1,130.4,98.5,0,66.28571428571429,187.5,114.6,0,9.4,120.2,401.4,0,48.0,150.0,103.0,0,-15.466666666666669,117.4,113.88888888888889,0,-30.214285714285715,116.0,120.0,0,-20.75,119.25,101.33333333333333,0,37.25,153.0,107.66666666666667,0,74.0,178.0,103.71428571428571,0,16.0,134.28571428571428,97.0,0,35.75,133.5,106.66666666666667,0,64.5,160.0,99.6875,0,10.5,131.16666666666666,104.33333333333333
100188,1093271,120.82758620689656,28.084931492389714,123.0,39.0,-13.535714285714286,47.569860012750226,-12.0,53.25,108.82142857142857,37.64785477803158,103.0,52.0,29,3.125,9.28,111.35999999999999,0.6071428571428571,0,0.0,0,0.0,1,0.034482758620689655,0,17,-7.588235294117647,110.52941176470588,117.23529411764706,0,16.0,124.38888888888889,103.5,0,59.083333333333336,158.16666666666666,92.41666666666667,0,50.0,155.0,100.1875,5,-1.8,105.0,139.6,0,8.5,110.0,96.0,5,-33.6,106.0,110.4,0,20.5,134.0,104.0,0,23.0,135.1818181818182,104.0,0,24.5,112.0,104.375,0,52.25,144.0,106.5,0,59.0,165.0,119.10416666666667,0,22.1,130.4,98.5,0,66.28571428571429,187.5,114.6,0,9.4,120.2,401.4,0,48.0,150.0,103.0,0,-15.466666666666669,117.4,113.88888888888889,0,-30.214285714285715,116.0,120.0,0,-20.75,119.25,101.33333333333333,0,37.25,153.0,107.66666666666667,0,74.0,178.0,103.71428571428571,0,16.0,134.28571428571428,97.0,0,35.75,133.5,106.66666666666667,0,64.5,160.0,99.6875,0,10.5,131.16666666666666,104.33333333333333
100188,1093275,120.38461538461539,38.51780499684721,112.5,33.75,21.04,101.30408876249764,1.0,78.0,141.28,89.10646216745451,112.0,63.0,26,3.656,7.111597374179431,85.33916849015317,0.4,0,0.0,1,0.038461538461538464,1,0.038461538461538464,0,12,17.75,133.75,108.91666666666667,0,16.0,124.38888888888889,103.5,0,59.083333333333336,158.16666666666666,92.41666666666667,0,50.0,155.0,100.1875,5,-19.6,104.6,96.2,0,8.5,110.0,96.0,5,0.0,96.2,137.0,0,20.5,134.0,104.0,0,23.0,135.1818181818182,104.0,0,24.5,112.0,104.375,0,52.25,144.0,106.5,0,59.0,165.0,119.10416666666667,0,22.1,130.4,98.5,0,66.28571428571429,187.5,114.6,0,9.4,120.2,401.4,0,48.0,150.0,103.0,0,-15.466666666666669,117.4,113.88888888888889,0,-30.214285714285715,116.0,120.0,0,-20.75,119.25,101.33333333333333,0,37.25,153.0,107.66666666666667,0,74.0,178.0,103.71428571428571,0,16.0,134.28571428571428,97.0,0,35.75,133.5,106.66666666666667,0,64.5,160.0,99.6875,0,10.5,131.16666666666666,104.33333333333333
100188,1093283,110.19047619047619,28.540062147659913,105.0,37.0,1.5,50.272756041418695,-1.0,58.0,113.3,43.30715876157197,97.5,36.5,21,2.344,8.959044368600683,107.5085324232082,0.5,0,0.0,0,0.0,1,0.047619047619047616,0,13,11.076923076923077,120.84615384615384,105.46153846153847,0,16.0,124.38888888888889,103.5,0,59.083333333333336,158.16666666666666,92.41666666666667,0,50.0,155.0,100.1875,3,4.0,104.66666666666667,101.0,0,8.5,110.0,96.0,3,-15.666666666666666,85.33333333333333,119.33333333333333,0,20.5,134.0,104.0,0,23.0,135.1818181818182,104.0,0,24.5,112.0,104.375,0,52.25,144.0,106.5,0,59.0,165.0,119.10416666666667,0,22.1,130.4,98.5,0,66.28571428571429,187.5,114.6,0,9.4,120.2,401.4,0,48.0,150.0,103.0,0,-15.466666666666669,117.4,113.88888888888889,0,-30.214285714285715,116.0,120.0,0,-20.75,119.25,101.33333333333333,0,37.25,153.0,107.66666666666667,0,74.0,178.0,103.71428571428571,0,16.0,134.28571428571428,97.0,0,35.75,133.5,106.66666666666667,0,64.5,160.0,99.6875,0,10.5,131.16666666666666,104.33333333333333
100188,1093289,104.8,34.362188521687614,95.5,20.75,5.7368421052631575,43.29560826793936,1.0,65.0,111.05263157894737,34.800897877422535,97.0,32.0,20,2.205,9.070294784580499,108.843537414966,0.47368421052631576,0,0.0,0,0.0,1,0.05,0,12,13.416666666666666,111.66666666666667,95.75,0,16.0,124.38888888888889,103.5,0,59.083333333333336,158.16666666666666,92.41666666666667,0,50.0,155.0,100.1875,3,16.666666666666668,110.33333333333333,103.33333333333333,0,8.5,110.0,96.0,3,-9.666666666666666,93.66666666666667,111.33333333333333,0,20.5,134.0,104.0,0,23.0,135.1818181818182,104.0,0,24.5,112.0,104.375,0,52.25,144.0,106.5,0,59.0,165.0,119.10416666666667,0,22.1,130.4,98.5,0,66.28571428571429,187.5,114.6,0,9.4,120.2,401.4,0,48.0,150.0,103.0,0,-15.466666666666669,117.4,113.88888888888889,0,-30.214285714285715,116.0,120.0,0,-20.75,119.25,101.33333333333333,0,37.25,153.0,107.66666666666667,0,74.0,178.0,103.71428571428571,0,16.0,134.28571428571428,97.0,0,35.75,133.5,106.66666666666667,0,64.5,160.0,99.6875,0,10.5,131.16666666666666,104.33333333333333
100188,1093294,119.5774647887324,33.9832858552019,113.0,37.0,40.81428571428572,109.76641339774241,-1.0,88.5,159.81428571428572,109.24354088224071,118.0,82.75,71,11.347,6.257160482947035,75.08592579536442,0.5142857142857142,0,0.0,2,0.028169014084507043,3,0.04225352112676056,0,45,51.06666666666667,170.2,121.11111111111111,0,16.0,124.38888888888889,103.5,0,59.083333333333336,158.16666666666666,92.41666666666667,0,50.0,155.0,100.1875,9,8.222222222222221,117.55555555555556,103.66666666666667,0,8.5,110.0,96.0,7,8.0,107.71428571428571,111.0,0,20.5,134.0,104.0,0,23.0,135.1818181818182,104.0,0,24.5,112.0,104.375,0,52.25,144.0,106.5,0,59.0,165.0,119.10416666666667,0,22.1,130.4,98.5,0,66.28571428571429,187.5,114.6,2,-1.0,116.5,228.5,0,48.0,150.0,103.0,0,-15.466666666666669,117.4,113.88888888888889,0,-30.214285714285715,116.0,120.0,0,-20.75,119.25,101.33333333333333,0,37.25,153.0,107.66666666666667,0,74.0,178.0,103.71428571428571,0,16.0,134.28571428571428,97.0,0,35.75,133.5,106.66666666666667,0,64.5,160.0,99.6875,0,10.5,131.16666666666666,104.33333333333333
100188,1093311,126.51515151515152,37.8090266696237,120.0,40.0,6.21875,89.82195387786608,-6.0,72.0,132.6875,83.7468049763691,113.0,52.5,33,4.374,7.544581618655693,90.53497942386832,0.625,0,0.0,2,0.06060606060606061,2,0.06060606060606061,0,17,-25.058823529411764,101.17647058823529,128.58823529411765,0,16.0,124.38888888888889,103.5,0,59.083333333333336,158.16666666666666,92.41666666666667,0,50.0,155.0,100.1875,5,-2.4,121.6,107.6,0,8.5,110.0,96.0,5,19.4,127.0,109.2,0,20.5,134.0,104.0,0,23.0,135.1818181818182,104.0,0,24.5,112.0,104.375,0,52.25,144.0,106.5,0,59.0,165.0,119.10416666666667,0,22.1,130.4,98.5,0,66.28571428571429,187.5,114.6,0,9.4,120.2,401.4,0,48.0,150.0,103.0,0,-15.466666666666669,117.4,113.88888888888889,0,-30.214285714285715,116.0,120.0,0,-20.75,119.25,101.33333333333333,0,37.25,153.0,107.66666666666667,0,74.0,178.0,103.71428571428571,0,16.0,134.28571428571428,97.0,0,35.75,133.5,106.66666666666667,0,64.5,160.0,99.6875,0,10.5,131.16666666666666,104.33333333333333
100188,1093321,120.0,34.21904231773381,113.0,30.25,22.28985507246377,78.00726488822252,1.0,81.0,142.43478260869566,71.67953607285281,125.0,68.0,70,9.938,7.043670758703964,84.52404910444757,0.463768115942029,0,0.0,6,0.08571428571428572,2,0.02857142857142857,0,36,8.666666666666666,129.30555555555554,122.0,0,16.0,124.38888888888889,103.5,3,31.666666666666668,140.66666666666666,101.0,0,50.0,155.0,100.1875,11,2.3636363636363638,115.72727272727273,111.81818181818181,0,8.5,110.0,96.0,10,60.7,172.8,113.0,0,20.5,134.0,104.0,0,23.0,135.1818181818182,104.0,0,24.5,112.0,104.375,0,52.25,144.0,106.5,0,59.0,165.0,119.10416666666667,0,22.1,130.4,98.5,0,66.28571428571429,187.5,114.6,1,-45.0,64.0,320.0,0,48.0,150.0,103.0,0,-15.466666666666669,117.4,113.88888888888889,0,-30.214285714285715,116.0,120.0,0,-20.75,119.25,101.33333333333333,0,37.25,153.0,107.66666666666667,0,74.0,178.0,103.71428571428571,0,16.0,134.28571428571428,97.0,0,35.75,133.5,106.66666666666667,0,64.5,160.0,99.6875,0,10.5,131.16666666666666,104.33333333333333
100188,1093339,120.75,26.591430323821744,118.0,32.0,23.434782608695652,81.40869843864648,31.0,94.0,146.04347826086956,63.71436140126704,146.0,87.0,24,3.437,6.982833866744254,83.79400640093104,0.391304347826087,0,0.0,4,0.16666666666666666,1,0.041666666666666664,0,9,2.3333333333333335,130.33333333333334,124.88888888888889,0,16.0,124.38888888888889,103.5,3,52.0,151.0,99.0,0,50.0,155.0,100.1875,4,3.5,133.0,121.25,0,8.5,110.0,96.0,4,11.0,132.25,120.0,0,20.5,134.0,104.0,0,23.0,135.1818181818182,104.0,0,24.5,112.0,104.375,0,52.25,144.0,106.5,0,59.0,165.0,119.10416666666667,0,22.1,130.4,98.5,0,66.28571428571429,187.5,114.6,0,9.4,120.2,401.4,0,48.0,150.0,103.0,0,-15.466666666666669,117.4,113.88888888888889,0,-30.214285714285715,116.0,120.0,0,-20.75,119.25,101.33333333333333,0,37.25,153.0,107.66666666666667,0,74.0,178.0,103.71428571428571,0,16.0,134.28571428571428,97.0,0,35.75,133.5,106.66666666666667,0,64.5,160.0,99.6875,0,10.5,131.16666666666666,104.33333333333333
100188,1093346,119.96428571428571,37.06604351198888,114.0,42.25,5.148148148148148,98.4745515927108,-3.0,97.5,125.77777777777777,87.39325057985646,109.0,60.0,28,3.498,8.00457404230989,96.05488850771869,0.5925925925925926,0,0.0,2,0.07142857142857142,1,0.03571428571428571,1,15,-4.2,115.46666666666667,119.8,0,16.0,124.38888888888889,103.5,1,46.0,140.0,73.0,0,50.0,155.0,100.1875,4,-11.5,109.25,121.75,0,8.5,110.0,96.0,4,-41.0,80.75,125.75,0,20.5,134.0,104.0,0,23.0,135.1818181818182,104.0,0,24.5,112.0,104.375,0,52.25,144.0,106.5,0,59.0,165.0,119.10416666666667,0,22.1,130.4,98.5,0,66.28571428571429,187.5,114.6,0,9.4,120.2,401.4,0,48.0,150.0,103.0,0,-15.466666666666669,117.4,113.88888888888889,0,-30.214285714285715,116.0,120.0,0,-20.75,119.25,101.33333333333333,0,37.25,153.0,107.66666666666667,0,74.0,178.0,103.71428571428571,0,16.0,134.28571428571428,97.0,0,35.75,133.5,106.66666666666667,0,64.5,160.0,99.6875,0,10.5,131.16666666666666,104.33333333333333
100188,1093352,147.8709677419355,171.6498201864226,113.0,45.0,4.433333333333334,93.9331973029533,-3.0,32.75,153.13333333333333,166.97639221026296,109.0,46.25,31,4.717,6.5719737121051525,78.86368454526183,0.6333333333333333,0,0.0,1,0.03225806451612903,3,0.0967741935483871,0,18,2.7777777777777777,121.88888888888889,112.72222222222223,0,16.0,124.38888888888889,103.5,0,59.083333333333336,158.16666666666666,92.41666666666667,0,50.0,155.0,100.1875,4,-7.0,105.5,95.5,0,8.5,110.0,96.0,2,-3.0,91.5,139.0,0,20.5,134.0,104.0,0,23.0,135.1818181818182,104.0,0,24.5,112.0,104.375,0,52.25,144.0,106.5,0,59.0,165.0,119.10416666666667,0,22.1,130.4,98.5,0,66.28571428571429,187.5,114.6,2,-1.0,95.5,204.5,0,48.0,150.0,103.0,0,-15.466666666666669,117.4,113.88888888888889,0,-30.214285714285715,116.0,120.0,0,-20.75,119.25,101.33333333333333,0,37.25,153.0,107.66666666666667,0,74.0,178.0,103.71428571428571,0,16.0,134.28571428571428,97.0,0,35.75,133.5,106.66666666666667,0,64.5,160.0,99.6875,0,10.5,131.16666666666666,104.33333333333333
100188,1093361,131.74324324324326,114.90172778918877,110.0,24.5,10.246575342465754,124.19524849423868,1.0,84.0,142.54794520547946,66.1505218186048,125.0,70.0,74,10.497,7.049633228541488,84.59559874249787,0.4520547945205479,0,0.0,5,0.06756756756756757,2,0.02702702702702703,1,43,6.604651162790698,127.72093023255815,120.48837209302326,0,16.0,124.38888888888889,103.5,3,106.66666666666667,201.0,96.66666666666667,0,50.0,155.0,100.1875,11,27.454545454545453,141.0,108.9090909090909,0,8.5,110.0,96.0,9,35.888888888888886,147.55555555555554,112.55555555555556,0,20.5,134.0,104.0,0,23.0,135.1818181818182,104.0,0,24.5,112.0,104.375,0,52.25,144.0,106.5,0,59.0,165.0,119.10416666666667,0,22.1,130.4,98.5,0,66.28571428571429,187.5,114.6,1,0.0,96.0,1079.0,0,48.0,150.0,103.0,0,-15.466666666666669,117.4,113.88888888888889,0,-30.214285714285715,116.0,120.0,0,-20.75,119.25,101.33333333333333,0,37.25,153.0,107.66666666666667,0,74.0,178.0,103.71428571428571,0,16.0,134.28571428571428,97.0,0,35.75,133.5,106.66666666666667,0,64.5,160.0,99.6875,0,10.5,131.16666666666666,104.33333333333333
100188,1093377,129.62962962962962,29.455111042559192,125.0,41.75,14.132075471698114,103.79297931974867,-3.0,97.0,143.96226415094338,100.72266467771432,116.0,85.0,54,7.749,6.968641114982579,83.62369337979095,0.5471698113207547,0,0.0,0,0.0,1,0.018518518518518517,0,34,13.970588235294118,147.8235294117647,130.88235294117646,0,16.0,124.38888888888889,103.5,0,59.083333333333336,158.16666666666666,92.41666666666667,0,50.0,155.0,100.1875,9,23.88888888888889,143.66666666666666,117.11111111111111,0,8.5,110.0,96.0,9,12.88888888888889,130.0,138.0,0,20.5,134.0,104.0,0,23.0,135.1818181818182,104.0,0,24.5,112.0,104.375,0,52.25,144.0,106.5,0,59.0,165.0,119.10416666666667,0,22.1,130.4,98.5,0,66.28571428571429,187.5,114.6,0,9.4,120.2,401.4,0,48.0,150.0,103.0,0,-15.466666666666669,117.4,113.88888888888889,0,-30.214285714285715,116.0,120.0,0,-20.75,119.25,101.33333333333333,0,37.25,153.0,107.66666666666667,0,74.0,178.0,103.71428571428571,0,16.0,134.28571428571428,97.0,0,35.75,133.5,106.66666666666667,0,64.5,160.0,99.6875,0,10.5,131.16666666666666,104.33333333333333
100210,1093444,92.25581395348837,61.44428106423144,64.0,32.0,104.76190476190476,135.09851952306607,80.0,96.0,197.6904761904762,117.30799674264856,160.0,92.0,43,8.383,5.129428605511154,61.553143266133844,0.16666666666666666,0,0.0,6,0.13953488372093023,2,0.046511627906976744,0,0,40.09090909090909,145.67857142857142,114.70833333333333,0,63.68333333333334,156.05,65.16666666666666,4,92.0,152.0,60.0,0,52.46666666666666,117.85,73.13333333333334,0,11.222222222222221,122.5,98.85714285714286,1,64.0,128.0,64.0,0,52.1,144.2,111.33333333333333,1,16.0,144.0,80.0,0,58.125,135.75,64.0,0,69.11111111111111,128.96296296296296,84.25925925925927,0,97.16666666666667,162.79166666666666,61.625,0,82.66666666666667,144.16666666666666,141.33333333333334,0,46.666666666666664,141.33333333333334,62.666666666666664,0,71.0,131.9,137.0,0,96.46666666666667,153.26666666666668,296.9333333333333,0,110.4,174.5,64.1,1,80.0,192.0,64.0,2,16.0,120.0,56.0,1,-16.0,96.0,80.0,0,79.66666666666667,151.5,66.83333333333333,0,72.0,136.0,72.0,1,-32.0,112.0,64.0,0,89.4,163.0,67.4,0,109.33333333333333,170.5,66.83333333333333,2,72.0,144.0,72.0
100210,1093464,83.2,46.34084899647702,64.0,16.0,80.0,92.4032085004437,72.0,64.0,164.23529411764707,79.93492162691929,144.0,48.0,35,5.632,6.214488636363637,74.57386363636364,0.14705882352941177,0,0.0,0,0.0,1,0.02857142857142857,0,0,40.09090909090909,145.67857142857142,114.70833333333333,0,63.68333333333334,156.05,65.16666666666666,0,91.46666666666665,154.13333333333333,80.8,0,52.46666666666666,117.85,73.13333333333334,0,11.222222222222221,122.5,98.85714285714286,1,48.0,112.0,48.0,0,52.1,144.2,111.33333333333333,0,57.375,185.70833333333334,64.41666666666667,1,48.0,128.0,64.0,1,64.0,128.0,64.0,3,85.33333333333333,149.33333333333334,64.0,0,82.66666666666667,144.16666666666666,141.33333333333334,1,64.0,144.0,64.0,0,71.0,131.9,137.0,0,96.46666666666667,153.26666666666668,296.9333333333333,0,110.4,174.5,64.1,0,16.666666666666668,139.0,84.66666666666667,1,-32.0,96.0,96.0,0,30.3,125.2,67.2,0,79.66666666666667,151.5,66.83333333333333,0,72.0,136.0,72.0,0,8.9375,125.0625,58.0625,0,89.4,163.0,67.4,0,109.33333333333333,170.5,66.83333333333333,0,59.2,137.6,62.6
100210,1093474,81.07692307692308,52.54809011893705,64.0,32.0,69.92,67.74181574182965,64.0,80.0,151.68,46.41268792043831,144.0,48.0,26,3.856,6.742738589211618,80.91286307053942,0.12,0,0.0,0,0.0,1,0.038461538461538464,1,0,40.09090909090909,145.67857142857142,114.70833333333333,0,63.68333333333334,156.05,65.16666666666666,0,91.46666666666665,154.13333333333333,80.8,1,64.0,112.0,64.0,0,11.222222222222221,122.5,98.85714285714286,0,64.4074074074074,138.05555555555554,56.5,0,52.1,144.2,111.33333333333333,0,57.375,185.70833333333334,64.41666666666667,0,58.125,135.75,64.0,0,69.11111111111111,128.96296296296296,84.25925925925927,1,112.0,176.0,48.0,1,96.0,160.0,128.0,2,16.0,136.0,56.0,1,112.0,160.0,128.0,0,96.46666666666667,153.26666666666668,296.9333333333333,0,110.4,174.5,64.1,0,16.666666666666668,139.0,84.66666666666667,0,-18.666666666666668,129.33333333333334,82.66666666666667,1,48.0,128.0,64.0,0,79.66666666666667,151.5,66.83333333333333,0,72.0,136.0,72.0,1,-16.0,112.0,48.0,0,89.4,163.0,67.4,1,96.0,160.0,64.0,0,59.2,137.6,62.6
100210,1093479,86.24242424242425,43.14811018231119,80.0,16.0,66.0625,60.826565690905156,80.0,52.0,153.5,44.0,144.0,36.0,33,4.96,6.653225806451613,79.83870967741935,0.125,0,0.0,0,0.0,1,0.030303030303030304,1,0,40.09090909090909,145.67857142857142,114.70833333333333,1,32.0,112.0,64.0,0,91.46666666666665,154.13333333333333,80.8,1,32.0,112.0,64.0,0,11.222222222222221,122.5,98.85714285714286,0,64.4074074074074,138.05555555555554,56.5,0,52.1,144.2,111.33333333333333,0,57.375,185.70833333333334,64.41666666666667,0,58.125,135.75,64.0,0,69.11111111111111,128.96296296296296,84.25925925925927,0,97.16666666666667,162.79166666666666,61.625,0,82.66666666666667,144.16666666666666,141.33333333333334,2,72.0,152.0,64.0,1,96.0,160.0,128.0,0,96.46666666666667,153.26666666666668,296.9333333333333,0,110.4,174.5,64.1,0,16.666666666666668,139.0,84.66666666666667,0,-18.666666666666668,129.33333333333334,82.66666666666667,1,48.0,128.0,64.0,0,79.66666666666667,151.5,66.83333333333333,0,72.0,136.0,72.0,0,8.9375,125.0625,58.0625,1,80.0,144.0,64.0,0,109.33333333333333,170.5,66.83333333333333,0,59.2,137.6,62.6
100210,1093485,119.72413793103448,206.51440570136478,64.0,32.0,60.0,75.84947499582879,56.0,80.0,181.71428571428572,188.55064820566255,136.0,32.0,29,5.152,5.62888198757764,67.54658385093167,0.14285714285714285,0,0.0,0,0.0,1,0.034482758620689655,1,0,40.09090909090909,145.67857142857142,114.70833333333333,1,112.0,192.0,64.0,0,91.46666666666665,154.13333333333333,80.8,0,52.46666666666666,117.85,73.13333333333334,0,11.222222222222221,122.5,98.85714285714286,0,64.4074074074074,138.05555555555554,56.5,0,52.1,144.2,111.33333333333333,0,57.375,185.70833333333334,64.41666666666667,2,48.0,128.0,64.0,0,69.11111111111111,128.96296296296296,84.25925925925927,0,97.16666666666667,162.79166666666666,61.625,1,96.0,160.0,160.0,1,32.0,128.0,64.0,0,71.0,131.9,137.0,0,96.46666666666667,153.26666666666668,296.9333333333333,0,110.4,174.5,64.1,0,16.666666666666668,139.0,84.66666666666667,0,-18.666666666666668,129.33333333333334,82.66666666666667,2,32.0,112.0,64.0,0,79.66666666666667,151.5,66.83333333333333,1,64.0,128.0,80.0,0,8.9375,125.0625,58.0625,1,96.0,160.0,64.0,1,96.0,160.0,64.0,0,59.2,137.6,62.6
100210,1093496,101.85106382978724,146.35296575052607,65.0,24.0,118.8913043478261,107.16408147867568,96.0,96.0,221.56521739130434,157.52427724196966,160.0,108.0,47,10.256,4.582683307332293,54.99219968798752,0.021739130434782608,0,0.0,9,0.19148936170212766,1,0.02127659574468085,1,0,40.09090909090909,145.67857142857142,114.70833333333333,1,0.0,97.0,64.0,5,86.4,150.4,70.4,1,48.0,128.0,64.0,0,11.222222222222221,122.5,98.85714285714286,3,107.0,176.33333333333334,63.666666666666664,0,52.1,144.2,111.33333333333333,1,80.0,224.0,80.0,1,80.0,126.0,64.0,1,31.0,110.0,97.0,0,97.16666666666667,162.79166666666666,61.625,0,82.66666666666667,144.16666666666666,141.33333333333334,0,46.666666666666664,141.33333333333334,62.666666666666664,1,96.0,160.0,112.0,0,96.46666666666667,153.26666666666668,296.9333333333333,0,110.4,174.5,64.1,0,16.666666666666668,139.0,84.66666666666667,0,-18.666666666666668,129.33333333333334,82.66666666666667,0,30.3,125.2,67.2,0,79.66666666666667,151.5,66.83333333333333,0,72.0,136.0,72.0,1,0.0,128.0,64.0,0,89.4,163.0,67.4,0,109.33333333333333,170.5,66.83333333333333,1,48.0,128.0,80.0
100210,1093507,92.76190476190476,50.33686972304435,72.0,44.25,68.8780487804878,70.59233535467493,80.0,65.0,162.3170731707317,46.326223424746416,160.0,63.0,42,6.72,6.25,75.0,0.14634146341463414,0,0.0,0,0.0,4,0.09523809523809523,0,0,40.09090909090909,145.67857142857142,114.70833333333333,0,63.68333333333334,156.05,65.16666666666666,0,91.46666666666665,154.13333333333333,80.8,0,52.46666666666666,117.85,73.13333333333334,0,11.222222222222221,122.5,98.85714285714286,0,64.4074074074074,138.05555555555554,56.5,0,52.1,144.2,111.33333333333333,1,32.0,145.0,64.0,0,58.125,135.75,64.0,0,69.11111111111111,128.96296296296296,84.25925925925927,1,96.0,175.0,65.0,1,80.0,145.0,112.0,0,46.666666666666664,141.33333333333334,62.666666666666664,1,47.0,111.0,129.0,3,74.33333333333333,133.33333333333334,197.66666666666666,1,112.0,176.0,48.0,0,16.666666666666668,139.0,84.66666666666667,1,-32.0,144.0,80.0,0,30.3,125.2,67.2,0,79.66666666666667,151.5,66.83333333333333,0,72.0,136.0,72.0,1,0.0,80.0,64.0,1,111.0,191.0,65.0,1,96.0,160.0,64.0,0,59.2,137.6,62.6
100210,1093521,86.26530612244898,68.66801991902902,65.0,17.0,101.25,140.67893410173394,80.0,53.0,187.64583333333334,112.70139188421273,160.0,41.25,49,9.087,5.392318697039728,64.70782436447674,0.0625,0,0.0,0,0.0,2,0.04081632653061224,1,0,40.09090909090909,145.67857142857142,114.70833333333333,2,39.5,135.5,65.0,0,91.46666666666665,154.13333333333333,80.8,2,87.0,143.5,73.0,0,11.222222222222221,122.5,98.85714285714286,3,52.666666666666664,122.66666666666667,64.33333333333333,0,52.1,144.2,111.33333333333333,1,80.0,191.0,49.0,1,113.0,176.0,64.0,1,48.0,112.0,64.0,0,97.16666666666667,162.79166666666666,61.625,0,82.66666666666667,144.16666666666666,141.33333333333334,0,46.666666666666664,141.33333333333334,62.666666666666664,1,79.0,144.0,161.0,1,112.0,177.0,511.0,2,136.0,200.5,64.5,0,16.666666666666668,139.0,84.66666666666667,0,-18.666666666666668,129.33333333333334,82.66666666666667,1,47.0,144.0,64.0,2,79.0,151.5,72.5,0,72.0,136.0,72.0,1,47.0,144.0,49.0,0,89.4,163.0,67.4,1,80.0,127.0,81.0,1,64.0,144.0,49.0
100210,1093538,93.65306122448979,39.84334170704067,80.0,48.0,69.04166666666667,60.65852452229796,71.5,68.0,162.64583333333334,43.77950889749171,160.0,63.25,49,7.903,6.200177147918512,74.40212577502216,0.08333333333333333,0,0.0,0,0.0,1,0.02040816326530612,1,0,40.09090909090909,145.67857142857142,114.70833333333333,2,64.0,168.0,56.0,0,91.46666666666665,154.13333333333333,80.8,1,64.0,128.0,80.0,0,11.222222222222221,122.5,98.85714285714286,0,64.4074074074074,138.05555555555554,56.5,0,52.1,144.2,111.33333333333333,3,43.0,160.33333333333334,63.666666666666664,0,58.125,135.75,64.0,1,159.0,224.0,96.0,1,112.0,174.0,64.0,1,32.0,112.0,144.0,0,46.666666666666664,141.33333333333334,62.666666666666664,1,80.0,128.0,96.0,0,96.46666666666667,153.26666666666668,296.9333333333333,0,110.4,174.5,64.1,0,16.666666666666668,139.0,84.66666666666667,1,-32.0,112.0,64.0,0,30.3,125.2,67.2,0,79.66666666666667,151.5,66.83333333333333,0,72.0,136.0,72.0,0,8.9375,125.0625,58.0625,1,64.0,144.0,80.0,1,192.0,256.0,64.0,0,59.2,137.6,62.6
100210,1093554,89.55555555555556,46.406341171027854,80.0,32.0,73.38709677419355,59.97777944418375,80.0,48.0,163.09677419354838,55.01223021715389,160.0,72.25,63,10.192,6.181318681318682,74.17582417582418,0.11290322580645161,0,0.0,0,0.0,2,0.031746031746031744,1,0,40.09090909090909,145.67857142857142,114.70833333333333,3,53.333333333333336,144.0,58.666666666666664,0,91.46666666666665,154.13333333333333,80.8,2,88.0,152.0,64.0,0,11.222222222222221,122.5,98.85714285714286,4,92.0,160.0,60.0,0,52.1,144.2,111.33333333333333,3,32.0,149.33333333333334,58.666666666666664,1,64.0,160.0,64.0,3,80.0,138.66666666666666,101.33333333333333,1,116.0,180.0,60.0,0,82.66666666666667,144.16666666666666,141.33333333333334,0,46.666666666666664,141.33333333333334,62.666666666666664,0,71.0,131.9,137.0,1,96.0,144.0,160.0,1,112.0,176.0,64.0,1,-32.0,79.0,128.0,2,0.0,192.0,104.0,1,64.0,160.0,64.0,0,79.66666666666667,151.5,66.83333333333333,2,80.0,144.0,64.0,2,24.5,152.5,63.5,0,89.4,163.0,67.4,1,96.0,160.0,64.0,0,59.2,137.6,62.6
100210,1093576,83.71739130434783,37.9998072326222,64.0,28.0,61.977777777777774,48.27950514746346,64.0,64.0,146.13333333333333,35.71467174394548,144.0,32.0,46,6.64,6.927710843373494,83.13253012048192,0.06666666666666667,0,0.0,0,0.0,1,0.021739130434782608,1,0,40.09090909090909,145.67857142857142,114.70833333333333,2,104.0,216.0,64.0,0,91.46666666666665,154.13333333333333,80.8,3,53.666666666666664,123.0,74.33333333333333,0,11.222222222222221,122.5,98.85714285714286,2,32.0,111.5,56.5,0,52.1,144.2,111.33333333333333,0,57.375,185.70833333333334,64.41666666666667,1,64.0,128.0,48.0,1,64.0,128.0,80.0,1,80.0,144.0,64.0,1,96.0,144.0,128.0,1,32.0,144.0,64.0,1,48.0,112.0,160.0,0,96.46666666666667,153.26666666666668,296.9333333333333,1,96.0,160.0,80.0,0,16.666666666666668,139.0,84.66666666666667,1,-32.0,112.0,96.0,1,16.0,112.0,64.0,1,80.0,160.0,64.0,0,72.0,136.0,72.0,0,8.9375,125.0625,58.0625,0,89.4,163.0,67.4,0,109.33333333333333,170.5,66.83333333333333,1,80.0,176.0,48.0
100210,1093589,111.55813953488372,128.60581605090832,64.0,48.0,59.11904761904762,88.3839573842589,80.0,86.5,171.8095238095238,101.3593884333502,152.0,48.0,43,7.408,5.804535637149028,69.65442764578833,0.16666666666666666,0,0.0,0,0.0,3,0.06976744186046512,0,0,40.09090909090909,145.67857142857142,114.70833333333333,1,32.0,112.0,48.0,0,91.46666666666665,154.13333333333333,80.8,1,32.0,96.0,80.0,0,11.222222222222221,122.5,98.85714285714286,1,48.0,128.0,48.0,0,52.1,144.2,111.33333333333333,2,80.0,200.0,56.0,0,58.125,135.75,64.0,1,48.0,96.0,80.0,0,97.16666666666667,162.79166666666666,61.625,1,96.0,144.0,176.0,0,46.666666666666664,141.33333333333334,62.666666666666664,1,32.0,96.0,176.0,1,112.0,160.0,208.0,1,96.0,160.0,64.0,0,16.666666666666668,139.0,84.66666666666667,0,-18.666666666666668,129.33333333333334,82.66666666666667,1,0.0,112.0,64.0,1,80.0,143.0,64.0,0,72.0,136.0,72.0,1,-16.0,112.0,64.0,1,96.0,176.0,64.0,0,109.33333333333333,170.5,66.83333333333333,0,59.2,137.6,62.6
100210,1093607,77.62962962962963,38.63231054934903,64.0,24.0,89.84615384615384,94.6652776518371,80.0,72.0,167.3846153846154,79.16247990590031,144.0,48.0,27,4.432,6.0920577617328515,73.10469314079421,0.07692307692307693,0,0.0,1,0.037037037037037035,1,0.037037037037037035,1,0,40.09090909090909,145.67857142857142,114.70833333333333,0,63.68333333333334,156.05,65.16666666666666,0,91.46666666666665,154.13333333333333,80.8,2,72.0,136.0,88.0,0,11.222222222222221,122.5,98.85714285714286,2,24.0,112.0,56.0,0,52.1,144.2,111.33333333333333,0,57.375,185.70833333333334,64.41666666666667,1,32.0,128.0,64.0,1,128.0,176.0,96.0,1,96.0,160.0,48.0,0,82.66666666666667,144.16666666666666,141.33333333333334,0,46.666666666666664,141.33333333333334,62.666666666666664,1,64.0,128.0,128.0,0,96.46666666666667,153.26666666666668,296.9333333333333,0,110.4,174.5,64.1,0,16.666666666666668,139.0,84.66666666666667,0,-18.666666666666668,129.33333333333334,82.66666666666667,0,30.3,125.2,67.2,0,79.66666666666667,151.5,66.83333333333333,0,72.0,136.0,72.0,0,8.9375,125.0625,58.0625,0,89.4,163.0,67.4,0,109.33333333333333,170.5,66.83333333333333,0,59.2,137.6,62.6
100210,1093620,101.12244897959184,88.45329279482702,80.0,32.0,129.10416666666666,191.11048719516214,80.0,80.0,231.0,170.98489212013246,176.0,64.0,49,11.152,4.393830703012913,52.72596843615496,0.10416666666666667,0,0.0,3,0.061224489795918366,3,0.061224489795918366,1,0,40.09090909090909,145.67857142857142,114.70833333333333,2,72.0,176.0,72.0,1,96.0,160.0,112.0,1,-16.0,48.0,80.0,0,11.222222222222221,122.5,98.85714285714286,1,112.0,192.0,48.0,0,52.1,144.2,111.33333333333333,1,96.0,272.0,64.0,0,58.125,135.75,64.0,1,0.0,48.0,80.0,0,97.16666666666667,162.79166666666666,61.625,0,82.66666666666667,144.16666666666666,141.33333333333334,1,64.0,144.0,64.0,0,71.0,131.9,137.0,2,88.0,152.0,408.0,0,110.4,174.5,64.1,1,2.0,146.0,62.0,0,-18.666666666666668,129.33333333333334,82.66666666666667,1,80.0,156.0,64.0,0,79.66666666666667,151.5,66.83333333333333,0,72.0,136.0,72.0,1,64.0,160.0,48.0,0,89.4,163.0,67.4,0,109.33333333333333,170.5,66.83333333333333,0,59.2,137.6,62.6
100210,1093650,88.2051282051282,36.39046049072687,80.0,32.0,63.578947368421055,55.48476869183744,80.0,64.0,152.42105263157896,42.76535217042399,144.0,48.0,39,5.856,6.659836065573771,79.91803278688525,0.10526315789473684,0,0.0,0,0.0,1,0.02564102564102564,1,0,40.09090909090909,145.67857142857142,114.70833333333333,1,128.0,208.0,96.0,0,91.46666666666665,154.13333333333333,80.8,0,52.46666666666666,117.85,73.13333333333334,0,11.222222222222221,122.5,98.85714285714286,0,64.4074074074074,138.05555555555554,56.5,0,52.1,144.2,111.33333333333333,0,57.375,185.70833333333334,64.41666666666667,1,16.0,112.0,80.0,0,69.11111111111111,128.96296296296296,84.25925925925927,1,80.0,144.0,80.0,0,82.66666666666667,144.16666666666666,141.33333333333334,0,46.666666666666664,141.33333333333334,62.666666666666664,2,56.0,120.0,152.0,0,96.46666666666667,153.26666666666668,296.9333333333333,0,110.4,174.5,64.1,0,16.666666666666668,139.0,84.66666666666667,0,-18.666666666666668,129.33333333333334,82.66666666666667,2,-16.0,104.0,80.0,0,79.66666666666667,151.5,66.83333333333333,0,72.0,136.0,72.0,0,8.9375,125.0625,58.0625,0,89.4,163.0,67.4,0,109.33333333333333,170.5,66.83333333333333,1,32.0,96.0,64.0
100215,1093486,148.59259259259258,38.77309038138316,143.0,33.0,58.03846153846154,121.84620847900872,45.5,93.75,209.1153846153846,117.6746907377992,179.5,96.25,27,5.521,4.890418402463322,58.68502082955987,0.34615384615384615,0,0.0,0,0.0,1,0.037037037037037035,0,0,40.09090909090909,145.67857142857142,114.70833333333333,2,-23.0,125.0,116.5,0,80.125,186.375,112.5,3,80.33333333333333,195.66666666666666,147.66666666666666,0,11.222222222222221,122.5,98.85714285714286,1,-28.0,120.0,130.0,0,52.1,144.2,111.33333333333333,0,-1.3888888888888888,146.11111111111111,119.61111111111111,1,-13.0,139.0,113.0,1,6.0,136.0,138.0,0,57.57142857142857,189.90476190476193,130.11904761904762,0,135.83333333333334,262.8333333333333,154.5,0,-2.6666666666666665,150.69444444444443,116.1388888888889,1,-8.0,126.0,162.0,0,276.0,396.64285714285717,556.8571428571429,0,101.25,211.75,94.5,1,26.0,185.0,158.0,0,61.2,204.6,163.6,0,55.023809523809526,230.78571428571428,123.26190476190477,0,37.25,174.875,145.75,0,128.66666666666666,246.5,136.0,1,23.0,234.0,156.0,1,60.0,175.0,123.0,0,114.0,241.66666666666666,115.16666666666667,0,-11.4,155.8,118.0
100215,1093499,153.57971014492753,62.0998274863065,144.0,31.0,78.55882352941177,131.3813916397758,54.0,134.5,232.89705882352942,106.4047682072182,203.0,141.0,69,15.939,4.329004329004329,51.948051948051955,0.20588235294117646,0,0.0,2,0.028985507246376812,2,0.028985507246376812,0,0,40.09090909090909,145.67857142857142,114.70833333333333,3,-48.333333333333336,116.0,113.0,0,80.125,186.375,112.5,1,208.0,352.0,132.0,0,11.222222222222221,122.5,98.85714285714286,1,-28.0,104.0,116.0,0,52.1,144.2,111.33333333333333,2,7.0,190.5,122.0,0,-24.46666666666667,138.66666666666666,109.33333333333333,1,10.0,126.0,166.0,3,41.0,169.33333333333334,150.33333333333334,1,70.0,184.0,174.0,0,-2.6666666666666665,150.69444444444443,116.1388888888889,0,143.25925925925924,268.03703703703707,151.03703703703704,1,211.0,331.0,595.0,0,101.25,211.75,94.5,1,7.0,168.0,150.0,1,20.0,154.0,180.0,1,297.0,466.0,147.0,0,37.25,174.875,145.75,0,128.66666666666666,246.5,136.0,0,30.8,205.8,141.6,0,128.0,221.33333333333334,112.0,0,114.0,241.66666666666666,115.16666666666667,1,-52.0,128.0,101.0
100215,1093523,167.36486486486487,185.1951180201445,144.0,31.5,105.91780821917808,234.71420998269116,79.0,114.0,274.13698630136986,153.68722151392757,242.0,118.0,74,20.117,3.6784808868121486,44.141770641745794,0.1506849315068493,0,0.0,1,0.013513513513513514,3,0.04054054054054054,0,0,40.09090909090909,145.67857142857142,114.70833333333333,1,-11.0,128.0,126.0,0,80.125,186.375,112.5,0,122.43333333333332,249.46666666666664,142.26666666666668,0,11.222222222222221,122.5,98.85714285714286,1,47.0,181.0,133.0,0,52.1,144.2,111.33333333333333,1,21.0,188.0,124.0,0,-24.46666666666667,138.66666666666666,109.33333333333333,1,-18.0,115.0,139.0,1,78.0,209.0,148.0,1,368.0,483.0,148.0,2,-34.0,121.5,116.0,0,143.25925925925924,268.03703703703707,151.03703703703704,2,232.5,351.0,1051.5,1,114.0,250.0,105.0,0,205.35,355.2,143.25,0,61.2,204.6,163.6,0,55.023809523809526,230.78571428571428,123.26190476190477,0,37.25,174.875,145.75,0,128.66666666666666,246.5,136.0,1,12.0,186.0,165.0,0,128.0,221.33333333333334,112.0,2,101.5,242.0,122.5,0,-11.4,155.8,118.0
100215,1093549,161.09677419354838,102.76071636721811,135.0,41.0,151.73333333333332,236.47113049071245,83.5,256.25,313.76666666666665,188.4943294166226,218.0,230.75,31,9.546,3.24743347999162,38.969201759899434,0.16666666666666666,0,0.0,0,0.0,3,0.0967741935483871,0,0,40.09090909090909,145.67857142857142,114.70833333333333,1,-10.0,145.0,103.0,0,80.125,186.375,112.5,2,76.5,190.0,146.0,0,11.222222222222221,122.5,98.85714285714286,0,8.5,145.5,113.38888888888889,0,52.1,144.2,111.33333333333333,0,-1.3888888888888888,146.11111111111111,119.61111111111111,0,-24.46666666666667,138.66666666666666,109.33333333333333,0,46.333333333333336,171.22222222222223,132.55555555555554,1,21.0,133.0,133.0,0,135.83333333333334,262.8333333333333,154.5,0,-2.6666666666666665,150.69444444444443,116.1388888888889,1,201.0,312.0,144.0,2,489.5,593.5,535.5,0,101.25,211.75,94.5,0,205.35,355.2,143.25,1,75.0,210.0,154.0,0,55.023809523809526,230.78571428571428,123.26190476190477,0,37.25,174.875,145.75,0,128.66666666666666,246.5,136.0,0,30.8,205.8,141.6,1,82.0,203.0,111.0,0,114.0,241.66666666666666,115.16666666666667,1,35.0,189.0,112.0
100215,1093568,133.41463414634146,37.80177800035473,130.0,41.0,119.375,123.20789087960236,78.5,179.25,253.425,110.04201186365142,218.5,145.5,41,10.245,4.0019521717911175,48.02342606149341,0.2,0,0.0,2,0.04878048780487805,1,0.024390243902439025,0,0,40.09090909090909,145.67857142857142,114.70833333333333,0,-5.551282051282052,137.16666666666669,119.58333333333333,0,80.125,186.375,112.5,0,122.43333333333332,249.46666666666664,142.26666666666668,0,11.222222222222221,122.5,98.85714285714286,0,8.5,145.5,113.38888888888889,0,52.1,144.2,111.33333333333333,1,16.0,170.0,109.0,0,-24.46666666666667,138.66666666666666,109.33333333333333,0,46.333333333333336,171.22222222222223,132.55555555555554,0,57.57142857142857,189.90476190476193,130.11904761904762,0,135.83333333333334,262.8333333333333,154.5,0,-2.6666666666666665,150.69444444444443,116.1388888888889,0,143.25925925925924,268.03703703703707,151.03703703703704,0,276.0,396.64285714285717,556.8571428571429,0,101.25,211.75,94.5,1,276.0,442.0,124.0,0,61.2,204.6,163.6,2,-21.5,154.5,72.5,0,37.25,174.875,145.75,0,128.66666666666666,246.5,136.0,0,30.8,205.8,141.6,0,128.0,221.33333333333334,112.0,0,114.0,241.66666666666666,115.16666666666667,1,-30.0,133.0,105.0
100215,1093583,141.29508196721312,33.651708972897055,143.0,23.0,95.95,113.10060786750883,74.5,96.75,238.7,105.97064058816795,206.0,93.5,61,14.376,4.243183082915971,50.91819699499165,0.13333333333333333,0,0.0,2,0.03278688524590164,2,0.03278688524590164,0,0,40.09090909090909,145.67857142857142,114.70833333333333,4,15.0,159.0,124.75,1,82.0,191.0,131.0,1,20.0,124.0,140.0,0,11.222222222222221,122.5,98.85714285714286,1,43.0,183.0,150.0,0,52.1,144.2,111.33333333333333,1,-19.0,152.0,115.0,0,-24.46666666666667,138.66666666666666,109.33333333333333,2,33.5,185.5,151.5,0,57.57142857142857,189.90476190476193,130.11904761904762,2,92.0,223.0,164.0,2,2.0,154.0,133.5,0,143.25925925925924,268.03703703703707,151.03703703703704,0,276.0,396.64285714285717,556.8571428571429,0,101.25,211.75,94.5,2,33.0,177.5,139.0,1,63.0,204.0,154.0,0,55.023809523809526,230.78571428571428,123.26190476190477,1,17.0,167.0,193.0,0,128.66666666666666,246.5,136.0,2,36.0,185.0,154.0,0,128.0,221.33333333333334,112.0,2,97.5,220.0,114.5,0,-11.4,155.8,118.0
100215,1093623,114.0,35.56884672213673,108.0,26.0,146.6,193.71535819340707,83.0,127.0,262.7,179.34076502569067,189.0,85.0,21,5.326,3.9429215170859937,47.315058205031924,0.2,0,0.0,3,0.14285714285714285,1,0.047619047619047616,1,0,40.09090909090909,145.67857142857142,114.70833333333333,1,-18.0,129.0,77.0,2,75.5,172.5,98.0,1,29.0,155.0,154.0,0,11.222222222222221,122.5,98.85714285714286,0,8.5,145.5,113.38888888888889,0,52.1,144.2,111.33333333333333,0,-1.3888888888888888,146.11111111111111,119.61111111111111,0,-24.46666666666667,138.66666666666666,109.33333333333333,0,46.333333333333336,171.22222222222223,132.55555555555554,0,57.57142857142857,189.90476190476193,130.11904761904762,0,135.83333333333334,262.8333333333333,154.5,0,-2.6666666666666665,150.69444444444443,116.1388888888889,0,143.25925925925924,268.03703703703707,151.03703703703704,0,276.0,396.64285714285717,556.8571428571429,0,101.25,211.75,94.5,0,205.35,355.2,143.25,0,61.2,204.6,163.6,1,-26.0,148.0,108.0,0,37.25,174.875,145.75,0,128.66666666666666,246.5,136.0,0,30.8,205.8,141.6,0,128.0,221.33333333333334,112.0,0,114.0,241.66666666666666,115.16666666666667,0,-11.4,155.8,118.0
100215,1093636,142.34426229508196,48.81375956445525,142.0,38.0,163.48333333333332,269.0616095287884,80.5,123.75,306.6166666666667,261.8751032882321,221.5,102.5,61,18.492,3.2987237724421368,39.58468526930564,0.11666666666666667,0,0.0,0,0.0,1,0.01639344262295082,0,0,40.09090909090909,145.67857142857142,114.70833333333333,2,54.5,198.5,133.0,0,80.125,186.375,112.5,1,106.0,254.0,141.0,0,11.222222222222221,122.5,98.85714285714286,0,8.5,145.5,113.38888888888889,0,52.1,144.2,111.33333333333333,0,-1.3888888888888888,146.11111111111111,119.61111111111111,0,-24.46666666666667,138.66666666666666,109.33333333333333,0,46.333333333333336,171.22222222222223,132.55555555555554,1,39.0,183.0,127.0,0,135.83333333333334,262.8333333333333,154.5,1,32.0,184.0,96.0,1,278.0,402.0,142.0,0,276.0,396.64285714285717,556.8571428571429,1,115.0,227.0,31.0,1,1444.0,1630.0,141.0,1,56.0,213.0,186.0,1,70.0,224.0,123.0,1,47.0,165.0,139.0,0,128.66666666666666,246.5,136.0,1,36.0,219.0,157.0,1,242.0,286.0,102.0,0,114.0,241.66666666666666,115.16666666666667,1,23.0,193.0,148.0
100215,1093670,138.44444444444446,46.07026303161801,134.0,26.25,105.97142857142858,163.21615566293602,65.0,111.5,245.28571428571428,147.43067551100978,192.0,93.0,36,8.693,4.141263085240999,49.69515702289198,0.17142857142857143,0,0.0,1,0.027777777777777776,2,0.05555555555555555,0,0,40.09090909090909,145.67857142857142,114.70833333333333,2,11.5,146.0,134.5,0,80.125,186.375,112.5,1,130.0,254.0,134.0,0,11.222222222222221,122.5,98.85714285714286,1,12.0,146.0,63.0,0,52.1,144.2,111.33333333333333,1,5.0,137.0,112.0,0,-24.46666666666667,138.66666666666666,109.33333333333333,1,52.0,115.0,73.0,0,57.57142857142857,189.90476190476193,130.11904761904762,0,135.83333333333334,262.8333333333333,154.5,0,-2.6666666666666665,150.69444444444443,116.1388888888889,1,120.0,245.0,127.0,1,60.0,181.0,232.0,1,88.0,187.0,121.0,2,50.5,179.0,129.5,0,61.2,204.6,163.6,0,55.023809523809526,230.78571428571428,123.26190476190477,2,42.0,176.5,117.0,0,128.66666666666666,246.5,136.0,0,30.8,205.8,141.6,0,128.0,221.33333333333334,112.0,1,115.0,259.0,101.0,1,-33.0,136.0,124.0
100215,1093681,209.7872340425532,376.66842669225355,147.0,35.0,118.3913043478261,230.40413249812102,77.0,129.75,329.2391304347826,373.1659023044873,230.5,138.5,47,15.306,3.0706912321965243,36.848294786358295,0.1956521739130435,0,0.0,1,0.02127659574468085,2,0.0425531914893617,1,0,40.09090909090909,145.67857142857142,114.70833333333333,1,-49.0,70.0,111.0,0,80.125,186.375,112.5,1,207.0,328.0,150.0,0,11.222222222222221,122.5,98.85714285714286,1,-54.0,96.0,107.0,0,52.1,144.2,111.33333333333333,1,-56.0,72.0,112.0,1,-9.0,160.0,108.0,1,35.0,142.0,119.0,2,52.0,188.0,152.5,0,135.83333333333334,262.8333333333333,154.5,0,-2.6666666666666665,150.69444444444443,116.1388888888889,0,143.25925925925924,268.03703703703707,151.03703703703704,1,153.0,265.0,963.0,0,101.25,211.75,94.5,2,67.0,194.5,131.0,0,61.2,204.6,163.6,0,55.023809523809526,230.78571428571428,123.26190476190477,0,37.25,174.875,145.75,1,115.0,233.0,131.0,0,30.8,205.8,141.6,0,128.0,221.33333333333334,112.0,0,114.0,241.66666666666666,115.16666666666667,0,-11.4,155.8,118.0
100215,1093709,151.15384615384616,59.68057643116241,141.0,31.0,89.10526315789474,110.16035906414464,76.5,107.0,241.23684210526315,95.61337558117954,223.0,104.25,39,9.281,4.202133390798405,50.42560068958086,0.18421052631578946,0,0.0,3,0.07692307692307693,1,0.02564102564102564,0,0,40.09090909090909,145.67857142857142,114.70833333333333,0,-5.551282051282052,137.16666666666669,119.58333333333333,0,80.125,186.375,112.5,0,122.43333333333332,249.46666666666664,142.26666666666668,0,11.222222222222221,122.5,98.85714285714286,0,8.5,145.5,113.38888888888889,0,52.1,144.2,111.33333333333333,2,-15.5,144.5,126.5,0,-24.46666666666667,138.66666666666666,109.33333333333333,1,223.0,394.0,131.0,1,123.0,287.0,105.0,0,135.83333333333334,262.8333333333333,154.5,1,-23.0,127.0,115.0,1,194.0,332.0,144.0,0,276.0,396.64285714285717,556.8571428571429,0,101.25,211.75,94.5,0,205.35,355.2,143.25,0,61.2,204.6,163.6,0,55.023809523809526,230.78571428571428,123.26190476190477,0,37.25,174.875,145.75,0,128.66666666666666,246.5,136.0,0,30.8,205.8,141.6,0,128.0,221.33333333333334,112.0,1,106.0,249.0,138.0,0,-11.4,155.8,118.0
100215,1093722,144.48648648648648,44.87678122437735,138.0,31.0,103.16666666666667,98.51748293802702,83.5,108.0,248.83333333333334,89.28870153732902,219.0,115.0,37,9.06,4.083885209713024,49.0066225165563,0.1111111111111111,0,0.0,0,0.0,2,0.05405405405405406,0,0,40.09090909090909,145.67857142857142,114.70833333333333,1,9.0,147.0,138.0,0,80.125,186.375,112.5,1,186.0,325.0,122.0,0,11.222222222222221,122.5,98.85714285714286,1,17.0,157.0,126.0,0,52.1,144.2,111.33333333333333,1,81.0,179.0,139.0,0,-24.46666666666667,138.66666666666666,109.33333333333333,0,46.333333333333336,171.22222222222223,132.55555555555554,0,57.57142857142857,189.90476190476193,130.11904761904762,1,213.0,344.0,131.0,0,-2.6666666666666665,150.69444444444443,116.1388888888889,2,130.0,273.0,146.0,1,373.0,507.0,219.0,0,101.25,211.75,94.5,1,62.0,199.0,154.0,0,61.2,204.6,163.6,0,55.023809523809526,230.78571428571428,123.26190476190477,0,37.25,174.875,145.75,0,128.66666666666666,246.5,136.0,1,47.0,205.0,76.0,0,128.0,221.33333333333334,112.0,0,114.0,241.66666666666666,115.16666666666667,0,-11.4,155.8,118.0
100215,1093732,142.61764705882354,35.057947580845564,147.0,38.5,135.32835820895522,189.0007808607182,76.0,200.0,278.7014925373134,173.70536170291203,218.0,186.5,68,18.765,3.6237676525446307,43.48521183053557,0.16417910447761194,0,0.0,2,0.029411764705882353,1,0.014705882352941176,0,0,40.09090909090909,145.67857142857142,114.70833333333333,3,-2.3333333333333335,152.66666666666666,121.33333333333333,1,76.0,174.0,98.0,0,122.43333333333332,249.46666666666664,142.26666666666668,0,11.222222222222221,122.5,98.85714285714286,1,4.0,103.0,100.0,0,52.1,144.2,111.33333333333333,0,-1.3888888888888888,146.11111111111111,119.61111111111111,3,-46.333333333333336,126.33333333333333,110.66666666666667,1,26.0,161.0,150.0,0,57.57142857142857,189.90476190476193,130.11904761904762,1,43.0,167.0,162.0,3,20.0,186.66666666666666,118.33333333333333,3,189.33333333333334,310.3333333333333,163.33333333333334,0,276.0,396.64285714285717,556.8571428571429,0,101.25,211.75,94.5,1,62.0,206.0,157.0,1,92.0,242.0,144.0,3,60.666666666666664,211.0,129.33333333333334,0,37.25,174.875,145.75,2,165.0,302.0,165.0,0,30.8,205.8,141.6,0,128.0,221.33333333333334,112.0,0,114.0,241.66666666666666,115.16666666666667,0,-11.4,155.8,118.0
100215,1093750,128.66666666666666,35.654203429921445,123.0,34.5,135.74285714285713,192.67549964451968,79.0,145.0,265.3142857142857,180.81194199318512,204.0,147.5,36,9.383,3.8367259938186087,46.0407119258233,0.2,0,0.0,2,0.05555555555555555,1,0.027777777777777776,0,0,40.09090909090909,145.67857142857142,114.70833333333333,2,3.5,115.0,114.5,1,87.0,208.0,123.0,2,181.5,317.0,156.0,0,11.222222222222221,122.5,98.85714285714286,2,63.5,219.5,95.5,0,52.1,144.2,111.33333333333333,0,-1.3888888888888888,146.11111111111111,119.61111111111111,1,-27.0,137.0,106.0,2,49.5,166.5,125.5,0,57.57142857142857,189.90476190476193,130.11904761904762,0,135.83333333333334,262.8333333333333,154.5,1,-13.0,131.0,118.0,1,137.0,243.0,136.0,0,276.0,396.64285714285717,556.8571428571429,0,101.25,211.75,94.5,0,205.35,355.2,143.25,0,61.2,204.6,163.6,1,-14.0,170.0,135.0,0,37.25,174.875,145.75,0,128.66666666666666,246.5,136.0,0,30.8,205.8,141.6,0,128.0,221.33333333333334,112.0,1,162.0,272.0,135.0,0,-11.4,155.8,118.0
100215,1093761,152.78947368421052,56.88546104823587,147.0,39.0,56.13513513513514,127.10480080289612,43.0,96.0,210.59459459459458,113.63465864980309,191.0,63.0,38,7.883,4.820499809717113,57.84599771660535,0.2702702702702703,0,0.0,0,0.0,2,0.05263157894736842,0,0,40.09090909090909,145.67857142857142,114.70833333333333,2,-4.0,152.0,142.0,0,80.125,186.375,112.5,0,122.43333333333332,249.46666666666664,142.26666666666668,0,11.222222222222221,122.5,98.85714285714286,0,8.5,145.5,113.38888888888889,0,52.1,144.2,111.33333333333333,1,-52.0,82.0,117.0,1,-27.0,131.0,109.0,0,46.333333333333336,171.22222222222223,132.55555555555554,1,49.0,160.0,95.0,1,29.0,176.0,148.0,0,-2.6666666666666665,150.69444444444443,116.1388888888889,1,48.0,169.0,195.0,1,413.0,548.0,302.0,1,88.0,183.0,121.0,1,26.0,171.0,149.0,0,61.2,204.6,163.6,1,19.0,242.0,148.0,1,43.0,191.0,134.0,2,106.0,204.5,112.0,0,30.8,205.8,141.6,0,128.0,221.33333333333334,112.0,1,102.0,208.0,80.0,0,-11.4,155.8,118.0
100224,1093535,122.79545454545455,38.38298601857963,120.0,47.5,14.930232558139535,95.30938491793076,-23.0,120.5,139.09302325581396,77.38782247617587,119.0,82.0,44,6.045,7.278742762613731,87.34491315136478,0.5813953488372093,0,0.0,2,0.045454545454545456,2,0.045454545454545456,1,0,40.09090909090909,145.67857142857142,114.70833333333333,0,1.775,100.3,107.6,1,97.0,178.0,103.0,1,56.0,151.0,136.0,0,11.222222222222221,122.5,98.85714285714286,1,-40.0,96.0,136.0,0,52.1,144.2,111.33333333333333,1,-23.0,96.0,143.0,1,-39.0,81.0,95.0,0,-1.4285714285714286,109.78571428571429,101.92857142857143,0,-19.857142857142858,117.07142857142857,146.14285714285714,0,26.133333333333333,134.28333333333336,128.1,0,-3.5714285714285716,100.92857142857143,98.5,1,16.0,135.0,136.0,1,144.0,288.0,280.0,1,-39.0,121.0,119.0,0,6.0,136.38095238095238,102.95238095238096,0,-26.0,95.5,153.75,0,-60.666666666666664,66.0,103.66666666666667,1,-16.0,80.0,120.0,0,50.25,157.75,135.5,1,-56.0,64.0,160.0,0,-46.5,79.5,126.83333333333333,1,65.0,225.0,95.0,0,-27.5,88.0,107.0
100224,1093550,111.21951219512195,28.06570009305426,103.0,40.0,15.375,106.1477007523008,-19.0,72.75,127.4,113.18895705853996,114.0,50.0,41,5.175,7.922705314009662,95.07246376811594,0.55,0,0.0,2,0.04878048780487805,1,0.024390243902439025,0,0,40.09090909090909,145.67857142857142,114.70833333333333,2,-47.0,32.0,95.5,1,88.0,127.0,96.0,2,36.5,124.0,111.5,0,11.222222222222221,122.5,98.85714285714286,2,-3.5,100.0,119.0,0,52.1,144.2,111.33333333333333,0,-10.5,108.0,118.75,0,17.75,121.05,108.3,1,-3.0,116.0,148.0,1,25.0,160.0,175.0,3,45.666666666666664,141.33333333333334,111.0,1,-55.0,40.0,96.0,1,25.0,144.0,95.0,0,16.875,132.375,332.25,0,-30.333333333333332,132.0,118.0,0,6.0,136.38095238095238,102.95238095238096,0,-26.0,95.5,153.75,0,-60.666666666666664,66.0,103.66666666666667,0,-43.7,105.0,163.2,0,50.25,157.75,135.5,1,17.0,120.0,95.0,2,-59.0,68.0,107.0,2,-35.0,72.0,96.0,0,-27.5,88.0,107.0
100224,1093562,112.8108108108108,32.51929808577108,119.0,41.0,20.52777777777778,86.3997447627117,0.5,93.25,133.80555555555554,69.82908477308659,136.0,70.5,37,4.913,7.53104009769998,90.37248117239976,0.5,0,0.0,4,0.10810810810810811,1,0.02702702702702703,0,0,40.09090909090909,145.67857142857142,114.70833333333333,2,-19.5,68.5,119.0,2,88.0,159.0,120.0,0,55.05555555555556,155.0,112.77777777777777,0,11.222222222222221,122.5,98.85714285714286,0,1.75,104.04166666666667,99.25,0,52.1,144.2,111.33333333333333,2,-7.0,111.5,99.5,0,17.75,121.05,108.3,1,17.0,160.0,119.0,0,-19.857142857142858,117.07142857142857,146.14285714285714,1,-23.0,96.0,159.0,0,-3.5714285714285716,100.92857142857143,98.5,0,13.2,134.0,100.6,0,16.875,132.375,332.25,0,-30.333333333333332,132.0,118.0,3,-50.0,66.66666666666667,71.66666666666667,1,-16.0,103.0,152.0,0,-60.666666666666664,66.0,103.66666666666667,0,-43.7,105.0,163.2,0,50.25,157.75,135.5,1,-16.0,63.0,120.0,0,-46.5,79.5,126.83333333333333,0,5.833333333333333,129.83333333333334,92.5,0,-27.5,88.0,107.0
100224,1093570,105.62,37.76182728629535,99.5,40.0,42.08163265306123,139.00915206028026,21.0,103.0,147.42857142857142,133.7573190825955,120.0,58.0,50,7.343,6.809206046574969,81.71047255889964,0.42857142857142855,0,0.0,6,0.12,1,0.02,0,0,40.09090909090909,145.67857142857142,114.70833333333333,1,-39.0,40.0,120.0,5,87.0,150.4,57.0,0,55.05555555555556,155.0,112.77777777777777,0,11.222222222222221,122.5,98.85714285714286,1,17.0,120.0,39.0,0,52.1,144.2,111.33333333333333,0,-10.5,108.0,118.75,1,21.0,135.0,96.0,0,-1.4285714285714286,109.78571428571429,101.92857142857143,1,-39.0,96.0,175.0,1,24.0,104.0,120.0,1,-24.0,95.0,80.0,0,13.2,134.0,100.6,0,16.875,132.375,332.25,0,-30.333333333333332,132.0,118.0,0,6.0,136.38095238095238,102.95238095238096,0,-26.0,95.5,153.75,1,-63.0,95.0,79.0,0,-43.7,105.0,163.2,1,32.0,176.0,103.0,1,-40.0,80.0,136.0,0,-46.5,79.5,126.83333333333333,0,5.833333333333333,129.83333333333334,92.5,0,-27.5,88.0,107.0
100224,1093579,121.925,61.068972277253856,119.0,40.25,58.56410256410256,133.10470042593033,17.0,127.0,180.56410256410257,151.10851846404867,121.0,80.5,40,7.161,5.585812037424941,67.02974444909928,0.38461538461538464,0,0.0,0,0.0,2,0.05,0,0,40.09090909090909,145.67857142857142,114.70833333333333,0,1.775,100.3,107.6,0,92.9,158.98,92.8,0,55.05555555555556,155.0,112.77777777777777,0,11.222222222222221,122.5,98.85714285714286,0,1.75,104.04166666666667,99.25,0,52.1,144.2,111.33333333333333,2,-3.0,136.5,103.0,1,25.0,121.0,120.0,0,-1.4285714285714286,109.78571428571429,101.92857142857143,0,-19.857142857142858,117.07142857142857,146.14285714285714,0,26.133333333333333,134.28333333333336,128.1,0,-3.5714285714285716,100.92857142857143,98.5,0,13.2,134.0,100.6,1,-41.0,79.0,458.0,0,-30.333333333333332,132.0,118.0,0,6.0,136.38095238095238,102.95238095238096,1,-57.0,119.0,152.0,0,-60.666666666666664,66.0,103.66666666666667,0,-43.7,105.0,163.2,0,50.25,157.75,135.5,0,8.857142857142858,131.0,127.5,1,-23.0,120.0,120.0,0,5.833333333333333,129.83333333333334,92.5,2,-27.5,88.0,107.0
100224,1093595,119.96666666666667,37.64171740089563,115.5,45.25,17.448275862068964,70.08250615839263,-16.0,117.0,138.20689655172413,50.17718901318766,136.0,67.0,30,4.105,7.3081607795371495,87.69792935444579,0.5172413793103449,0,0.0,0,0.0,2,0.06666666666666667,0,0,40.09090909090909,145.67857142857142,114.70833333333333,1,-24.0,96.0,80.0,0,92.9,158.98,92.8,1,16.0,136.0,104.0,0,11.222222222222221,122.5,98.85714285714286,1,-24.0,80.0,144.0,0,52.1,144.2,111.33333333333333,1,-23.0,96.0,160.0,2,32.5,145.5,108.0,0,-1.4285714285714286,109.78571428571429,101.92857142857143,0,-19.857142857142858,117.07142857142857,146.14285714285714,0,26.133333333333333,134.28333333333336,128.1,0,-3.5714285714285716,100.92857142857143,98.5,1,-16.0,144.0,96.0,1,48.0,128.0,143.0,0,-30.333333333333332,132.0,118.0,0,6.0,136.38095238095238,102.95238095238096,0,-26.0,95.5,153.75,0,-60.666666666666664,66.0,103.66666666666667,1,-16.0,120.0,176.0,0,50.25,157.75,135.5,0,8.857142857142858,131.0,127.5,0,-46.5,79.5,126.83333333333333,0,5.833333333333333,129.83333333333334,92.5,0,-27.5,88.0,107.0
100224,1093605,113.83333333333333,34.6354598549677,111.5,24.75,2.5853658536585367,107.26920218339127,-17.0,64.0,116.6829268292683,95.03977062887813,102.0,49.0,42,4.887,8.594229588704728,103.13075506445674,0.6585365853658537,0,0.0,0,0.0,3,0.07142857142857142,0,0,40.09090909090909,145.67857142857142,114.70833333333333,0,1.775,100.3,107.6,0,92.9,158.98,92.8,2,-19.0,88.0,107.0,0,11.222222222222221,122.5,98.85714285714286,1,17.0,112.0,79.0,0,52.1,144.2,111.33333333333333,0,-10.5,108.0,118.75,1,-17.0,80.0,96.0,1,-15.0,64.0,95.0,1,-119.0,80.0,183.0,1,-17.0,102.0,97.0,1,25.0,120.0,95.0,0,13.2,134.0,100.6,1,23.0,119.0,112.0,0,-30.333333333333332,132.0,118.0,1,-56.0,119.0,95.0,1,-15.0,80.0,175.0,0,-60.666666666666664,66.0,103.66666666666667,0,-43.7,105.0,163.2,0,50.25,157.75,135.5,0,8.857142857142858,131.0,127.5,1,-62.0,57.0,143.0,1,18.0,136.0,55.0,0,-27.5,88.0,107.0
100224,1093619,118.08196721311475,72.44111120663037,105.0,25.0,76.75,98.30744715771367,76.5,136.25,195.48333333333332,102.59800057614294,176.5,112.0,61,11.808,5.165989159891599,61.99186991869918,0.26666666666666666,0,0.0,0,0.0,2,0.03278688524590164,0,0,40.09090909090909,145.67857142857142,114.70833333333333,2,56.5,144.0,115.0,0,92.9,158.98,92.8,1,24.0,120.0,135.0,0,11.222222222222221,122.5,98.85714285714286,2,40.0,159.5,88.0,0,52.1,144.2,111.33333333333333,0,-10.5,108.0,118.75,0,17.75,121.05,108.3,2,48.5,157.0,87.5,1,-64.0,80.0,144.0,3,141.66666666666666,272.0,120.0,2,12.0,108.0,111.5,0,13.2,134.0,100.6,1,-24.0,79.0,639.0,1,-40.0,120.0,96.0,1,249.0,328.0,80.0,0,-26.0,95.5,153.75,0,-60.666666666666664,66.0,103.66666666666667,0,-43.7,105.0,163.2,1,104.0,200.0,144.0,2,-20.0,108.0,135.5,1,-56.0,80.0,136.0,1,24.0,144.0,96.0,0,-27.5,88.0,107.0
100224,1093644,136.15,61.403806885241245,104.0,56.0,29.736842105263158,124.83245280870766,24.0,92.0,165.10526315789474,129.33998231378706,121.0,83.5,20,3.328,6.009615384615385,72.11538461538461,0.47368421052631576,0,0.0,0,0.0,3,0.15,0,0,40.09090909090909,145.67857142857142,114.70833333333333,1,-15.0,121.0,96.0,0,92.9,158.98,92.8,1,57.0,152.0,95.0,0,11.222222222222221,122.5,98.85714285714286,1,-39.0,56.0,103.0,0,52.1,144.2,111.33333333333333,0,-10.5,108.0,118.75,0,17.75,121.05,108.3,0,-1.4285714285714286,109.78571428571429,101.92857142857143,0,-19.857142857142858,117.07142857142857,146.14285714285714,0,26.133333333333333,134.28333333333336,128.1,1,25.0,120.0,111.0,1,24.0,135.0,96.0,0,16.875,132.375,332.25,1,49.0,191.0,95.0,0,6.0,136.38095238095238,102.95238095238096,0,-26.0,95.5,153.75,0,-60.666666666666664,66.0,103.66666666666667,0,-43.7,105.0,163.2,0,50.25,157.75,135.5,1,162.0,361.0,142.0,0,-46.5,79.5,126.83333333333333,0,5.833333333333333,129.83333333333334,92.5,0,-27.5,88.0,107.0
100224,1093656,115.89655172413794,24.06792804798923,120.0,39.0,59.964285714285715,109.72416133939075,24.0,117.75,175.14285714285714,104.72300684789998,139.5,128.0,29,5.04,5.753968253968254,69.04761904761904,0.32142857142857145,0,0.0,2,0.06896551724137931,1,0.034482758620689655,0,0,40.09090909090909,145.67857142857142,114.70833333333333,0,1.775,100.3,107.6,0,92.9,158.98,92.8,0,55.05555555555556,155.0,112.77777777777777,0,11.222222222222221,122.5,98.85714285714286,1,-15.0,80.0,79.0,0,52.1,144.2,111.33333333333333,1,16.0,136.0,104.0,1,112.0,184.0,160.0,0,-1.4285714285714286,109.78571428571429,101.92857142857143,0,-19.857142857142858,117.07142857142857,146.14285714285714,1,16.0,120.0,120.0,0,-3.5714285714285716,100.92857142857143,98.5,0,13.2,134.0,100.6,0,16.875,132.375,332.25,0,-30.333333333333332,132.0,118.0,0,6.0,136.38095238095238,102.95238095238096,0,-26.0,95.5,153.75,0,-60.666666666666664,66.0,103.66666666666667,0,-43.7,105.0,163.2,0,50.25,157.75,135.5,0,8.857142857142858,131.0,127.5,0,-46.5,79.5,126.83333333333333,0,5.833333333333333,129.83333333333334,92.5,0,-27.5,88.0,107.0
100224,1093663,124.25,31.14622770095923,120.0,34.0,26.210526315789473,195.6155141160355,-38.0,68.5,151.57894736842104,194.97052835033236,97.0,68.0,20,2.983,6.70465973851827,80.45591686221924,0.7368421052631579,0,0.0,0,0.0,2,0.1,0,0,40.09090909090909,145.67857142857142,114.70833333333333,0,1.775,100.3,107.6,0,92.9,158.98,92.8,0,55.05555555555556,155.0,112.77777777777777,0,11.222222222222221,122.5,98.85714285714286,0,1.75,104.04166666666667,99.25,0,52.1,144.2,111.33333333333333,0,-10.5,108.0,118.75,1,-16.0,80.0,79.0,0,-1.4285714285714286,109.78571428571429,101.92857142857143,0,-19.857142857142858,117.07142857142857,146.14285714285714,1,87.0,167.0,121.0,0,-3.5714285714285716,100.92857142857143,98.5,0,13.2,134.0,100.6,0,16.875,132.375,332.25,0,-30.333333333333332,132.0,118.0,0,6.0,136.38095238095238,102.95238095238096,0,-26.0,95.5,153.75,1,-79.0,40.0,120.0,0,-43.7,105.0,163.2,1,41.0,136.0,135.0,0,8.857142857142858,131.0,127.5,1,-40.0,56.0,135.0,0,5.833333333333333,129.83333333333334,92.5,0,-27.5,88.0,107.0
100224,1093672,124.60344827586206,28.78753301474287,120.0,22.25,39.175438596491226,140.18510604961202,-15.0,97.0,163.859649122807,136.198827647335,140.0,75.0,58,9.46,6.131078224101479,73.57293868921775,0.5087719298245614,0,0.0,0,0.0,2,0.034482758620689655,0,0,40.09090909090909,145.67857142857142,114.70833333333333,1,41.0,104.0,119.0,0,92.9,158.98,92.8,1,296.0,416.0,144.0,0,11.222222222222221,122.5,98.85714285714286,2,-23.5,76.0,79.0,0,52.1,144.2,111.33333333333333,0,-10.5,108.0,118.75,1,25.0,144.0,135.0,2,24.5,124.0,71.5,1,113.0,192.0,95.0,2,25.0,140.5,155.0,2,16.0,127.5,116.0,0,13.2,134.0,100.6,1,-24.0,111.0,184.0,0,-30.333333333333332,132.0,118.0,1,-39.0,80.0,119.0,0,-26.0,95.5,153.75,0,-60.666666666666664,66.0,103.66666666666667,0,-43.7,105.0,163.2,0,50.25,157.75,135.5,0,8.857142857142858,131.0,127.5,0,-46.5,79.5,126.83333333333333,1,-63.0,97.0,119.0,0,-27.5,88.0,107.0
100224,1093687,131.75,58.33623292113206,119.0,64.0,10.127272727272727,68.8294478589069,16.0,104.0,142.52727272727273,61.48668874286518,121.0,68.0,56,7.935,7.0573408947700065,84.68809073724006,0.4909090909090909,0,0.0,0,0.0,3,0.05357142857142857,0,0,40.09090909090909,145.67857142857142,114.70833333333333,4,18.25,152.0,117.0,0,92.9,158.98,92.8,0,55.05555555555556,155.0,112.77777777777777,0,11.222222222222221,122.5,98.85714285714286,1,24.0,119.0,95.0,0,52.1,144.2,111.33333333333333,1,-23.0,72.0,103.0,1,17.0,120.0,95.0,0,-1.4285714285714286,109.78571428571429,101.92857142857143,2,-80.0,67.5,140.0,1,25.0,144.0,135.0,0,-3.5714285714285716,100.92857142857143,98.5,1,17.0,112.0,80.0,2,69.0,196.0,258.5,1,-63.0,96.0,119.0,1,-16.0,120.0,112.0,0,-26.0,95.5,153.75,0,-60.666666666666664,66.0,103.66666666666667,2,-19.5,117.0,167.0,1,24.0,119.0,160.0,0,8.857142857142858,131.0,127.5,0,-46.5,79.5,126.83333333333333,0,5.833333333333333,129.83333333333334,92.5,0,-27.5,88.0,107.0
100224,1093704,114.46969696969697,27.95733746425061,115.5,40.0,37.12307692307692,87.6579905861951,24.0,88.0,151.15384615384616,85.94188210989864,121.0,79.0,66,9.968,6.621187800963082,79.45425361155698,0.35384615384615387,0,0.0,3,0.045454545454545456,1,0.015151515151515152,0,0,40.09090909090909,145.67857142857142,114.70833333333333,2,25.0,112.5,95.5,2,104.5,180.5,88.0,1,16.0,96.0,80.0,0,11.222222222222221,122.5,98.85714285714286,1,24.0,104.0,96.0,0,52.1,144.2,111.33333333333333,0,-10.5,108.0,118.75,0,17.75,121.05,108.3,2,0.0,95.5,87.5,1,25.0,144.0,111.0,0,26.133333333333333,134.28333333333336,128.1,1,-24.0,96.0,80.0,0,13.2,134.0,100.6,0,16.875,132.375,332.25,1,-64.0,72.0,160.0,2,-31.0,57.0,108.0,1,-16.0,80.0,136.0,0,-60.666666666666664,66.0,103.66666666666667,1,-96.0,104.0,136.0,0,50.25,157.75,135.5,1,15.0,121.0,104.0,1,-39.0,96.0,120.0,1,26.0,105.0,94.0,0,-27.5,88.0,107.0
100224,1093719,152.22222222222223,137.01968859156116,119.0,56.0,47.05714285714286,225.49132930522345,-15.0,119.5,200.88571428571427,242.7646445697174,136.0,108.0,36,7.127,5.0512136944015715,60.614564332818865,0.5428571428571428,0,0.0,0,0.0,3,0.08333333333333333,1,0,40.09090909090909,145.67857142857142,114.70833333333333,2,21.5,133.0,119.0,0,92.9,158.98,92.8,2,13.0,112.0,102.5,0,11.222222222222221,122.5,98.85714285714286,1,44.0,146.0,134.0,0,52.1,144.2,111.33333333333333,0,-10.5,108.0,118.75,2,17.0,120.0,99.0,1,-82.0,52.0,105.0,0,-19.857142857142858,117.07142857142857,146.14285714285714,1,-63.0,56.0,143.0,0,-3.5714285714285716,100.92857142857143,98.5,0,13.2,134.0,100.6,2,-60.0,59.0,583.5,1,-25.0,192.0,119.0,1,-15.0,184.0,135.0,0,-26.0,95.5,153.75,1,-40.0,63.0,112.0,1,-71.0,104.0,217.0,0,50.25,157.75,135.5,0,8.857142857142858,131.0,127.5,0,-46.5,79.5,126.83333333333333,0,5.833333333333333,129.83333333333334,92.5,0,-27.5,88.0,107.0
100232,1093616,134.56521739130434,23.553502623225835,131.5,35.75,-2.3555555555555556,94.24322093051588,-15.0,57.0,132.2,91.62474192778572,119.0,47.0,46,6.084,7.560815253122946,90.72978303747534,0.6444444444444445,0,0.0,0,0.0,1,0.021739130434782608,0,28,23.821428571428573,154.60714285714286,134.10714285714286,0,16.0,124.38888888888889,103.5,0,76.0,172.0,84.0,0,50.0,155.0,100.1875,8,-34.5,100.625,145.375,0,8.5,110.0,96.0,8,-50.125,95.25,127.375,0,20.5,134.0,104.0,0,23.0,135.1818181818182,104.0,0,24.5,112.0,104.375,0,52.25,144.0,106.5,0,59.0,165.0,119.10416666666667,0,22.1,130.4,98.5,0,66.28571428571429,187.5,114.6,0,67.2,184.2,149.33333333333331,0,48.0,150.0,103.0,0,-15.466666666666669,117.4,113.88888888888889,0,-30.214285714285715,116.0,120.0,0,-20.75,119.25,101.33333333333333,0,37.25,153.0,107.66666666666667,0,74.0,178.0,103.71428571428571,0,16.0,134.28571428571428,97.0,0,35.75,133.5,106.66666666666667,0,64.5,160.0,99.6875,0,10.5,131.16666666666666,104.33333333333333
100232,1093637,125.02857142857142,16.375043230975805,127.0,24.0,4.676470588235294,54.047212796523226,-8.0,48.75,130.08823529411765,55.759128847454114,116.0,30.75,35,4.535,7.717750826901874,92.61300992282249,0.5294117647058824,0,0.0,0,0.0,1,0.02857142857142857,0,25,2.48,127.04,123.92,0,16.0,124.38888888888889,103.5,0,76.0,172.0,84.0,0,50.0,155.0,100.1875,4,-2.0,121.75,130.0,0,8.5,110.0,96.0,4,16.0,146.0,128.0,0,20.5,134.0,104.0,0,23.0,135.1818181818182,104.0,0,24.5,112.0,104.375,0,52.25,144.0,106.5,0,59.0,165.0,119.10416666666667,0,22.1,130.4,98.5,0,66.28571428571429,187.5,114.6,0,67.2,184.2,149.33333333333331,0,48.0,150.0,103.0,0,-15.466666666666669,117.4,113.88888888888889,0,-30.214285714285715,116.0,120.0,0,-20.75,119.25,101.33333333333333,0,37.25,153.0,107.66666666666667,0,74.0,178.0,103.71428571428571,0,16.0,134.28571428571428,97.0,0,35.75,133.5,106.66666666666667,0,64.5,160.0,99.6875,0,10.5,131.16666666666666,104.33333333333333
100232,1093654,122.36,21.654339057103545,120.0,16.0,18.3265306122449,92.98263778136042,1.0,72.0,140.89795918367346,88.97861355013606,128.0,72.0,50,7.016,7.126567844925884,85.5188141391106,0.4489795918367347,0,0.0,0,0.0,2,0.04,0,33,18.515151515151516,139.57575757575756,120.39393939393939,0,16.0,124.38888888888889,103.5,0,76.0,172.0,84.0,0,50.0,155.0,100.1875,7,-30.857142857142858,95.14285714285714,120.14285714285714,0,8.5,110.0,96.0,6,57.166666666666664,180.0,129.33333333333334,0,20.5,134.0,104.0,0,23.0,135.1818181818182,104.0,0,24.5,112.0,104.375,0,52.25,144.0,106.5,0,59.0,165.0,119.10416666666667,0,22.1,130.4,98.5,0,66.28571428571429,187.5,114.6,1,328.0,432.0,136.0,0,48.0,150.0,103.0,0,-15.466666666666669,117.4,113.88888888888889,0,-30.214285714285715,116.0,120.0,0,-20.75,119.25,101.33333333333333,0,37.25,153.0,107.66666666666667,0,74.0,178.0,103.71428571428571,0,16.0,134.28571428571428,97.0,0,35.75,133.5,106.66666666666667,0,64.5,160.0,99.6875,0,10.5,131.16666666666666,104.33333333333333
100232,1093667,120.04878048780488,20.472410011611277,120.0,16.0,12.15,58.91288059499382,8.0,58.0,133.8,54.647140821821594,124.0,56.0,41,5.408,7.581360946745562,90.97633136094673,0.425,0,0.0,0,0.0,1,0.024390243902439025,1,28,13.535714285714286,136.82142857142858,119.28571428571429,0,16.0,124.38888888888889,103.5,0,76.0,172.0,84.0,0,50.0,155.0,100.1875,6,41.5,153.5,113.0,0,8.5,110.0,96.0,5,-20.4,104.0,129.6,0,20.5,134.0,104.0,0,23.0,135.1818181818182,104.0,0,24.5,112.0,104.375,0,52.25,144.0,106.5,0,59.0,165.0,119.10416666666667,0,22.1,130.4,98.5,0,66.28571428571429,187.5,114.6,0,67.2,184.2,149.33333333333331,0,48.0,150.0,103.0,0,-15.466666666666669,117.4,113.88888888888889,0,-30.214285714285715,116.0,120.0,0,-20.75,119.25,101.33333333333333,0,37.25,153.0,107.66666666666667,0,74.0,178.0,103.71428571428571,0,16.0,134.28571428571428,97.0,0,35.75,133.5,106.66666666666667,0,64.5,160.0,99.6875,0,10.5,131.16666666666666,104.33333333333333
100232,1093683,117.76666666666667,20.684427851781532,119.5,29.75,-7.931034482758621,48.20854913057096,-9.0,41.0,110.58620689655173,39.750530025856314,105.0,39.0,30,3.303,9.082652134423252,108.99182561307902,0.6551724137931034,0,0.0,0,0.0,1,0.03333333333333333,0,20,1.95,118.85,116.5,0,16.0,124.38888888888889,103.5,0,76.0,172.0,84.0,0,50.0,155.0,100.1875,4,-23.25,101.75,124.0,0,8.5,110.0,96.0,4,-28.0,96.0,119.0,0,20.5,134.0,104.0,0,23.0,135.1818181818182,104.0,0,24.5,112.0,104.375,0,52.25,144.0,106.5,0,59.0,165.0,119.10416666666667,0,22.1,130.4,98.5,0,66.28571428571429,187.5,114.6,0,67.2,184.2,149.33333333333331,0,48.0,150.0,103.0,0,-15.466666666666669,117.4,113.88888888888889,0,-30.214285714285715,116.0,120.0,0,-20.75,119.25,101.33333333333333,0,37.25,153.0,107.66666666666667,0,74.0,178.0,103.71428571428571,0,16.0,134.28571428571428,97.0,0,35.75,133.5,106.66666666666667,0,64.5,160.0,99.6875,0,10.5,131.16666666666666,104.33333333333333
100232,1093697,127.20689655172414,25.24689029720202,120.0,40.0,-10.642857142857142,53.65046550571199,-8.0,80.0,117.10714285714286,42.389637619954016,116.0,56.0,29,3.391,8.552049542907696,102.62459451489237,0.5714285714285714,0,0.0,0,0.0,2,0.06896551724137931,0,14,-8.571428571428571,129.21428571428572,126.28571428571429,0,16.0,124.38888888888889,103.5,0,76.0,172.0,84.0,0,50.0,155.0,100.1875,6,-5.333333333333333,106.5,113.66666666666667,0,8.5,110.0,96.0,5,2.8,118.4,132.8,0,20.5,134.0,104.0,0,23.0,135.1818181818182,104.0,0,24.5,112.0,104.375,0,52.25,144.0,106.5,0,59.0,165.0,119.10416666666667,0,22.1,130.4,98.5,0,66.28571428571429,187.5,114.6,1,-8.0,96.0,144.0,0,48.0,150.0,103.0,0,-15.466666666666669,117.4,113.88888888888889,0,-30.214285714285715,116.0,120.0,0,-20.75,119.25,101.33333333333333,0,37.25,153.0,107.66666666666667,0,74.0,178.0,103.71428571428571,0,16.0,134.28571428571428,97.0,0,35.75,133.5,106.66666666666667,0,64.5,160.0,99.6875,0,10.5,131.16666666666666,104.33333333333333
100232,1093705,126.34693877551021,22.05147134746542,128.0,40.0,-7.979166666666667,85.19499437157222,-32.0,64.0,118.5,78.38446912494847,100.0,56.0,49,5.808,8.4366391184573,101.23966942148762,0.6666666666666666,0,0.0,0,0.0,1,0.02040816326530612,0,31,1.6451612903225807,130.61290322580646,123.51612903225806,0,16.0,124.38888888888889,103.5,0,76.0,172.0,84.0,0,50.0,155.0,100.1875,8,-14.0,98.875,127.25,0,8.5,110.0,96.0,8,-26.25,101.0,136.0,0,20.5,134.0,104.0,0,23.0,135.1818181818182,104.0,0,24.5,112.0,104.375,0,52.25,144.0,106.5,0,59.0,165.0,119.10416666666667,0,22.1,130.4,98.5,0,66.28571428571429,187.5,114.6,0,67.2,184.2,149.33333333333331,0,48.0,150.0,103.0,0,-15.466666666666669,117.4,113.88888888888889,0,-30.214285714285715,116.0,120.0,0,-20.75,119.25,101.33333333333333,0,37.25,153.0,107.66666666666667,0,74.0,178.0,103.71428571428571,0,16.0,134.28571428571428,97.0,0,35.75,133.5,106.66666666666667,0,64.5,160.0,99.6875,0,10.5,131.16666666666666,104.33333333333333
100232,1093717,124.73333333333333,25.21763051693971,124.0,22.25,17.724137931034484,80.36120892643979,16.0,88.0,142.3448275862069,70.49591617522299,120.0,46.0,30,4.256,7.048872180451127,84.58646616541353,0.41379310344827586,0,0.0,0,0.0,4,0.13333333333333333,0,15,23.533333333333335,149.86666666666667,127.53333333333333,0,16.0,124.38888888888889,103.5,0,76.0,172.0,84.0,0,50.0,155.0,100.1875,5,8.2,126.8,113.2,0,8.5,110.0,96.0,2,64.0,188.0,156.0,0,20.5,134.0,104.0,0,23.0,135.1818181818182,104.0,0,24.5,112.0,104.375,0,52.25,144.0,106.5,0,59.0,165.0,119.10416666666667,0,22.1,130.4,98.5,0,66.28571428571429,187.5,114.6,3,88.0,194.0,138.66666666666666,0,48.0,150.0,103.0,0,-15.466666666666669,117.4,113.88888888888889,0,-30.214285714285715,116.0,120.0,0,-20.75,119.25,101.33333333333333,0,37.25,153.0,107.66666666666667,0,74.0,178.0,103.71428571428571,0,16.0,134.28571428571428,97.0,0,35.75,133.5,106.66666666666667,0,64.5,160.0,99.6875,0,10.5,131.16666666666666,104.33333333333333
100232,1093726,126.16949152542372,28.76034967278346,120.0,39.5,24.74137931034483,129.54144062606687,0.5,92.25,151.1551724137931,119.50758188675123,124.0,69.75,59,8.879,6.644892442842663,79.73870931411196,0.4827586206896552,0,0.0,0,0.0,0,0.0,0,42,39.57142857142857,165.85714285714286,126.07142857142857,0,16.0,124.38888888888889,103.5,0,76.0,172.0,84.0,0,50.0,155.0,100.1875,8,-24.75,94.0,134.75,0,8.5,110.0,96.0,8,-3.625,131.125,122.0,0,20.5,134.0,104.0,0,23.0,135.1818181818182,104.0,0,24.5,112.0,104.375,0,52.25,144.0,106.5,0,59.0,165.0,119.10416666666667,0,22.1,130.4,98.5,0,66.28571428571429,187.5,114.6,0,67.2,184.2,149.33333333333331,0,48.0,150.0,103.0,0,-15.466666666666669,117.4,113.88888888888889,0,-30.214285714285715,116.0,120.0,0,-20.75,119.25,101.33333333333333,0,37.25,153.0,107.66666666666667,0,74.0,178.0,103.71428571428571,0,16.0,134.28571428571428,97.0,0,35.75,133.5,106.66666666666667,0,64.5,160.0,99.6875,0,10.5,131.16666666666666,104.33333333333333
100232,1093736,125.75342465753425,23.35009361508781,128.0,24.0,8.833333333333334,103.57230432032601,-8.0,72.0,135.11111111111111,96.03291616760536,128.0,52.0,73,9.816,7.436837815810921,89.24205378973103,0.5277777777777778,0,0.0,2,0.0273972602739726,2,0.0273972602739726,1,43,-2.9069767441860463,124.09302325581395,125.76744186046511,0,16.0,124.38888888888889,103.5,0,76.0,172.0,84.0,0,50.0,155.0,100.1875,11,-27.545454545454547,101.81818181818181,128.0,0,8.5,110.0,96.0,11,10.909090909090908,136.72727272727272,129.8181818181818,0,20.5,134.0,104.0,0,23.0,135.1818181818182,104.0,0,24.5,112.0,104.375,0,52.25,144.0,106.5,0,59.0,165.0,119.10416666666667,0,22.1,130.4,98.5,0,66.28571428571429,187.5,114.6,1,-16.0,120.0,160.0,0,48.0,150.0,103.0,0,-15.466666666666669,117.4,113.88888888888889,0,-30.214285714285715,116.0,120.0,0,-20.75,119.25,101.33333333333333,0,37.25,153.0,107.66666666666667,0,74.0,178.0,103.71428571428571,0,16.0,134.28571428571428,97.0,0,35.75,133.5,106.66666666666667,0,64.5,160.0,99.6875,0,10.5,131.16666666666666,104.33333333333333
100232,1093748,123.03703703703704,18.7645873753994,127.0,24.5,3.8846153846153846,77.44791148948332,-11.0,71.0,126.76923076923077,73.96324851017238,108.0,56.0,27,3.423,7.887817703768624,94.6538124452235,0.5769230769230769,0,0.0,1,0.037037037037037035,1,0.037037037037037035,0,17,-8.882352941176471,113.88235294117646,122.29411764705883,0,16.0,124.38888888888889,103.5,0,76.0,172.0,84.0,0,50.0,155.0,100.1875,3,-12.666666666666666,112.0,122.0,0,8.5,110.0,96.0,3,3.3333333333333335,125.33333333333333,127.66666666666667,0,20.5,134.0,104.0,0,23.0,135.1818181818182,104.0,0,24.5,112.0,104.375,0,52.25,144.0,106.5,0,59.0,165.0,119.10416666666667,0,22.1,130.4,98.5,0,66.28571428571429,187.5,114.6,0,67.2,184.2,149.33333333333331,0,48.0,150.0,103.0,0,-15.466666666666669,117.4,113.88888888888889,0,-30.214285714285715,116.0,120.0,0,-20.75,119.25,101.33333333333333,0,37.25,153.0,107.66666666666667,0,74.0,178.0,103.71428571428571,0,16.0,134.28571428571428,97.0,0,35.75,133.5,106.66666666666667,0,64.5,160.0,99.6875,0,10.5,131.16666666666666,104.33333333333333
100232,1093755,119.74418604651163,19.648176462230992,120.0,30.5,-12.738095238095237,48.72960355921797,-24.0,54.25,107.57142857142857,39.19192267191147,96.5,48.5,43,4.614,9.319462505418292,111.83355006501951,0.6666666666666666,0,0.0,0,0.0,2,0.046511627906976744,0,26,4.769230769230769,120.65384615384616,116.11538461538461,0,16.0,124.38888888888889,103.5,0,76.0,172.0,84.0,0,50.0,155.0,100.1875,7,-24.571428571428573,97.28571428571429,126.28571428571429,0,8.5,110.0,96.0,6,-46.5,78.33333333333333,118.66666666666667,0,20.5,134.0,104.0,0,23.0,135.1818181818182,104.0,0,24.5,112.0,104.375,0,52.25,144.0,106.5,0,59.0,165.0,119.10416666666667,0,22.1,130.4,98.5,0,66.28571428571429,187.5,114.6,1,-56.0,79.0,168.0,0,48.0,150.0,103.0,0,-15.466666666666669,117.4,113.88888888888889,0,-30.214285714285715,116.0,120.0,0,-20.75,119.25,101.33333333333333,0,37.25,153.0,107.66666666666667,0,74.0,178.0,103.71428571428571,0,16.0,134.28571428571428,97.0,0,35.75,133.5,106.66666666666667,0,64.5,160.0,99.6875,0,10.5,131.16666666666666,104.33333333333333
100232,1093764,123.39285714285714,20.052323138861148,126.5,24.0,2.7037037037037037,79.05544927679972,-10.0,76.0,126.81481481481481,72.53608912097279,112.0,36.0,28,3.528,7.936507936507937,95.23809523809524,0.5555555555555556,0,0.0,0,0.0,1,0.03571428571428571,0,18,8.88888888888889,132.0,124.55555555555556,0,16.0,124.38888888888889,103.5,0,76.0,172.0,84.0,0,50.0,155.0,100.1875,4,-25.75,92.75,125.25,0,8.5,110.0,96.0,4,18.0,143.25,118.0,0,20.5,134.0,104.0,0,23.0,135.1818181818182,104.0,0,24.5,112.0,104.375,0,52.25,144.0,106.5,0,59.0,165.0,119.10416666666667,0,22.1,130.4,98.5,0,66.28571428571429,187.5,114.6,0,67.2,184.2,149.33333333333331,0,48.0,150.0,103.0,0,-15.466666666666669,117.4,113.88888888888889,0,-30.214285714285715,116.0,120.0,0,-20.75,119.25,101.33333333333333,0,37.25,153.0,107.66666666666667,0,74.0,178.0,103.71428571428571,0,16.0,134.28571428571428,97.0,0,35.75,133.5,106.66666666666667,0,64.5,160.0,99.6875,0,10.5,131.16666666666666,104.33333333333333
100232,1093771,117.4,23.65812052270143,120.0,38.0,47.10344827586207,106.56949968903609,8.0,112.0,165.51724137931035,103.032174649862,128.0,88.0,30,4.888,6.137479541734861,73.64975450081833,0.4827586206896552,0,0.0,4,0.13333333333333333,1,0.03333333333333333,0,16,21.375,143.5,117.0625,0,16.0,124.38888888888889,103.5,2,76.0,172.0,84.0,0,50.0,155.0,100.1875,3,5.333333333333333,130.66666666666666,122.66666666666667,0,8.5,110.0,96.0,3,45.333333333333336,168.0,144.33333333333334,0,20.5,134.0,104.0,0,23.0,135.1818181818182,104.0,0,24.5,112.0,104.375,0,52.25,144.0,106.5,0,59.0,165.0,119.10416666666667,0,22.1,130.4,98.5,0,66.28571428571429,187.5,114.6,0,67.2,184.2,149.33333333333331,0,48.0,150.0,103.0,0,-15.466666666666669,117.4,113.88888888888889,0,-30.214285714285715,116.0,120.0,0,-20.75,119.25,101.33333333333333,0,37.25,153.0,107.66666666666667,0,74.0,178.0,103.71428571428571,0,16.0,134.28571428571428,97.0,0,35.75,133.5,106.66666666666667,0,64.5,160.0,99.6875,0,10.5,131.16666666666666,104.33333333333333
100232,1093779,148.27777777777777,108.18800793862688,120.0,14.0,-17.705882352941178,54.05200622699059,-24.0,64.0,133.1764705882353,80.81950499442108,120.0,32.0,18,2.431,7.404360345536816,88.8523241464418,0.6470588235294118,0,0.0,0,0.0,2,0.1111111111111111,0,8,-27.75,105.0,125.75,0,16.0,124.38888888888889,103.5,0,76.0,172.0,84.0,0,50.0,155.0,100.1875,3,26.666666666666668,138.66666666666666,112.0,0,8.5,110.0,96.0,3,-8.0,104.0,130.66666666666666,0,20.5,134.0,104.0,0,23.0,135.1818181818182,104.0,0,24.5,112.0,104.375,0,52.25,144.0,106.5,0,59.0,165.0,119.10416666666667,0,22.1,130.4,98.5,0,66.28571428571429,187.5,114.6,0,67.2,184.2,149.33333333333331,0,48.0,150.0,103.0,0,-15.466666666666669,117.4,113.88888888888889,0,-30.214285714285715,116.0,120.0,0,-20.75,119.25,101.33333333333333,0,37.25,153.0,107.66666666666667,0,74.0,178.0,103.71428571428571,0,16.0,134.28571428571428,97.0,0,35.75,133.5,106.66666666666667,0,64.5,160.0,99.6875,0,10.5,131.16666666666666,104.33333333333333
100249,1093821,89.56410256410257,49.16523415825083,81.0,20.5,314.2894736842105,421.14504989028586,146.0,330.0,403.0,409.2995943007235,232.0,326.5,39,15.436,2.5265612853070745,30.318735423684895,0.07894736842105263,0,0.0,0,0.0,3,0.07692307692307693,0,0,40.09090909090909,145.67857142857142,114.70833333333333,1,1267.0,1341.0,71.0,0,270.3095238095238,336.0,63.38095238095238,0,684.9848484848485,756.5151515151515,76.69696969696969,0,11.222222222222221,122.5,98.85714285714286,1,51.0,123.0,61.0,0,52.1,144.2,111.33333333333333,0,552.65,637.6,69.71666666666667,1,245.0,296.0,81.0,0,137.1875,204.0625,102.5625,0,187.24074074074073,320.0,103.37037037037037,1,385.0,467.0,82.0,1,80.0,151.0,92.0,1,172.0,253.0,91.0,1,223.0,275.0,294.0,1,274.0,336.0,91.0,1,50.0,112.0,92.0,0,11.479166666666668,152.77083333333334,116.875,1,50.0,131.0,82.0,0,-58.75,134.75,122.5,0,590.8333333333334,661.5,115.66666666666667,2,49.5,131.0,67.0,0,261.6,347.1,71.4,1,1938.0,1989.0,82.0,0,714.8571428571429,821.5714285714286,73.57142857142857
100249,1093860,90.05555555555556,74.10313550287886,72.0,22.75,406.2857142857143,505.41239576796926,173.0,447.0,495.1714285714286,490.7572857017894,275.0,432.5,36,17.462,2.061619516664758,24.739434199977097,0.08571428571428572,0,0.0,1,0.027777777777777776,2,0.05555555555555555,0,0,40.09090909090909,145.67857142857142,114.70833333333333,0,682.1527777777778,784.0,77.30555555555556,0,270.3095238095238,336.0,63.38095238095238,1,1697.0,1748.0,71.0,0,11.222222222222221,122.5,98.85714285714286,0,120.68181818181819,196.3181818181818,69.54545454545455,0,52.1,144.2,111.33333333333333,2,75.0,162.5,72.0,1,588.0,682.0,61.0,0,137.1875,204.0625,102.5625,1,375.0,437.0,63.0,0,703.8571428571429,780.3571428571429,91.85714285714286,1,91.0,202.0,62.0,0,467.5,538.75,89.25,0,1522.8,1592.0,327.9,0,494.5555555555556,584.0,74.83333333333333,0,181.25925925925927,277.22222222222223,105.72222222222223,0,11.479166666666668,152.77083333333334,116.875,0,345.5,451.5,91.92857142857143,0,-58.75,134.75,122.5,2,335.0,407.0,77.0,0,575.625,644.5,72.0,1,224.0,275.0,81.0,0,1314.375,1380.75,81.625,0,714.8571428571429,821.5714285714286,73.57142857142857
100249,1093890,95.23333333333333,43.9963508587802,81.0,22.0,580.7931034482758,818.4812419357658,243.0,876.75,675.7758620689655,808.1017143879047,309.5,864.0,60,46.369,1.2939679527270376,15.527615432724449,0.1016949152542373,1,0.01694915254237288,5,0.08333333333333333,3,0.05,0,0,40.09090909090909,145.67857142857142,114.70833333333333,2,49.5,146.0,68.0,3,121.66666666666667,183.0,64.66666666666667,2,182.0,264.5,82.5,0,11.222222222222221,122.5,98.85714285714286,2,59.0,141.5,73.0,0,52.1,144.2,111.33333333333333,2,507.5,584.0,87.5,1,223.0,285.0,71.0,2,100.5,173.5,96.5,0,187.24074074074073,320.0,103.37037037037037,0,703.8571428571429,780.3571428571429,91.85714285714286,0,908.9545454545455,1012.4545454545455,76.95454545454545,0,467.5,538.75,89.25,1,1664.0,1738.0,274.0,0,494.5555555555556,584.0,74.83333333333333,0,181.25925925925927,277.22222222222223,105.72222222222223,0,11.479166666666668,152.77083333333334,116.875,0,345.5,451.5,91.92857142857143,1,-51.0,153.0,132.0,1,497.0,568.0,72.0,0,575.625,644.5,72.0,0,261.6,347.1,71.4,0,1314.375,1380.75,81.625,0,714.8571428571429,821.5714285714286,73.57142857142857
100249,1093954,86.95833333333333,34.93741925055268,72.0,22.5,239.08695652173913,258.8603640782753,131.0,253.5,327.6521739130435,247.3555105151907,214.0,245.0,24,7.586,3.1637226469812814,37.96467176377537,0.13043478260869565,0,0.0,0,0.0,1,0.041666666666666664,0,0,40.09090909090909,145.67857142857142,114.70833333333333,0,682.1527777777778,784.0,77.30555555555556,0,270.3095238095238,336.0,63.38095238095238,2,126.5,203.5,71.0,0,11.222222222222221,122.5,98.85714285714286,2,65.0,136.0,67.0,0,52.1,144.2,111.33333333333333,0,552.65,637.6,69.71666666666667,1,293.0,355.0,82.0,1,121.0,182.0,72.0,1,-52.0,122.0,122.0,0,703.8571428571429,780.3571428571429,91.85714285714286,0,908.9545454545455,1012.4545454545455,76.95454545454545,1,123.0,205.0,102.0,0,1522.8,1592.0,327.9,0,494.5555555555556,584.0,74.83333333333333,0,181.25925925925927,277.22222222222223,105.72222222222223,0,11.479166666666668,152.77083333333334,116.875,0,345.5,451.5,91.92857142857143,0,-58.75,134.75,122.5,0,590.8333333333334,661.5,115.66666666666667,0,575.625,644.5,72.0,0,261.6,347.1,71.4,0,1314.375,1380.75,81.625,0,714.8571428571429,821.5714285714286,73.57142857142857
100249,1093966,90.82191780821918,43.48274495303601,81.0,22.0,499.12857142857143,527.5281690902141,248.5,774.5,591.0714285714286,520.9614825747971,330.5,786.25,73,55.17,1.3231828892514048,15.878194671016857,0.06944444444444445,2,0.027777777777777776,3,0.0410958904109589,1,0.0136986301369863,0,0,40.09090909090909,145.67857142857142,114.70833333333333,1,729.0,934.0,103.0,0,270.3095238095238,336.0,63.38095238095238,1,771.0,874.0,82.0,0,11.222222222222221,122.5,98.85714285714286,1,232.0,314.0,73.0,0,52.1,144.2,111.33333333333333,3,649.0,741.0,78.66666666666667,0,295.57142857142856,370.57142857142856,73.28571428571429,1,256.0,337.0,81.0,1,-42.0,152.0,92.0,0,703.8571428571429,780.3571428571429,91.85714285714286,2,4230.0,4326.5,98.5,0,467.5,538.75,89.25,0,1522.8,1592.0,327.9,3,172.33333333333334,246.0,62.0,1,-102.0,91.0,205.0,0,11.479166666666668,152.77083333333334,116.875,1,1603.0,1675.0,72.0,0,-58.75,134.75,122.5,1,395.0,468.0,194.0,1,3.0,106.0,67.0,0,261.6,347.1,71.4,0,1314.375,1380.75,81.625,1,100.0,202.0,63.0
100249,1094024,80.3,25.98287897828106,77.0,13.5,282.4736842105263,467.0677138354558,111.0,198.0,363.2631578947368,456.93865096741644,184.0,182.0,20,6.973,2.86820593718629,34.418471246235484,0.05263157894736842,0,0.0,0,0.0,1,0.05,2,0,40.09090909090909,145.67857142857142,114.70833333333333,1,30.0,122.0,102.0,0,270.3095238095238,336.0,63.38095238095238,0,684.9848484848485,756.5151515151515,76.69696969696969,0,11.222222222222221,122.5,98.85714285714286,0,120.68181818181819,196.3181818181818,69.54545454545455,0,52.1,144.2,111.33333333333333,0,552.65,637.6,69.71666666666667,0,295.57142857142856,370.57142857142856,73.28571428571429,0,137.1875,204.0625,102.5625,0,187.24074074074073,320.0,103.37037037037037,1,884.0,955.0,82.0,1,80.0,142.0,53.0,0,467.5,538.75,89.25,0,1522.8,1592.0,327.9,0,494.5555555555556,584.0,74.83333333333333,1,141.0,224.0,82.0,0,11.479166666666668,152.77083333333334,116.875,1,81.0,162.0,61.0,0,-58.75,134.75,122.5,0,590.8333333333334,661.5,115.66666666666667,0,575.625,644.5,72.0,0,261.6,347.1,71.4,0,1314.375,1380.75,81.625,1,355.0,416.0,71.0
100249,1094043,88.11267605633803,43.70243468119453,72.0,31.0,521.9714285714285,780.4881617374123,217.5,483.0,610.6142857142858,772.6532449545368,295.5,499.25,71,42.794,1.6591110903397674,19.909333084077208,0.1,0,0.0,2,0.028169014084507043,2,0.028169014084507043,0,0,40.09090909090909,145.67857142857142,114.70833333333333,1,477.0,559.0,72.0,0,270.3095238095238,336.0,63.38095238095238,1,111.0,172.0,71.0,0,11.222222222222221,122.5,98.85714285714286,1,40.0,131.0,82.0,0,52.1,144.2,111.33333333333333,1,884.0,956.0,61.0,1,70.0,172.0,73.0,1,112.0,163.0,93.0,2,-56.5,112.0,134.0,0,703.8571428571429,780.3571428571429,91.85714285714286,1,213.0,284.0,82.0,1,70.0,131.0,82.0,0,1522.8,1592.0,327.9,1,133.0,266.0,71.0,1,355.0,406.0,82.0,2,217.5,310.0,62.0,1,-71.0,92.0,142.0,1,-71.0,162.0,133.0,1,548.0,609.0,163.0,0,575.625,644.5,72.0,1,193.0,265.0,61.0,2,807.5,899.0,81.5,0,714.8571428571429,821.5714285714286,73.57142857142857
100249,1094093,101.75,69.03094113028833,77.5,39.0,470.2608695652174,639.8599858658824,222.0,671.0,571.6666666666666,623.3643331049985,294.0,631.0,72,52.371,1.3748066678123387,16.497680013748067,0.09859154929577464,2,0.028169014084507043,3,0.041666666666666664,3,0.041666666666666664,0,0,40.09090909090909,145.67857142857142,114.70833333333333,3,595.3333333333334,694.0,75.66666666666667,1,437.0,508.0,51.0,1,679.0,742.0,102.0,0,11.222222222222221,122.5,98.85714285714286,1,30.0,132.0,83.0,0,52.1,144.2,111.33333333333333,2,1361.0,1484.5,71.0,0,295.57142857142856,370.57142857142856,73.28571428571429,1,133.0,216.0,111.0,3,823.6666666666666,940.0,98.33333333333333,1,163.0,244.0,112.0,0,908.9545454545455,1012.4545454545455,76.95454545454545,0,467.5,538.75,89.25,1,1748.0,1829.0,367.0,0,494.5555555555556,584.0,74.83333333333333,1,133.0,204.0,72.0,1,123.0,215.0,61.0,1,213.0,348.0,72.0,0,-58.75,134.75,122.5,0,590.8333333333334,661.5,115.66666666666667,0,575.625,644.5,72.0,0,261.6,347.1,71.4,0,1314.375,1380.75,81.625,1,1776.0,1837.0,104.0
100249,1094157,79.8360655737705,27.62226491340853,71.0,21.0,426.8,527.2157306707253,172.5,464.5,506.95,525.6605186176087,248.5,471.25,61,30.478,2.001443664282433,24.017323971389196,0.05,0,0.0,0,0.0,1,0.01639344262295082,1,0,40.09090909090909,145.67857142857142,114.70833333333333,2,325.5,392.0,77.0,0,270.3095238095238,336.0,63.38095238095238,2,131.0,218.0,57.5,0,11.222222222222221,122.5,98.85714285714286,2,69.5,127.0,67.0,0,52.1,144.2,111.33333333333333,2,111.0,188.5,61.5,1,203.0,275.0,63.0,0,137.1875,204.0625,102.5625,0,187.24074074074073,320.0,103.37037037037037,0,703.8571428571429,780.3571428571429,91.85714285714286,1,976.0,1058.0,92.0,0,467.5,538.75,89.25,0,1522.8,1592.0,327.9,0,494.5555555555556,584.0,74.83333333333333,1,61.0,184.0,92.0,2,-36.0,152.0,128.0,0,345.5,451.5,91.92857142857143,0,-58.75,134.75,122.5,1,1168.0,1240.0,62.0,0,575.625,644.5,72.0,0,261.6,347.1,71.4,0,1314.375,1380.75,81.625,1,1036.0,1179.0,83.0
100249,1094206,94.8076923076923,55.923037244721925,72.5,51.25,705.82,968.6638362197693,269.0,1053.25,801.96,960.5465935601459,355.5,1031.75,52,47.564,1.0932638129677907,13.11916575561349,0.09803921568627451,1,0.0196078431372549,1,0.019230769230769232,2,0.038461538461538464,0,0,40.09090909090909,145.67857142857142,114.70833333333333,2,2496.0,2665.0,76.5,0,270.3095238095238,336.0,63.38095238095238,0,684.9848484848485,756.5151515151515,76.69696969696969,0,11.222222222222221,122.5,98.85714285714286,1,284.0,356.0,62.0,0,52.1,144.2,111.33333333333333,1,1209.0,1282.0,51.0,0,295.57142857142856,370.57142857142856,73.28571428571429,1,254.0,316.0,132.0,0,187.24074074074073,320.0,103.37037037037037,0,703.8571428571429,780.3571428571429,91.85714285714286,0,908.9545454545455,1012.4545454545455,76.95454545454545,0,467.5,538.75,89.25,1,755.0,806.0,356.0,1,1180.0,1242.0,61.0,2,116.0,218.0,128.5,1,-51.0,81.0,142.0,0,345.5,451.5,91.92857142857143,0,-58.75,134.75,122.5,1,610.0,681.0,102.0,1,2220.0,2250.0,72.0,1,151.0,286.0,61.0,1,508.0,590.0,102.0,0,714.8571428571429,821.5714285714286,73.57142857142857
100249,1094279,105.37142857142857,56.98650753306721,82.0,56.0,441.14925373134326,504.63319776892195,357.0,635.0,546.4776119402985,487.33461360565985,439.0,601.0,70,49.05,1.4271151885830786,17.125382262996943,0.17391304347826086,2,0.028985507246376812,1,0.014285714285714285,4,0.05714285714285714,0,0,40.09090909090909,145.67857142857142,114.70833333333333,1,81.0,172.0,71.0,0,270.3095238095238,336.0,63.38095238095238,1,529.0,590.0,71.0,0,11.222222222222221,122.5,98.85714285714286,1,50.0,121.0,73.0,0,52.1,144.2,111.33333333333333,2,538.5,630.0,87.0,0,295.57142857142856,370.57142857142856,73.28571428571429,0,137.1875,204.0625,102.5625,1,233.0,306.0,72.0,1,1068.0,1139.0,81.0,1,1344.0,1436.0,50.0,1,1505.0,1566.0,82.0,2,3224.0,3312.0,348.5,1,1066.0,1138.0,82.0,0,181.25925925925927,277.22222222222223,105.72222222222223,2,-41.0,133.5,138.0,1,-52.0,91.0,138.0,1,-52.0,122.0,113.0,0,590.8333333333334,661.5,115.66666666666667,1,30.0,91.0,82.0,0,261.6,347.1,71.4,1,2004.0,2045.0,61.0,1,467.0,610.0,51.0
100249,1094357,92.01470588235294,34.659899123719846,82.0,23.5,438.07462686567163,528.1945964739357,172.0,546.5,530.5522388059702,525.423476217669,255.0,549.5,68,35.608,1.9096832172545497,22.916198607054596,0.05970149253731343,0,0.0,9,0.1323529411764706,1,0.014705882352941176,0,0,40.09090909090909,145.67857142857142,114.70833333333333,0,682.1527777777778,784.0,77.30555555555556,7,422.57142857142856,490.0,65.85714285714286,1,253.0,335.0,93.0,0,11.222222222222221,122.5,98.85714285714286,0,120.68181818181819,196.3181818181818,69.54545454545455,0,52.1,144.2,111.33333333333333,2,151.5,224.5,76.5,2,447.0,529.0,82.0,0,137.1875,204.0625,102.5625,0,187.24074074074073,320.0,103.37037037037037,2,829.0,911.0,97.0,1,672.0,851.0,82.0,0,467.5,538.75,89.25,0,1522.8,1592.0,327.9,0,494.5555555555556,584.0,74.83333333333333,3,715.3333333333334,821.0,126.0,1,-31.0,121.0,103.0,0,345.5,451.5,91.92857142857143,0,-58.75,134.75,122.5,2,488.0,565.5,81.5,0,575.625,644.5,72.0,2,152.0,259.5,82.0,0,1314.375,1380.75,81.625,0,714.8571428571429,821.5714285714286,73.57142857142857
100249,1094436,101.23333333333333,48.56451608141712,81.5,61.5,381.51724137931035,536.7110325504364,120.0,539.0,482.37931034482756,526.9484967173053,203.0,508.0,30,14.101,2.12750868732714,25.530104247925678,0.1724137931034483,0,0.0,0,0.0,1,0.03333333333333333,1,0,40.09090909090909,145.67857142857142,114.70833333333333,1,92.0,164.0,62.0,0,270.3095238095238,336.0,63.38095238095238,1,1892.0,1943.0,61.0,0,11.222222222222221,122.5,98.85714285714286,1,142.0,203.0,62.0,0,52.1,144.2,111.33333333333333,1,40.0,123.0,51.0,0,295.57142857142856,370.57142857142856,73.28571428571429,1,81.0,143.0,72.0,1,-61.0,101.0,143.0,0,703.8571428571429,780.3571428571429,91.85714285714286,1,1353.0,1486.0,81.0,0,467.5,538.75,89.25,0,1522.8,1592.0,327.9,0,494.5555555555556,584.0,74.83333333333333,0,181.25925925925927,277.22222222222223,105.72222222222223,1,-41.0,91.0,154.0,0,345.5,451.5,91.92857142857143,1,-61.0,102.0,112.0,2,380.5,448.0,116.5,0,575.625,644.5,72.0,0,261.6,347.1,71.4,0,1314.375,1380.75,81.625,0,714.8571428571429,821.5714285714286,73.57142857142857
100249,1094460,92.18,38.95263277366499,72.0,22.0,540.4897959183673,627.7239131340837,336.0,765.0,633.2857142857143,620.6935554651091,417.0,774.0,50,31.093,1.6080789888399318,19.296947866079183,0.10204081632653061,0,0.0,2,0.04,1,0.02,0,0,40.09090909090909,145.67857142857142,114.70833333333333,1,1963.0,2056.0,83.0,1,100.0,163.0,72.0,0,684.9848484848485,756.5151515151515,76.69696969696969,0,11.222222222222221,122.5,98.85714285714286,1,305.0,375.0,62.0,0,52.1,144.2,111.33333333333333,0,552.65,637.6,69.71666666666667,0,295.57142857142856,370.57142857142856,73.28571428571429,1,40.0,102.0,163.0,1,507.0,579.0,72.0,2,702.0,778.5,87.0,1,894.0,1048.0,82.0,0,467.5,538.75,89.25,0,1522.8,1592.0,327.9,0,494.5555555555556,584.0,74.83333333333333,1,162.0,235.0,72.0,3,-48.666666666666664,118.66666666666667,147.0,0,345.5,451.5,91.92857142857143,0,-58.75,134.75,122.5,0,590.8333333333334,661.5,115.66666666666667,0,575.625,644.5,72.0,0,261.6,347.1,71.4,0,1314.375,1380.75,81.625,1,1179.0,1344.0,71.0
100249,1094517,83.15517241379311,28.731696856966494,81.0,11.0,513.8771929824561,642.9065051717245,142.0,783.0,597.5964912280701,639.1085309817523,234.0,764.0,58,34.114,1.7001817435656916,20.402180922788297,0.05263157894736842,0,0.0,1,0.017241379310344827,1,0.017241379310344827,1,0,40.09090909090909,145.67857142857142,114.70833333333333,2,80.5,163.0,66.5,0,270.3095238095238,336.0,63.38095238095238,3,1163.3333333333333,1231.6666666666667,81.66666666666667,0,11.222222222222221,122.5,98.85714285714286,0,120.68181818181819,196.3181818181818,69.54545454545455,0,52.1,144.2,111.33333333333333,0,552.65,637.6,69.71666666666667,0,295.57142857142856,370.57142857142856,73.28571428571429,0,137.1875,204.0625,102.5625,1,-42.0,131.0,134.0,1,896.0,968.0,102.0,2,65.5,152.5,72.0,0,467.5,538.75,89.25,0,1522.8,1592.0,327.9,1,142.0,276.0,82.0,0,181.25925925925927,277.22222222222223,105.72222222222223,0,11.479166666666668,152.77083333333334,116.875,2,594.5,661.5,76.5,0,-58.75,134.75,122.5,1,896.0,967.0,173.0,0,575.625,644.5,72.0,1,588.0,650.0,72.0,0,1314.375,1380.75,81.625,1,91.0,163.0,72.0
100262,1093894,101.23684210526316,27.425434037275764,95.0,30.25,72.29333333333334,143.266536993892,23.0,100.5,174.22666666666666,139.965859964334,132.0,78.5,76,13.116,5.7944495272949075,69.53339432753889,0.29333333333333333,0,0.0,4,0.05263157894736842,2,0.02631578947368421,0,0,40.09090909090909,145.67857142857142,114.70833333333333,1,18.0,123.0,66.0,2,77.0,151.5,66.5,1,17.0,102.0,87.0,0,11.222222222222221,122.5,98.85714285714286,1,0.0,87.0,78.0,0,52.1,144.2,111.33333333333333,2,19.0,96.5,71.5,2,28.5,110.0,75.0,1,-32.0,46.0,105.0,0,-49.25,76.5625,90.3125,4,65.5,143.75,140.75,1,-25.0,77.0,95.0,0,39.625,122.83333333333334,116.125,1,90.0,166.0,157.0,1,70.0,149.0,103.0,0,-58.03333333333334,84.66666666666666,117.76666666666668,0,-30.214285714285715,84.78571428571429,126.64285714285714,2,-36.5,115.0,97.5,0,-8.5,112.33333333333333,75.45833333333333,0,122.6,180.3,99.1,2,536.0,663.5,96.5,0,60.583333333333336,135.75,81.16666666666667,0,127.4,203.3,64.7,0,-33.166666666666664,73.0,78.16666666666667
100262,1093913,81.76923076923077,32.73315698301877,77.0,22.5,52.63157894736842,98.85673340553079,35.0,94.75,133.97368421052633,88.94246716486991,118.5,60.5,39,5.189,7.515899017151667,90.19078820582001,0.3157894736842105,0,0.0,2,0.05128205128205128,2,0.05128205128205128,0,0,40.09090909090909,145.67857142857142,114.70833333333333,0,17.576666666666664,117.94000000000001,64.38,1,89.0,111.0,63.0,2,28.5,98.5,74.0,0,11.222222222222221,122.5,98.85714285714286,1,-12.0,62.0,95.0,0,52.1,144.2,111.33333333333333,1,10.0,108.0,78.0,1,-9.0,83.0,90.0,0,-4.8,74.8,100.85,0,-49.25,76.5625,90.3125,0,64.72222222222223,138.58333333333334,115.75,0,-15.571428571428571,93.16666666666667,83.42857142857143,1,261.0,351.0,82.0,0,89.16666666666667,157.41666666666666,246.66666666666666,1,71.0,139.0,70.0,0,-58.03333333333334,84.66666666666666,117.76666666666668,0,-30.214285714285715,84.78571428571429,126.64285714285714,0,-37.375,86.625,92.0,0,-8.5,112.33333333333333,75.45833333333333,0,122.6,180.3,99.1,0,67.02380952380953,188.26190476190476,92.40476190476191,1,45.0,114.0,70.0,0,127.4,203.3,64.7,0,-33.166666666666664,73.0,78.16666666666667
100262,1093926,98.48717948717949,29.701827445178676,99.0,28.5,21.44736842105263,65.04884697728924,19.5,89.25,120.13157894736842,51.36155179480155,112.5,64.5,39,4.656,8.376288659793815,100.51546391752579,0.47368421052631576,0,0.0,2,0.05128205128205128,1,0.02564102564102564,0,0,40.09090909090909,145.67857142857142,114.70833333333333,1,26.0,121.0,36.0,1,84.0,141.0,51.0,2,50.5,136.5,102.0,0,11.222222222222221,122.5,98.85714285714286,0,-3.772727272727273,86.0909090909091,80.5909090909091,0,52.1,144.2,111.33333333333333,0,5.618181818181818,114.6,81.65454545454546,1,13.0,119.0,85.0,0,-4.8,74.8,100.85,1,-55.0,89.0,111.0,0,64.72222222222223,138.58333333333334,115.75,0,-15.571428571428571,93.16666666666667,83.42857142857143,1,-18.0,56.0,116.0,0,89.16666666666667,157.41666666666666,246.66666666666666,0,74.55555555555556,150.41666666666666,77.63888888888889,0,-58.03333333333334,84.66666666666666,117.76666666666668,1,-31.0,105.0,134.0,0,-37.375,86.625,92.0,1,-22.0,100.0,86.0,1,39.0,75.0,144.0,3,8.666666666666666,130.33333333333334,83.33333333333333,1,40.0,115.0,87.0,0,127.4,203.3,64.7,0,-33.166666666666664,73.0,78.16666666666667
100262,1093933,92.51785714285714,28.7364819594912,86.5,45.0,75.4,206.66209574612807,38.0,99.5,168.2,204.65948659797192,130.0,104.5,56,9.328,6.003430531732419,72.04116638078902,0.32727272727272727,0,0.0,6,0.10714285714285714,1,0.017857142857142856,0,0,40.09090909090909,145.67857142857142,114.70833333333333,0,17.576666666666664,117.94000000000001,64.38,4,85.5,146.0,60.75,1,3.0,79.0,75.0,0,11.222222222222221,122.5,98.85714285714286,1,-4.0,71.0,71.0,0,52.1,144.2,111.33333333333333,1,27.0,148.0,93.0,4,58.25,145.75,71.5,2,-22.5,63.0,115.5,1,-34.0,100.0,62.0,0,64.72222222222223,138.58333333333334,115.75,1,-34.0,79.0,78.0,0,39.625,122.83333333333334,116.125,0,89.16666666666667,157.41666666666666,246.66666666666666,1,74.0,136.0,63.0,1,-52.0,72.0,135.0,0,-30.214285714285715,84.78571428571429,126.64285714285714,0,-37.375,86.625,92.0,0,-8.5,112.33333333333333,75.45833333333333,1,41.0,83.0,134.0,0,67.02380952380953,188.26190476190476,92.40476190476191,0,60.583333333333336,135.75,81.16666666666667,0,127.4,203.3,64.7,0,-33.166666666666664,73.0,78.16666666666667
100262,1093950,112.75949367088607,47.07070232602388,104.0,39.0,51.30769230769231,116.9388737641964,14.0,112.75,164.39743589743588,114.8013155181918,125.5,96.75,79,12.91,6.119287374128582,73.43144848954299,0.41025641025641024,0,0.0,4,0.05063291139240506,2,0.02531645569620253,0,0,40.09090909090909,145.67857142857142,114.70833333333333,2,42.5,133.0,85.5,1,88.0,143.0,79.0,2,119.0,197.0,111.5,0,11.222222222222221,122.5,98.85714285714286,1,-14.0,82.0,85.0,0,52.1,144.2,111.33333333333333,5,82.8,211.6,88.2,1,44.0,130.0,95.0,2,-24.0,59.0,90.5,0,-49.25,76.5625,90.3125,2,30.5,109.5,106.5,3,-4.0,105.66666666666667,83.0,1,6.0,109.0,119.0,1,168.0,258.0,143.0,0,74.55555555555556,150.41666666666666,77.63888888888889,1,-49.0,91.0,123.0,0,-30.214285714285715,84.78571428571429,126.64285714285714,1,-36.0,83.0,102.0,0,-8.5,112.33333333333333,75.45833333333333,0,122.6,180.3,99.1,2,-9.5,108.0,86.0,0,60.583333333333336,135.75,81.16666666666667,0,127.4,203.3,64.7,0,-33.166666666666664,73.0,78.16666666666667
100262,1093970,118.875,126.62037942650113,98.5,41.0,51.056338028169016,179.7516195013289,35.0,98.5,170.45070422535213,118.85412869545075,131.0,72.0,72,12.184,5.909389363099147,70.91267235718976,0.36619718309859156,0,0.0,0,0.0,3,0.041666666666666664,0,0,40.09090909090909,145.67857142857142,114.70833333333333,1,31.0,122.0,75.0,0,99.75,158.625,66.59375,0,60.13636363636363,140.0,89.31818181818181,0,11.222222222222221,122.5,98.85714285714286,1,3.0,114.0,77.0,0,52.1,144.2,111.33333333333333,1,21.0,103.0,55.0,0,22.075,114.075,81.85,1,-9.0,68.0,91.0,0,-49.25,76.5625,90.3125,1,175.0,233.0,126.0,2,-20.0,70.5,70.0,0,39.625,122.83333333333334,116.125,2,82.5,144.0,685.5,1,80.0,163.0,69.0,0,-58.03333333333334,84.66666666666666,117.76666666666668,0,-30.214285714285715,84.78571428571429,126.64285714285714,0,-37.375,86.625,92.0,0,-8.5,112.33333333333333,75.45833333333333,0,122.6,180.3,99.1,1,-53.0,107.0,100.0,0,60.583333333333336,135.75,81.16666666666667,2,189.5,284.0,59.5,0,-33.166666666666664,73.0,78.16666666666667
100262,1093985,100.3623188405797,31.103833127167597,93.0,45.0,66.82352941176471,161.8299707914661,26.0,106.0,167.08823529411765,161.64592162884514,123.5,90.25,69,11.469,6.016217630133403,72.19461156160085,0.36764705882352944,0,0.0,5,0.07246376811594203,2,0.028985507246376812,0,0,40.09090909090909,145.67857142857142,114.70833333333333,3,47.666666666666664,140.66666666666666,59.0,1,102.0,152.0,69.0,2,8.5,69.5,85.0,0,11.222222222222221,122.5,98.85714285714286,2,24.5,112.5,71.0,0,52.1,144.2,111.33333333333333,2,15.0,108.0,82.0,0,22.075,114.075,81.85,2,-14.0,57.0,89.5,0,-49.25,76.5625,90.3125,1,26.0,110.0,124.0,0,-15.571428571428571,93.16666666666667,83.42857142857143,0,39.625,122.83333333333334,116.125,1,54.0,92.0,133.0,0,74.55555555555556,150.41666666666666,77.63888888888889,2,-79.5,63.0,108.5,2,3.0,144.5,118.0,0,-37.375,86.625,92.0,0,-8.5,112.33333333333333,75.45833333333333,0,122.6,180.3,99.1,0,67.02380952380953,188.26190476190476,92.40476190476191,1,28.0,98.0,107.0,1,120.0,203.0,63.0,0,-33.166666666666664,73.0,78.16666666666667
100262,1093999,94.38805970149254,26.962635962128896,92.0,39.5,44.984848484848484,93.67472613189821,20.0,105.75,139.63636363636363,82.2541582929023,113.0,70.5,67,9.293,7.209727752071452,86.51673302485743,0.3787878787878788,0,0.0,5,0.07462686567164178,1,0.014925373134328358,0,0,40.09090909090909,145.67857142857142,114.70833333333333,3,-20.0,98.33333333333333,72.0,2,206.5,278.5,62.5,1,43.0,124.0,105.0,0,11.222222222222221,122.5,98.85714285714286,2,-22.0,81.5,83.0,0,52.1,144.2,111.33333333333333,1,-51.0,60.0,87.0,1,16.0,94.0,89.0,2,-4.0,79.0,108.5,1,-39.0,76.0,71.0,2,46.5,135.0,109.5,0,-15.571428571428571,93.16666666666667,83.42857142857143,0,39.625,122.83333333333334,116.125,0,89.16666666666667,157.41666666666666,246.66666666666666,0,74.55555555555556,150.41666666666666,77.63888888888889,3,-59.666666666666664,88.33333333333333,131.33333333333334,2,-19.0,92.5,143.0,0,-37.375,86.625,92.0,1,134.0,273.0,34.0,0,122.6,180.3,99.1,0,67.02380952380953,188.26190476190476,92.40476190476191,0,60.583333333333336,135.75,81.16666666666667,0,127.4,203.3,64.7,0,-33.166666666666664,73.0,78.16666666666667
100262,1094012,106.68181818181819,39.95761356165681,101.0,39.25,60.12307692307692,137.00112382383614,14.0,118.0,167.2153846153846,133.65794371139995,122.0,99.0,66,10.949,6.027947757786099,72.33537309343319,0.38461538461538464,0,0.0,2,0.030303030303030304,3,0.045454545454545456,0,0,40.09090909090909,145.67857142857142,114.70833333333333,0,17.576666666666664,117.94000000000001,64.38,0,99.75,158.625,66.59375,0,60.13636363636363,140.0,89.31818181818181,0,11.222222222222221,122.5,98.85714285714286,0,-3.772727272727273,86.0909090909091,80.5909090909091,0,52.1,144.2,111.33333333333333,1,6.0,96.0,108.0,1,59.0,151.0,67.0,0,-4.8,74.8,100.85,2,-46.5,79.0,90.5,1,28.0,85.0,96.0,1,-42.0,60.0,65.0,0,39.625,122.83333333333334,116.125,0,89.16666666666667,157.41666666666666,246.66666666666666,4,84.0,173.75,62.75,0,-58.03333333333334,84.66666666666666,117.76666666666668,0,-30.214285714285715,84.78571428571429,126.64285714285714,1,-32.0,87.0,88.0,2,-59.5,71.0,94.0,2,44.0,103.5,125.5,1,54.0,150.0,85.0,0,60.583333333333336,135.75,81.16666666666667,0,127.4,203.3,64.7,0,-33.166666666666664,73.0,78.16666666666667
100262,1094030,104.5,98.03124501912643,65.5,61.75,37.86666666666667,76.20224551955292,28.0,127.0,142.66666666666666,93.2864167794838,125.0,87.5,16,2.24,7.142857142857142,85.71428571428571,0.4,0,0.0,0,0.0,1,0.0625,0,0,40.09090909090909,145.67857142857142,114.70833333333333,0,17.576666666666664,117.94000000000001,64.38,0,99.75,158.625,66.59375,0,60.13636363636363,140.0,89.31818181818181,0,11.222222222222221,122.5,98.85714285714286,0,-3.772727272727273,86.0909090909091,80.5909090909091,0,52.1,144.2,111.33333333333333,0,5.618181818181818,114.6,81.65454545454546,0,22.075,114.075,81.85,0,-4.8,74.8,100.85,0,-49.25,76.5625,90.3125,1,21.0,80.0,124.0,0,-15.571428571428571,93.16666666666667,83.42857142857143,1,-3.0,53.0,129.0,0,89.16666666666667,157.41666666666666,246.66666666666666,1,83.0,143.0,54.0,0,-58.03333333333334,84.66666666666666,117.76666666666668,0,-30.214285714285715,84.78571428571429,126.64285714285714,0,-37.375,86.625,92.0,1,-24.0,94.0,60.0,0,122.6,180.3,99.1,0,67.02380952380953,188.26190476190476,92.40476190476191,0,60.583333333333336,135.75,81.16666666666667,1,103.0,160.0,56.0,0,-33.166666666666664,73.0,78.16666666666667
100262,1094038,103.63157894736842,32.485155356863494,99.0,36.75,38.48,100.03764091580727,15.0,115.0,142.30666666666667,89.28112504269248,121.0,83.0,76,10.762,7.061884408102583,84.74261289723098,0.41333333333333333,0,0.0,3,0.039473684210526314,1,0.013157894736842105,0,0,40.09090909090909,145.67857142857142,114.70833333333333,1,46.0,136.0,49.0,1,66.0,146.0,81.0,2,52.0,126.5,104.0,0,11.222222222222221,122.5,98.85714285714286,1,-3.0,81.0,72.0,0,52.1,144.2,111.33333333333333,1,-34.0,124.0,63.0,1,15.0,114.0,90.0,1,-10.0,62.0,90.0,4,-61.5,96.5,92.0,1,89.0,190.0,101.0,1,30.0,166.0,101.0,1,13.0,103.0,129.0,0,89.16666666666667,157.41666666666666,246.66666666666666,1,64.0,155.0,90.0,0,-58.03333333333334,84.66666666666666,117.76666666666668,1,-42.0,98.0,140.0,0,-37.375,86.625,92.0,1,-50.0,67.0,91.0,1,157.0,224.0,34.0,0,67.02380952380953,188.26190476190476,92.40476190476191,0,60.583333333333336,135.75,81.16666666666667,0,127.4,203.3,64.7,0,-33.166666666666664,73.0,78.16666666666667
100262,1094051,87.04109589041096,23.99568360509316,84.0,30.0,43.861111111111114,89.94354796753159,27.5,99.5,130.70833333333334,82.36511490174574,97.0,83.5,73,9.512,7.674516400336417,92.09419680403701,0.4027777777777778,0,0.0,1,0.0136986301369863,2,0.0273972602739726,0,0,40.09090909090909,145.67857142857142,114.70833333333333,5,-21.4,74.4,65.8,0,99.75,158.625,66.59375,2,198.0,278.0,89.0,0,11.222222222222221,122.5,98.85714285714286,2,1.0,90.0,81.0,0,52.1,144.2,111.33333333333333,0,5.618181818181818,114.6,81.65454545454546,0,22.075,114.075,81.85,2,18.5,93.5,93.5,1,-34.0,52.0,65.0,0,64.72222222222223,138.58333333333334,115.75,0,-15.571428571428571,93.16666666666667,83.42857142857143,3,11.0,81.66666666666667,104.0,1,52.0,132.0,150.0,1,73.0,137.0,89.0,1,-50.0,109.0,91.0,2,-43.5,53.0,128.5,0,-37.375,86.625,92.0,4,-29.5,69.0,87.75,0,122.6,180.3,99.1,0,67.02380952380953,188.26190476190476,92.40476190476191,2,69.5,164.5,81.0,2,114.5,179.5,76.0,1,-29.0,69.0,73.0
100262,1094064,104.15789473684211,60.01557969472747,96.0,25.0,25.56756756756757,69.2096464689247,18.0,76.0,129.54054054054055,72.50073423471434,112.0,76.0,38,4.904,7.748776508972267,92.9853181076672,0.43243243243243246,0,0.0,1,0.02631578947368421,1,0.02631578947368421,0,0,40.09090909090909,145.67857142857142,114.70833333333333,2,-13.5,101.0,71.5,0,99.75,158.625,66.59375,1,91.0,187.0,47.0,0,11.222222222222221,122.5,98.85714285714286,1,2.0,92.0,98.0,0,52.1,144.2,111.33333333333333,0,5.618181818181818,114.6,81.65454545454546,1,14.0,112.0,71.0,1,27.0,123.0,131.0,1,-66.0,81.0,106.0,1,101.0,161.0,114.0,1,-14.0,94.0,92.0,1,48.0,131.0,106.0,0,89.16666666666667,157.41666666666666,246.66666666666666,0,74.55555555555556,150.41666666666666,77.63888888888889,0,-58.03333333333334,84.66666666666666,117.76666666666668,0,-30.214285714285715,84.78571428571429,126.64285714285714,2,-45.0,61.5,80.5,0,-8.5,112.33333333333333,75.45833333333333,0,122.6,180.3,99.1,1,-38.0,76.0,72.0,0,60.583333333333336,135.75,81.16666666666667,0,127.4,203.3,64.7,0,-33.166666666666664,73.0,78.16666666666667
100262,1094073,102.27941176470588,32.436746404364264,98.5,37.25,67.59701492537313,118.28463769009647,32.0,126.0,170.01492537313433,110.47556527803735,137.0,111.5,68,11.484,5.921281783350749,71.05538140020899,0.3880597014925373,0,0.0,2,0.029411764705882353,3,0.04411764705882353,0,0,40.09090909090909,145.67857142857142,114.70833333333333,2,19.5,130.0,64.0,0,99.75,158.625,66.59375,1,51.0,142.0,103.0,0,11.222222222222221,122.5,98.85714285714286,2,-17.0,74.0,75.5,0,52.1,144.2,111.33333333333333,1,-44.0,77.0,91.0,0,22.075,114.075,81.85,2,22.0,97.5,94.0,1,-58.0,39.0,125.0,0,64.72222222222223,138.58333333333334,115.75,0,-15.571428571428571,93.16666666666667,83.42857142857143,1,-1.0,98.0,144.0,2,88.5,152.5,211.5,1,72.0,158.0,98.0,0,-58.03333333333334,84.66666666666666,117.76666666666668,2,-16.0,51.5,97.0,0,-37.375,86.625,92.0,0,-8.5,112.33333333333333,75.45833333333333,1,332.0,416.0,58.0,1,-29.0,83.0,124.0,1,60.0,168.0,99.0,1,110.0,190.0,69.0,1,-59.0,55.0,84.0
100262,1094090,99.1951219512195,43.42822478425704,90.0,39.0,51.125,100.66185660417753,23.0,122.75,150.825,81.41126687995956,129.5,99.0,41,6.112,6.708115183246073,80.49738219895286,0.375,0,0.0,1,0.024390243902439025,1,0.024390243902439025,0,0,40.09090909090909,145.67857142857142,114.70833333333333,0,17.576666666666664,117.94000000000001,64.38,0,99.75,158.625,66.59375,0,60.13636363636363,140.0,89.31818181818181,0,11.222222222222221,122.5,98.85714285714286,0,-3.772727272727273,86.0909090909091,80.5909090909091,0,52.1,144.2,111.33333333333333,2,10.0,128.5,81.5,1,-18.0,82.0,85.0,0,-4.8,74.8,100.85,0,-49.25,76.5625,90.3125,0,64.72222222222223,138.58333333333334,115.75,0,-15.571428571428571,93.16666666666667,83.42857142857143,0,39.625,122.83333333333334,116.125,0,89.16666666666667,157.41666666666666,246.66666666666666,0,74.55555555555556,150.41666666666666,77.63888888888889,0,-58.03333333333334,84.66666666666666,117.76666666666668,1,-63.0,49.0,126.0,0,-37.375,86.625,92.0,0,-8.5,112.33333333333333,75.45833333333333,0,122.6,180.3,99.1,0,67.02380952380953,188.26190476190476,92.40476190476191,1,121.0,155.0,43.0,0,127.4,203.3,64.7,2,-11.5,95.0,77.5
100281,1094126,111.125,33.28902784702491,104.0,34.0,136.43589743589743,93.36248488107505,120.0,116.0,247.12820512820514,79.29826185154296,240.0,96.0,40,9.766,4.095842719639566,49.15011263567479,0.02564102564102564,0,0.0,0,0.0,1,0.025,0,0,40.09090909090909,145.67857142857142,114.70833333333333,0,70.375,169.875,113.625,0,112.3809523809524,191.80952380952382,75.38095238095238,2,60.0,204.0,76.0,0,11.222222222222221,122.5,98.85714285714286,1,248.0,312.0,144.0,0,52.1,144.2,111.33333333333333,0,85.3611111111111,190.2222222222222,115.19444444444444,3,168.0,253.33333333333334,125.33333333333333,0,30.875,155.25,92.125,0,74.5,207.5,111.5,0,86.4375,201.625,122.5,0,143.1875,247.8125,125.5,0,66.28571428571429,193.28571428571428,107.42857142857143,0,142.61904761904762,269.0952380952381,364.7619047619047,0,90.0,196.0,128.0,1,120.0,224.0,64.0,0,129.6,228.1,84.8,2,44.0,188.0,112.0,0,79.2,215.2,121.6,0,139.33333333333334,246.66666666666666,134.5,0,90.0,196.0,129.0,2,104.0,236.0,136.0,0,150.0,254.0,114.0,0,119.75,218.875,117.125
100281,1094141,114.46153846153847,43.58786949214088,112.0,25.0,102.43137254901961,93.44564424053094,88.0,76.5,216.15686274509804,83.05853653971046,193.0,80.0,52,11.176,4.652827487473156,55.83392984967789,0.0392156862745098,0,0.0,1,0.019230769230769232,1,0.019230769230769232,0,0,40.09090909090909,145.67857142857142,114.70833333333333,2,55.0,147.0,105.0,0,112.3809523809524,191.80952380952382,75.38095238095238,0,88.95833333333334,219.5,100.1875,0,11.222222222222221,122.5,98.85714285714286,0,80.61111111111111,179.72222222222223,118.44444444444444,0,52.1,144.2,111.33333333333333,2,116.0,220.0,116.0,1,160.0,256.0,112.0,0,30.875,155.25,92.125,0,74.5,207.5,111.5,2,158.5,280.0,112.0,1,360.0,457.0,120.0,0,66.28571428571429,193.28571428571428,107.42857142857143,0,142.61904761904762,269.0952380952381,364.7619047619047,1,72.0,192.0,128.0,0,144.0,233.8,76.8,0,129.6,228.1,84.8,2,43.0,164.0,129.0,1,80.0,192.0,120.0,0,139.33333333333334,246.66666666666666,134.5,0,90.0,196.0,129.0,0,146.33333333333334,273.3333333333333,130.66666666666666,0,150.0,254.0,114.0,0,119.75,218.875,117.125
100281,1094168,120.41025641025641,64.53014320444002,104.0,32.0,107.64935064935065,96.73403975659392,104.0,88.0,228.88311688311688,79.39740157774703,216.0,79.0,78,17.681,4.411515185792658,52.9381822295119,0.05194805194805195,0,0.0,3,0.038461538461538464,4,0.05128205128205128,0,0,40.09090909090909,145.67857142857142,114.70833333333333,1,120.0,208.0,144.0,1,96.0,192.0,89.0,0,88.95833333333334,219.5,100.1875,0,11.222222222222221,122.5,98.85714285714286,0,80.61111111111111,179.72222222222223,118.44444444444444,0,52.1,144.2,111.33333333333333,1,56.0,157.0,120.0,3,133.33333333333334,240.0,109.33333333333333,0,30.875,155.25,92.125,0,74.5,207.5,111.5,2,68.0,180.0,124.0,1,56.0,160.0,128.0,1,192.0,304.0,128.0,3,125.33333333333333,242.66666666666666,293.3333333333333,0,90.0,196.0,128.0,1,144.0,224.0,88.0,1,112.0,200.0,80.0,1,48.0,240.0,112.0,1,72.0,216.0,136.0,0,139.33333333333334,246.66666666666666,134.5,1,152.0,248.0,96.0,0,146.33333333333334,273.3333333333333,130.66666666666666,0,150.0,254.0,114.0,0,119.75,218.875,117.125
100281,1094204,113.95,47.26782732472479,112.0,40.0,171.4406779661017,129.32579686641634,144.0,128.0,285.5593220338983,120.40542687054992,248.0,148.0,60,16.952,3.539405379896177,42.472864558754125,0.03389830508474576,0,0.0,3,0.05,3,0.05,0,0,40.09090909090909,145.67857142857142,114.70833333333333,0,70.375,169.875,113.625,0,112.3809523809524,191.80952380952382,75.38095238095238,0,88.95833333333334,219.5,100.1875,0,11.222222222222221,122.5,98.85714285714286,0,80.61111111111111,179.72222222222223,118.44444444444444,0,52.1,144.2,111.33333333333333,0,85.3611111111111,190.2222222222222,115.19444444444444,2,136.0,224.0,136.0,0,30.875,155.25,92.125,2,76.0,216.0,116.0,1,1.0,153.0,135.0,1,112.0,224.0,144.0,1,88.0,224.0,104.0,2,192.0,304.0,180.0,0,90.0,196.0,128.0,0,144.0,233.8,76.8,0,129.6,228.1,84.8,0,30.11111111111111,189.83333333333334,117.0,0,79.2,215.2,121.6,0,139.33333333333334,246.66666666666666,134.5,0,90.0,196.0,129.0,1,240.0,360.0,136.0,0,150.0,254.0,114.0,0,119.75,218.875,117.125
100281,1094238,126.97368421052632,46.34509389926679,113.0,43.25,92.54054054054055,77.73537738382129,80.0,88.0,219.05405405405406,75.40017418645947,200.0,72.0,38,8.249,4.606618984119287,55.27942780943144,0.05405405405405406,0,0.0,4,0.10526315789473684,2,0.05263157894736842,0,0,40.09090909090909,145.67857142857142,114.70833333333333,0,70.375,169.875,113.625,3,122.66666666666667,194.66666666666666,74.66666666666667,0,88.95833333333334,219.5,100.1875,0,11.222222222222221,122.5,98.85714285714286,2,136.0,239.5,100.0,0,52.1,144.2,111.33333333333333,0,85.3611111111111,190.2222222222222,115.19444444444444,0,114.62962962962963,214.51851851851853,118.66666666666667,1,0.0,169.0,104.0,0,74.5,207.5,111.5,1,40.0,168.0,97.0,0,143.1875,247.8125,125.5,0,66.28571428571429,193.28571428571428,107.42857142857143,0,142.61904761904762,269.0952380952381,364.7619047619047,0,90.0,196.0,128.0,0,144.0,233.8,76.8,0,129.6,228.1,84.8,2,35.5,184.0,116.5,0,79.2,215.2,121.6,0,139.33333333333334,246.66666666666666,134.5,2,96.0,208.0,164.0,0,146.33333333333334,273.3333333333333,130.66666666666666,0,150.0,254.0,114.0,2,79.0,195.5,136.5
100281,1094256,116.3015873015873,46.29739439362873,104.0,32.0,126.41935483870968,145.787687916267,88.0,78.0,242.40322580645162,140.41728821019103,204.0,98.25,63,15.165,4.154302670623146,49.85163204747775,0.03225806451612903,0,0.0,6,0.09523809523809523,2,0.031746031746031744,0,0,40.09090909090909,145.67857142857142,114.70833333333333,1,0.0,120.0,128.0,2,120.0,188.0,76.0,0,88.95833333333334,219.5,100.1875,0,11.222222222222221,122.5,98.85714285714286,1,72.0,167.0,104.0,0,52.1,144.2,111.33333333333333,1,64.0,167.0,104.0,2,100.0,216.0,124.0,1,16.0,120.0,96.0,2,62.0,198.0,114.0,1,40.0,160.0,112.0,0,143.1875,247.8125,125.5,1,24.0,160.0,112.0,1,432.0,568.0,384.0,1,104.0,208.0,136.0,0,144.0,233.8,76.8,1,96.0,192.0,88.0,1,32.0,184.0,104.0,1,64.0,200.0,104.0,1,88.0,192.0,128.0,1,72.0,184.0,104.0,0,146.33333333333334,273.3333333333333,130.66666666666666,2,124.0,236.0,116.0,1,88.0,176.0,104.0
100281,1094285,144.8235294117647,95.39252362745123,120.0,22.25,87.18181818181819,124.58767256141346,80.0,97.0,233.0,106.06915982823031,208.0,72.0,34,7.856,4.327902240325866,51.93482688391039,0.12121212121212122,0,0.0,0,0.0,3,0.08823529411764706,0,0,40.09090909090909,145.67857142857142,114.70833333333333,1,72.0,192.0,128.0,0,112.3809523809524,191.80952380952382,75.38095238095238,2,120.0,260.0,100.5,0,11.222222222222221,122.5,98.85714285714286,0,80.61111111111111,179.72222222222223,118.44444444444444,0,52.1,144.2,111.33333333333333,0,85.3611111111111,190.2222222222222,115.19444444444444,0,114.62962962962963,214.51851851851853,118.66666666666667,0,30.875,155.25,92.125,0,74.5,207.5,111.5,0,86.4375,201.625,122.5,1,40.0,144.0,128.0,0,66.28571428571429,193.28571428571428,107.42857142857143,1,-47.0,73.0,312.0,0,90.0,196.0,128.0,0,144.0,233.8,76.8,2,112.0,212.5,88.0,1,16.0,200.0,128.0,0,79.2,215.2,121.6,0,139.33333333333334,246.66666666666666,134.5,0,90.0,196.0,129.0,1,95.0,224.0,120.0,0,150.0,254.0,114.0,0,119.75,218.875,117.125
100281,1094304,118.69767441860465,34.8041262481045,120.0,36.0,165.71428571428572,139.98950397972627,128.0,132.0,285.14285714285717,130.19336743924427,240.0,168.0,43,12.064,3.5643236074270557,42.771883289124666,0.047619047619047616,0,0.0,4,0.09302325581395349,2,0.046511627906976744,0,0,40.09090909090909,145.67857142857142,114.70833333333333,0,70.375,169.875,113.625,2,120.0,192.0,80.0,1,136.0,256.0,112.0,0,11.222222222222221,122.5,98.85714285714286,1,48.0,160.0,128.0,0,52.1,144.2,111.33333333333333,3,98.66666666666667,205.33333333333334,122.66666666666667,0,114.62962962962963,214.51851851851853,118.66666666666667,0,30.875,155.25,92.125,0,74.5,207.5,111.5,0,86.4375,201.625,122.5,1,288.0,416.0,128.0,0,66.28571428571429,193.28571428571428,107.42857142857143,0,142.61904761904762,269.0952380952381,364.7619047619047,0,90.0,196.0,128.0,1,112.0,232.0,72.0,0,129.6,228.1,84.8,0,30.11111111111111,189.83333333333334,117.0,0,79.2,215.2,121.6,1,112.0,224.0,128.0,0,90.0,196.0,129.0,0,146.33333333333334,273.3333333333333,130.66666666666666,0,150.0,254.0,114.0,0,119.75,218.875,117.125
100281,1094326,135.02631578947367,117.57539279836472,112.0,24.0,90.10810810810811,153.05444779003528,80.0,80.0,224.64864864864865,101.88075069923029,200.0,80.0,38,8.465,4.489072652096869,53.86887182516243,0.05405405405405406,0,0.0,0,0.0,2,0.05263157894736842,0,0,40.09090909090909,145.67857142857142,114.70833333333333,2,68.0,172.0,108.0,0,112.3809523809524,191.80952380952382,75.38095238095238,1,56.0,184.0,105.0,0,11.222222222222221,122.5,98.85714285714286,1,31.0,136.0,120.0,0,52.1,144.2,111.33333333333333,0,85.3611111111111,190.2222222222222,115.19444444444444,2,84.0,176.0,120.0,1,24.0,144.0,88.0,1,80.0,200.0,120.0,1,256.0,368.0,152.0,0,143.1875,247.8125,125.5,1,64.0,192.0,88.0,1,296.0,440.0,824.0,0,90.0,196.0,128.0,0,144.0,233.8,76.8,0,129.6,228.1,84.8,0,30.11111111111111,189.83333333333334,117.0,0,79.2,215.2,121.6,0,139.33333333333334,246.66666666666666,134.5,0,90.0,196.0,129.0,0,146.33333333333334,273.3333333333333,130.66666666666666,0,150.0,254.0,114.0,0,119.75,218.875,117.125
100281,1094349,119.92592592592592,54.54724484737023,112.0,24.5,120.07692307692308,92.11653283369807,116.0,70.25,240.0,86.95754932503206,228.0,85.75,27,6.36,4.245283018867925,50.94339622641509,0.07692307692307693,0,0.0,3,0.1111111111111111,1,0.037037037037037035,0,0,40.09090909090909,145.67857142857142,114.70833333333333,0,70.375,169.875,113.625,1,96.0,176.0,96.0,0,88.95833333333334,219.5,100.1875,0,11.222222222222221,122.5,98.85714285714286,0,80.61111111111111,179.72222222222223,118.44444444444444,0,52.1,144.2,111.33333333333333,2,87.5,186.0,116.5,0,114.62962962962963,214.51851851851853,118.66666666666667,0,30.875,155.25,92.125,1,80.0,216.0,96.0,0,86.4375,201.625,122.5,0,143.1875,247.8125,125.5,0,66.28571428571429,193.28571428571428,107.42857142857143,0,142.61904761904762,269.0952380952381,364.7619047619047,1,104.0,200.0,112.0,0,144.0,233.8,76.8,0,129.6,228.1,84.8,0,30.11111111111111,189.83333333333334,117.0,0,79.2,215.2,121.6,1,96.0,216.0,119.0,0,90.0,196.0,129.0,0,146.33333333333334,273.3333333333333,130.66666666666666,0,150.0,254.0,114.0,0,119.75,218.875,117.125
100281,1094368,116.4,31.40156336582913,112.0,36.0,137.59259259259258,166.87148731423127,104.0,72.0,252.44444444444446,158.17614029310707,208.0,76.0,55,13.832,3.9762868710237127,47.715442452284556,0.018518518518518517,0,0.0,2,0.03636363636363636,1,0.01818181818181818,0,0,40.09090909090909,145.67857142857142,114.70833333333333,2,96.0,192.0,104.0,1,136.0,224.0,32.0,1,64.0,176.0,96.0,0,11.222222222222221,122.5,98.85714285714286,1,64.0,160.0,120.0,0,52.1,144.2,111.33333333333333,4,90.0,206.0,112.0,0,114.62962962962963,214.51851851851853,118.66666666666667,1,72.0,200.0,96.0,0,74.5,207.5,111.5,1,0.0,96.0,88.0,1,104.0,184.0,96.0,1,1.0,113.0,87.0,0,142.61904761904762,269.0952380952381,364.7619047619047,0,90.0,196.0,128.0,0,144.0,233.8,76.8,0,129.6,228.1,84.8,0,30.11111111111111,189.83333333333334,117.0,1,104.0,256.0,136.0,1,96.0,208.0,168.0,0,90.0,196.0,129.0,0,146.33333333333334,273.3333333333333,130.66666666666666,0,150.0,254.0,114.0,1,72.0,176.0,112.0
100281,1094401,124.03846153846153,78.27318077350867,116.5,32.0,98.6470588235294,93.966373528484,88.0,76.0,222.76470588235293,93.3455709558325,201.0,88.0,52,11.481,4.529222193188747,54.35066631826496,0.0392156862745098,0,0.0,1,0.019230769230769232,2,0.038461538461538464,0,0,40.09090909090909,145.67857142857142,114.70833333333333,1,72.0,168.0,96.0,0,112.3809523809524,191.80952380952382,75.38095238095238,3,71.66666666666667,200.0,104.0,0,11.222222222222221,122.5,98.85714285714286,2,51.5,160.0,125.0,0,52.1,144.2,111.33333333333333,0,85.3611111111111,190.2222222222222,115.19444444444444,3,114.33333333333333,197.33333333333334,109.33333333333333,1,23.0,160.0,81.0,0,74.5,207.5,111.5,0,86.4375,201.625,122.5,2,112.5,220.5,116.0,1,88.0,216.0,128.0,1,0.0,120.0,224.0,0,90.0,196.0,128.0,0,144.0,233.8,76.8,0,129.6,228.1,84.8,2,27.5,155.5,104.5,0,79.2,215.2,121.6,2,324.0,408.0,120.0,0,90.0,196.0,129.0,0,146.33333333333334,273.3333333333333,130.66666666666666,0,150.0,254.0,114.0,0,119.75,218.875,117.125
100281,1094431,124.88888888888889,61.31239578211905,112.0,48.0,128.9142857142857,99.46208794699372,112.0,75.5,252.11428571428573,91.45452310256923,224.0,76.5,36,9.008,3.9964476021314392,47.95737122557727,0.02857142857142857,0,0.0,1,0.027777777777777776,1,0.027777777777777776,0,0,40.09090909090909,145.67857142857142,114.70833333333333,0,70.375,169.875,113.625,0,112.3809523809524,191.80952380952382,75.38095238095238,0,88.95833333333334,219.5,100.1875,0,11.222222222222221,122.5,98.85714285714286,0,80.61111111111111,179.72222222222223,118.44444444444444,0,52.1,144.2,111.33333333333333,0,85.3611111111111,190.2222222222222,115.19444444444444,1,40.0,184.0,104.0,1,56.0,176.0,104.0,0,74.5,207.5,111.5,1,128.0,208.0,160.0,1,73.0,177.0,144.0,0,66.28571428571429,193.28571428571428,107.42857142857143,0,142.61904761904762,269.0952380952381,364.7619047619047,0,90.0,196.0,128.0,1,112.0,208.0,72.0,1,144.0,248.0,96.0,1,24.0,200.0,128.0,0,79.2,215.2,121.6,1,120.0,232.0,144.0,0,90.0,196.0,129.0,0,146.33333333333334,273.3333333333333,130.66666666666666,1,176.0,272.0,112.0,0,119.75,218.875,117.125
100281,1094451,128.54285714285714,89.33383389036328,112.0,36.0,102.97058823529412,121.15874013631326,68.0,72.0,231.2941176470588,120.70589668615901,188.0,84.0,35,8.0,4.375,52.5,0.029411764705882353,0,0.0,3,0.08571428571428572,1,0.02857142857142857,0,0,40.09090909090909,145.67857142857142,114.70833333333333,1,80.0,160.0,96.0,1,96.0,176.0,80.0,2,68.0,188.0,104.0,0,11.222222222222221,122.5,98.85714285714286,2,28.0,132.0,112.0,0,52.1,144.2,111.33333333333333,0,85.3611111111111,190.2222222222222,115.19444444444444,1,96.0,184.0,128.0,1,32.0,136.0,80.0,0,74.5,207.5,111.5,0,86.4375,201.625,122.5,0,143.1875,247.8125,125.5,0,66.28571428571429,193.28571428571428,107.42857142857143,0,142.61904761904762,269.0952380952381,364.7619047619047,0,90.0,196.0,128.0,0,144.0,233.8,76.8,1,184.0,288.0,72.0,1,1.0,193.0,119.0,0,79.2,215.2,121.6,0,139.33333333333334,246.66666666666666,134.5,1,40.0,144.0,152.0,0,146.33333333333334,273.3333333333333,130.66666666666666,0,150.0,254.0,114.0,2,240.0,328.0,116.0
100281,1094465,129.33333333333334,84.44746140277833,113.0,38.0,108.875,104.60513550968709,104.0,94.0,238.0,83.21696041072397,216.0,107.0,33,7.752,4.256965944272446,51.083591331269346,0.0625,0,0.0,1,0.030303030303030304,2,0.06060606060606061,0,0,40.09090909090909,145.67857142857142,114.70833333333333,0,70.375,169.875,113.625,0,112.3809523809524,191.80952380952382,75.38095238095238,1,136.0,288.0,104.0,0,11.222222222222221,122.5,98.85714285714286,1,47.0,151.0,113.0,0,52.1,144.2,111.33333333333333,0,85.3611111111111,190.2222222222222,115.19444444444444,0,114.62962962962963,214.51851851851853,118.66666666666667,1,24.0,137.0,88.0,0,74.5,207.5,111.5,0,86.4375,201.625,122.5,0,143.1875,247.8125,125.5,1,7.0,144.0,105.0,1,0.0,136.0,336.0,1,80.0,184.0,136.0,1,232.0,281.0,88.0,0,129.6,228.1,84.8,0,30.11111111111111,189.83333333333334,117.0,2,76.0,212.0,112.0,0,139.33333333333334,246.66666666666666,134.5,0,90.0,196.0,129.0,0,146.33333333333334,273.3333333333333,130.66666666666666,0,150.0,254.0,114.0,0,119.75,218.875,117.125
100306,1094350,126.57446808510639,109.6787852953615,97.0,40.0,399.30434782608694,359.6610644557515,296.0,376.0,527.2391304347826,347.93135159874686,424.0,372.0,47,24.317,1.9328042110457704,23.193650532549245,0.043478260869565216,0,0.0,0,0.0,2,0.0425531914893617,1,0,40.09090909090909,145.67857142857142,114.70833333333333,0,140.33333333333334,277.0128205128205,81.23717948717947,0,185.71428571428572,256.57142857142856,54.39285714285714,0,601.6111111111111,686.9444444444445,141.2962962962963,0,11.222222222222221,122.5,98.85714285714286,0,159.9,277.46666666666664,97.7,0,52.1,144.2,111.33333333333333,0,154.66666666666666,272.0,83.11111111111111,0,267.875,407.0,89.0,0,113.66666666666667,213.0,135.33333333333334,0,340.5,426.07142857142856,91.28571428571429,0,666.2857142857143,741.5714285714286,122.28571428571429,1,128.0,240.0,80.0,0,483.0625,566.0625,128.0,1,272.0,336.0,496.0,0,172.2,262.2,80.0,2,192.5,344.0,104.0,0,157.71428571428572,267.42857142857144,102.85714285714286,0,176.0,288.0,80.0,0,285.0,368.9375,101.375,0,448.1666666666667,538.25,99.83333333333333,1,752.0,880.0,64.0,0,99.0,211.0,91.4,1,624.0,704.0,64.0,0,216.0,328.0,88.0
100306,1094430,120.5945945945946,54.64502621191165,112.0,32.0,346.69444444444446,302.0999484575009,240.0,412.0,468.4166666666667,279.9954736737324,368.0,436.0,37,16.943,2.1837927167561824,26.205512601074187,0.027777777777777776,0,0.0,0,0.0,1,0.02702702702702703,1,0,40.09090909090909,145.67857142857142,114.70833333333333,2,112.0,240.0,80.0,0,185.71428571428572,256.57142857142856,54.39285714285714,2,728.0,808.0,152.0,0,11.222222222222221,122.5,98.85714285714286,1,160.0,288.0,112.0,0,52.1,144.2,111.33333333333333,0,154.66666666666666,272.0,83.11111111111111,0,267.875,407.0,89.0,1,64.0,176.0,144.0,0,340.5,426.07142857142856,91.28571428571429,0,666.2857142857143,741.5714285714286,122.28571428571429,1,47.0,175.0,96.0,0,483.0625,566.0625,128.0,0,434.6666666666667,520.0,669.3333333333334,1,128.0,240.0,64.0,1,544.0,688.0,80.0,0,157.71428571428572,267.42857142857144,102.85714285714286,0,176.0,288.0,80.0,1,192.0,304.0,112.0,0,448.1666666666667,538.25,99.83333333333333,0,304.0,424.0,80.0,1,176.0,272.0,112.0,0,406.5,507.2,78.3,0,216.0,328.0,88.0
100306,1094461,114.8,39.36144860601088,112.0,32.0,279.5,235.31891284114997,192.0,264.0,394.64814814814815,223.87961029083925,312.0,260.0,55,21.407,2.569253048068389,30.831036576820665,0.018518518518518517,0,0.0,0,0.0,1,0.01818181818181818,0,0,40.09090909090909,145.67857142857142,114.70833333333333,4,236.5,360.5,83.25,0,185.71428571428572,256.57142857142856,54.39285714285714,1,704.0,800.0,144.0,0,11.222222222222221,122.5,98.85714285714286,1,192.0,272.0,112.0,0,52.1,144.2,111.33333333333333,1,16.0,144.0,80.0,1,400.0,528.0,80.0,1,112.0,224.0,128.0,1,208.0,271.0,112.0,1,512.0,592.0,112.0,1,160.0,288.0,80.0,1,480.0,560.0,112.0,0,434.6666666666667,520.0,669.3333333333334,0,172.2,262.2,80.0,0,193.21428571428572,310.85714285714283,116.57142857142857,1,128.0,240.0,128.0,0,176.0,288.0,80.0,0,285.0,368.9375,101.375,1,481.0,574.0,63.0,0,304.0,424.0,80.0,2,80.0,208.0,72.0,0,406.5,507.2,78.3,0,216.0,328.0,88.0
100306,1094502,111.54901960784314,42.38632489676968,112.0,48.0,325.88,356.38937357895503,200.0,280.25,438.06,349.40437375625396,304.0,302.0,51,21.983,2.319974525769913,27.839694309238954,0.02,0,0.0,1,0.0196078431372549,1,0.0196078431372549,0,0,40.09090909090909,145.67857142857142,114.70833333333333,3,43.333333333333336,187.66666666666666,89.33333333333333,0,185.71428571428572,256.57142857142856,54.39285714285714,3,443.0,511.0,159.66666666666666,0,11.222222222222221,122.5,98.85714285714286,3,54.0,213.66666666666666,74.0,0,52.1,144.2,111.33333333333333,1,80.0,208.0,96.0,1,288.0,576.0,80.0,1,96.0,191.0,145.0,1,192.0,272.0,64.0,0,666.2857142857143,741.5714285714286,122.28571428571429,0,172.42857142857142,301.57142857142856,78.85714285714286,1,368.0,464.0,128.0,0,434.6666666666667,520.0,669.3333333333334,0,172.2,262.2,80.0,0,193.21428571428572,310.85714285714283,116.57142857142857,1,112.0,224.0,96.0,0,176.0,288.0,80.0,0,285.0,368.9375,101.375,0,448.1666666666667,538.25,99.83333333333333,0,304.0,424.0,80.0,0,99.0,211.0,91.4,0,406.5,507.2,78.3,0,216.0,328.0,88.0
100306,1094539,117.80851063829788,79.4308580097482,112.0,40.0,266.7608695652174,234.87537720381667,192.0,180.0,386.0652173913044,217.14845674890486,304.0,176.0,47,17.808,2.6392632524707995,31.671159029649598,0.021739130434782608,0,0.0,1,0.02127659574468085,1,0.02127659574468085,0,0,40.09090909090909,145.67857142857142,114.70833333333333,4,120.0,260.0,84.0,0,185.71428571428572,256.57142857142856,54.39285714285714,2,591.5,679.5,152.0,0,11.222222222222221,122.5,98.85714285714286,1,193.0,321.0,111.0,0,52.1,144.2,111.33333333333333,0,154.66666666666666,272.0,83.11111111111111,0,267.875,407.0,89.0,1,32.0,143.0,144.0,1,192.0,304.0,128.0,0,666.2857142857143,741.5714285714286,122.28571428571429,0,172.42857142857142,301.57142857142856,78.85714285714286,1,640.0,720.0,96.0,0,434.6666666666667,520.0,669.3333333333334,0,172.2,262.2,80.0,1,128.0,240.0,144.0,1,192.0,304.0,112.0,0,176.0,288.0,80.0,0,285.0,368.9375,101.375,0,448.1666666666667,538.25,99.83333333333333,1,208.0,336.0,96.0,1,64.0,176.0,80.0,0,406.5,507.2,78.3,0,216.0,328.0,88.0
100306,1094574,109.27586206896552,55.10923106335968,96.0,48.0,381.14285714285717,496.68254551615576,208.0,264.0,490.85714285714283,481.9209859870121,304.0,212.0,29,13.841,2.0952243335019145,25.142692002022976,0.03571428571428571,0,0.0,1,0.034482758620689655,2,0.06896551724137931,0,0,40.09090909090909,145.67857142857142,114.70833333333333,0,140.33333333333334,277.0128205128205,81.23717948717947,0,185.71428571428572,256.57142857142856,54.39285714285714,0,601.6111111111111,686.9444444444445,141.2962962962963,0,11.222222222222221,122.5,98.85714285714286,0,159.9,277.46666666666664,97.7,0,52.1,144.2,111.33333333333333,1,112.0,224.0,80.0,0,267.875,407.0,89.0,0,113.66666666666667,213.0,135.33333333333334,0,340.5,426.07142857142856,91.28571428571429,0,666.2857142857143,741.5714285714286,122.28571428571429,0,172.42857142857142,301.57142857142856,78.85714285714286,0,483.0625,566.0625,128.0,1,128.0,192.0,320.0,1,80.0,160.0,64.0,0,193.21428571428572,310.85714285714283,116.57142857142857,0,157.71428571428572,267.42857142857144,102.85714285714286,0,176.0,288.0,80.0,2,272.0,360.0,88.0,0,448.1666666666667,538.25,99.83333333333333,0,304.0,424.0,80.0,0,99.0,211.0,91.4,1,80.0,176.0,80.0,0,216.0,328.0,88.0
100306,1094592,116.14,54.96435572259535,112.0,44.25,343.18367346938777,331.9456356688047,257.0,384.0,460.38775510204084,317.0642641565973,352.0,384.0,50,22.623,2.2101401228837907,26.52168147460549,0.04081632653061224,0,0.0,1,0.02,2,0.04,0,0,40.09090909090909,145.67857142857142,114.70833333333333,1,0.0,177.0,80.0,0,185.71428571428572,256.57142857142856,54.39285714285714,0,601.6111111111111,686.9444444444445,141.2962962962963,0,11.222222222222221,122.5,98.85714285714286,1,160.0,240.0,80.0,0,52.1,144.2,111.33333333333333,1,80.0,176.0,64.0,1,303.0,416.0,64.0,1,79.0,159.0,177.0,0,340.5,426.07142857142856,91.28571428571429,1,112.0,176.0,128.0,0,172.42857142857142,301.57142857142856,78.85714285714286,0,483.0625,566.0625,128.0,1,272.0,368.0,368.0,0,172.2,262.2,80.0,0,193.21428571428572,310.85714285714283,116.57142857142857,1,320.0,432.0,80.0,0,176.0,288.0,80.0,1,448.0,560.0,144.0,1,736.0,832.0,128.0,0,304.0,424.0,80.0,0,99.0,211.0,91.4,1,304.0,416.0,80.0,1,336.0,416.0,96.0
100306,1094623,104.47058823529412,62.443496950592746,96.0,28.25,324.3333333333333,421.56042499171093,175.0,272.0,429.54545454545456,408.54494882033674,256.0,288.0,34,14.255,2.385128025254297,28.62153630305156,0.030303030303030304,0,0.0,1,0.029411764705882353,1,0.029411764705882353,0,0,40.09090909090909,145.67857142857142,114.70833333333333,1,48.0,192.0,80.0,0,185.71428571428572,256.57142857142856,54.39285714285714,0,601.6111111111111,686.9444444444445,141.2962962962963,0,11.222222222222221,122.5,98.85714285714286,1,272.0,400.0,80.0,0,52.1,144.2,111.33333333333333,1,112.0,192.0,80.0,1,416.0,496.0,80.0,0,113.66666666666667,213.0,135.33333333333334,1,240.0,320.0,96.0,1,2160.0,2240.0,96.0,0,172.42857142857142,301.57142857142856,78.85714285714286,0,483.0625,566.0625,128.0,0,434.6666666666667,520.0,669.3333333333334,0,172.2,262.2,80.0,0,193.21428571428572,310.85714285714283,116.57142857142857,0,157.71428571428572,267.42857142857144,102.85714285714286,0,176.0,288.0,80.0,0,285.0,368.9375,101.375,2,384.0,479.5,104.0,1,144.0,240.0,80.0,0,99.0,211.0,91.4,0,406.5,507.2,78.3,0,216.0,328.0,88.0
100306,1094641,103.1842105263158,39.103678157295676,96.0,32.0,428.94594594594594,417.9789174785465,368.0,368.0,533.5945945945946,411.47529297339145,464.0,336.0,38,19.792,1.9199676637025058,23.03961196443007,0.02702702702702703,0,0.0,3,0.07894736842105263,1,0.02631578947368421,0,0,40.09090909090909,145.67857142857142,114.70833333333333,1,16.0,112.0,112.0,1,96.0,160.0,48.0,1,480.0,576.0,176.0,0,11.222222222222221,122.5,98.85714285714286,0,159.9,277.46666666666664,97.7,0,52.1,144.2,111.33333333333333,0,154.66666666666666,272.0,83.11111111111111,0,267.875,407.0,89.0,0,113.66666666666667,213.0,135.33333333333334,0,340.5,426.07142857142856,91.28571428571429,0,666.2857142857143,741.5714285714286,122.28571428571429,2,632.0,752.0,104.0,1,528.0,608.0,128.0,0,434.6666666666667,520.0,669.3333333333334,0,172.2,262.2,80.0,0,193.21428571428572,310.85714285714283,116.57142857142857,0,157.71428571428572,267.42857142857144,102.85714285714286,0,176.0,288.0,80.0,0,285.0,368.9375,101.375,0,448.1666666666667,538.25,99.83333333333333,0,304.0,424.0,80.0,1,63.0,191.0,97.0,0,406.5,507.2,78.3,0,216.0,328.0,88.0
100306,1094673,135.83050847457628,245.9129067643681,96.0,48.0,299.87931034482756,317.8061693801366,176.5,300.0,436.67241379310343,358.89074256808317,304.0,268.0,59,25.407,2.3221946707600267,27.866336049120324,0.034482758620689655,0,0.0,1,0.01694915254237288,2,0.03389830508474576,0,0,40.09090909090909,145.67857142857142,114.70833333333333,2,40.5,176.5,79.5,0,185.71428571428572,256.57142857142856,54.39285714285714,2,632.0,728.0,104.0,0,11.222222222222221,122.5,98.85714285714286,2,120.0,224.0,112.0,0,52.1,144.2,111.33333333333333,1,256.0,400.0,96.0,2,272.0,360.0,88.0,1,32.0,144.0,128.0,1,1072.0,1152.0,63.0,1,384.0,447.0,128.0,0,172.42857142857142,301.57142857142856,78.85714285714286,1,272.0,368.0,144.0,1,784.0,864.0,1984.0,1,64.0,127.0,96.0,0,193.21428571428572,310.85714285714283,116.57142857142857,0,157.71428571428572,267.42857142857144,102.85714285714286,0,176.0,288.0,80.0,1,288.0,368.0,80.0,0,448.1666666666667,538.25,99.83333333333333,0,304.0,424.0,80.0,0,99.0,211.0,91.4,0,406.5,507.2,78.3,0,216.0,328.0,88.0
100306,1094721,110.07843137254902,50.37383507620306,112.0,47.5,337.0,398.7470171342594,192.0,240.0,447.0,390.5416960153303,304.0,208.0,51,30.111,1.693733187207333,20.324798246487994,0.02,1,0.02,2,0.0392156862745098,1,0.0196078431372549,1,0,40.09090909090909,145.67857142857142,114.70833333333333,2,200.0,327.5,80.0,1,432.0,512.0,80.0,0,601.6111111111111,686.9444444444445,141.2962962962963,0,11.222222222222221,122.5,98.85714285714286,0,159.9,277.46666666666664,97.7,0,52.1,144.2,111.33333333333333,1,176.0,288.0,96.0,1,320.0,464.0,112.0,0,113.66666666666667,213.0,135.33333333333334,0,340.5,426.07142857142856,91.28571428571429,2,472.0,552.0,136.0,1,112.0,240.0,64.0,0,483.0625,566.0625,128.0,0,434.6666666666667,520.0,669.3333333333334,0,172.2,262.2,80.0,2,128.0,240.0,96.0,1,112.0,240.0,112.0,0,176.0,288.0,80.0,2,296.0,367.5,112.0,1,480.0,544.0,112.0,1,112.0,240.0,80.0,0,99.0,211.0,91.4,0,406.5,507.2,78.3,0,216.0,328.0,88.0
100306,1094771,110.88888888888889,73.18537261934313,96.0,32.0,357.46774193548384,387.22268819083916,232.0,316.0,468.85483870967744,372.1356346026311,357.5,284.0,63,29.149,2.1613091358194105,25.935709629832925,0.03225806451612903,0,0.0,10,0.15873015873015872,2,0.031746031746031744,0,0,40.09090909090909,145.67857142857142,114.70833333333333,2,352.0,520.0,96.0,7,150.85714285714286,210.28571428571428,52.57142857142857,2,304.0,400.0,128.0,0,11.222222222222221,122.5,98.85714285714286,1,128.0,272.0,112.0,0,52.1,144.2,111.33333333333333,0,154.66666666666666,272.0,83.11111111111111,0,267.875,407.0,89.0,0,113.66666666666667,213.0,135.33333333333334,2,287.5,383.5,96.0,2,456.0,552.0,104.0,0,172.42857142857142,301.57142857142856,78.85714285714286,1,528.0,608.0,128.0,0,434.6666666666667,520.0,669.3333333333334,0,172.2,262.2,80.0,2,120.0,232.0,136.0,0,157.71428571428572,267.42857142857144,102.85714285714286,0,176.0,288.0,80.0,1,384.0,480.0,80.0,1,208.0,304.0,112.0,0,304.0,424.0,80.0,0,99.0,211.0,91.4,1,576.0,704.0,80.0,0,216.0,328.0,88.0
100306,1094826,114.57142857142857,129.99324943226546,96.0,36.0,298.74545454545455,255.93637122476844,208.0,280.0,414.23636363636365,247.19737889433904,336.0,280.0,56,22.847,2.4510876701536306,29.413052041843564,0.01818181818181818,0,0.0,0,0.0,1,0.017857142857142856,1,0,40.09090909090909,145.67857142857142,114.70833333333333,1,48.0,176.0,48.0,0,185.71428571428572,256.57142857142856,54.39285714285714,1,672.0,752.0,128.0,0,11.222222222222221,122.5,98.85714285714286,2,128.0,240.0,104.0,0,52.1,144.2,111.33333333333333,2,80.0,208.0,88.0,1,128.0,272.0,80.0,1,160.0,272.0,128.0,0,340.5,426.07142857142856,91.28571428571429,2,568.0,632.0,152.0,0,172.42857142857142,301.57142857142856,78.85714285714286,2,536.5,608.5,144.0,0,434.6666666666667,520.0,669.3333333333334,1,477.0,576.0,64.0,0,193.21428571428572,310.85714285714283,116.57142857142857,0,157.71428571428572,267.42857142857144,102.85714285714286,0,176.0,288.0,80.0,1,208.0,240.0,99.0,0,448.1666666666667,538.25,99.83333333333333,0,304.0,424.0,80.0,0,99.0,211.0,91.4,0,406.5,507.2,78.3,0,216.0,328.0,88.0
100306,1094871,116.20547945205479,77.67335166591373,96.0,48.0,383.0416666666667,467.63629734786656,240.0,340.0,499.97222222222223,457.23932987435654,352.0,340.0,73,36.062,2.0242914979757085,24.291497975708502,0.027777777777777776,0,0.0,3,0.0410958904109589,2,0.0273972602739726,0,0,40.09090909090909,145.67857142857142,114.70833333333333,1,320.0,464.0,64.0,1,64.0,144.0,37.0,1,860.0,928.0,128.0,0,11.222222222222221,122.5,98.85714285714286,1,192.0,304.0,80.0,0,52.1,144.2,111.33333333333333,1,480.0,608.0,68.0,1,16.0,144.0,128.0,1,144.0,224.0,128.0,2,192.0,280.0,80.0,0,666.2857142857143,741.5714285714286,122.28571428571429,1,80.0,224.0,48.0,1,512.0,592.0,144.0,1,240.0,352.0,592.0,1,112.0,208.0,112.0,1,112.0,224.0,144.0,2,112.0,240.0,112.0,1,224.0,352.0,80.0,1,192.0,272.0,96.0,1,400.0,496.0,80.0,0,304.0,424.0,80.0,1,112.0,208.0,96.0,2,448.5,536.0,87.5,0,216.0,328.0,88.0
100306,1094933,113.18518518518519,62.48972480694077,96.0,40.0,284.9230769230769,238.230160700646,224.0,292.0,400.0,224.48299575828764,328.0,344.0,27,10.464,2.580275229357798,30.96330275229358,0.038461538461538464,0,0.0,0,0.0,2,0.07407407407407407,0,0,40.09090909090909,145.67857142857142,114.70833333333333,2,288.0,408.0,80.0,0,185.71428571428572,256.57142857142856,54.39285714285714,0,601.6111111111111,686.9444444444445,141.2962962962963,0,11.222222222222221,122.5,98.85714285714286,0,159.9,277.46666666666664,97.7,0,52.1,144.2,111.33333333333333,0,154.66666666666666,272.0,83.11111111111111,0,267.875,407.0,89.0,1,304.0,384.0,96.0,0,340.5,426.07142857142856,91.28571428571429,0,666.2857142857143,741.5714285714286,122.28571428571429,1,48.0,192.0,80.0,0,483.0625,566.0625,128.0,1,912.0,1008.0,256.0,0,172.2,262.2,80.0,1,128.0,208.0,112.0,1,128.0,192.0,80.0,1,128.0,224.0,80.0,0,285.0,368.9375,101.375,0,448.1666666666667,538.25,99.83333333333333,0,304.0,424.0,80.0,0,99.0,211.0,91.4,0,406.5,507.2,78.3,1,96.0,240.0,80.0
100327,1094544,86.57575757575758,29.663803371898975,81.0,30.75,76.43076923076923,81.86122764603508,53.0,74.0,163.36923076923077,80.70565116630628,137.0,92.0,66,10.682,6.17861823628534,74.14341883542407,0.06153846153846154,0,0.0,5,0.07575757575757576,1,0.015151515151515152,1,0,40.09090909090909,145.67857142857142,114.70833333333333,4,43.25,130.5,65.75,3,83.33333333333333,144.66666666666666,82.33333333333333,1,11.0,87.0,95.0,0,11.222222222222221,122.5,98.85714285714286,1,84.0,185.0,66.0,0,52.1,144.2,111.33333333333333,1,44.0,120.0,81.0,1,16.0,116.0,67.0,1,1.0,67.0,98.0,1,33.0,122.0,75.0,1,16.0,85.0,85.0,1,69.0,184.0,81.0,1,136.0,217.0,116.0,0,176.0,260.6666666666667,223.33333333333334,0,65.66666666666667,137.66666666666666,76.33333333333333,0,68.125,148.125,79.125,1,-41.0,101.0,108.0,0,37.5,131.5,75.75,0,127.66666666666667,211.0,75.66666666666667,1,29.0,73.0,89.0,0,23.7,126.46666666666667,76.3,2,51.5,150.5,62.5,0,115.33333333333333,185.46666666666667,73.3,0,35.0,119.13333333333333,73.33333333333334
100327,1094564,96.7948717948718,85.99170487340534,79.0,20.0,102.94736842105263,161.67396486177802,72.5,102.0,199.28947368421052,156.3612396267621,162.0,107.75,39,7.687,5.07350071549369,60.882008585924275,0.07894736842105263,0,0.0,2,0.05128205128205128,2,0.05128205128205128,0,0,40.09090909090909,145.67857142857142,114.70833333333333,1,35.0,100.0,64.0,0,91.36296296296297,152.19444444444446,79.29814814814816,1,59.0,131.0,70.0,0,11.222222222222221,122.5,98.85714285714286,1,8.0,78.0,56.0,0,52.1,144.2,111.33333333333333,0,55.6,143.8,78.8,0,65.2,155.55,71.05,1,51.0,107.0,65.0,1,69.0,138.0,84.0,0,23.8125,94.875,88.6875,0,51.8,142.8,70.0,0,65.5,143.75,94.75,0,176.0,260.6666666666667,223.33333333333334,0,65.66666666666667,137.66666666666666,76.33333333333333,0,68.125,148.125,79.125,0,21.75,156.0,94.0,0,37.5,131.5,75.75,1,217.0,316.0,85.0,0,76.66666666666667,130.0,81.66666666666667,1,15.0,131.0,71.0,0,57.166666666666664,138.83333333333334,67.83333333333333,1,100.0,170.0,67.0,1,37.0,120.0,72.0
100327,1094575,85.61764705882354,40.81379143052329,85.0,25.5,54.72727272727273,56.65754261337343,62.0,84.0,140.57575757575756,44.86750211052762,133.0,68.0,34,4.717,7.2079711681153285,86.49565401738394,0.09090909090909091,0,0.0,0,0.0,1,0.029411764705882353,0,0,40.09090909090909,145.67857142857142,114.70833333333333,2,36.0,121.5,56.5,0,91.36296296296297,152.19444444444446,79.29814814814816,0,49.03125,119.5625,82.09375,0,11.222222222222221,122.5,98.85714285714286,0,37.87037037037037,117.7037037037037,73.75925925925927,0,52.1,144.2,111.33333333333333,0,55.6,143.8,78.8,1,119.0,204.0,61.0,0,25.261904761904763,99.59523809523809,83.66666666666666,0,69.16666666666667,138.83333333333334,77.16666666666667,1,16.0,101.0,85.0,1,-16.0,84.0,93.0,0,65.5,143.75,94.75,0,176.0,260.6666666666667,223.33333333333334,0,65.66666666666667,137.66666666666666,76.33333333333333,0,68.125,148.125,79.125,1,-31.0,106.0,94.0,0,37.5,131.5,75.75,0,127.66666666666667,211.0,75.66666666666667,0,76.66666666666667,130.0,81.66666666666667,1,15.0,100.0,69.0,0,57.166666666666664,138.83333333333334,67.83333333333333,0,115.33333333333333,185.46666666666667,73.3,1,0.0,94.0,85.0
100327,1094583,87.21176470588236,37.07197899084398,79.0,24.0,87.67857142857143,80.80313535793935,84.0,98.25,174.73809523809524,68.44621090205119,159.0,91.0,85,14.778,5.751793206117201,69.02151847340642,0.07142857142857142,0,0.0,7,0.08235294117647059,5,0.058823529411764705,0,0,40.09090909090909,145.67857142857142,114.70833333333333,2,56.5,118.5,38.0,2,56.5,116.5,90.0,0,49.03125,119.5625,82.09375,0,11.222222222222221,122.5,98.85714285714286,1,116.0,216.0,116.0,0,52.1,144.2,111.33333333333333,1,32.0,115.0,80.0,0,65.2,155.55,71.05,1,0.0,116.0,68.0,1,31.0,101.0,71.0,1,20.0,36.0,96.0,1,80.0,149.0,52.0,0,65.5,143.75,94.75,2,162.0,235.0,246.0,1,74.0,150.0,76.0,2,107.5,184.5,68.5,0,21.75,156.0,94.0,1,55.0,132.0,69.0,0,127.66666666666667,211.0,75.66666666666667,1,56.0,116.0,84.0,3,58.0,146.33333333333334,76.0,0,57.166666666666664,138.83333333333334,67.83333333333333,0,115.33333333333333,185.46666666666667,73.3,3,75.0,151.66666666666666,70.66666666666667
100327,1094599,87.3076923076923,33.71004099530769,81.5,23.25,77.84,69.17322025177086,75.0,59.0,166.36,55.87334248100788,153.0,75.0,26,4.216,6.1669829222011385,74.00379506641366,0.04,0,0.0,0,0.0,1,0.038461538461538464,0,0,40.09090909090909,145.67857142857142,114.70833333333333,1,52.0,143.0,65.0,0,91.36296296296297,152.19444444444446,79.29814814814816,0,49.03125,119.5625,82.09375,0,11.222222222222221,122.5,98.85714285714286,0,37.87037037037037,117.7037037037037,73.75925925925927,0,52.1,144.2,111.33333333333333,0,55.6,143.8,78.8,0,65.2,155.55,71.05,0,25.261904761904763,99.59523809523809,83.66666666666666,1,46.0,118.0,116.0,0,23.8125,94.875,88.6875,0,51.8,142.8,70.0,2,62.0,126.0,92.0,0,176.0,260.6666666666667,223.33333333333334,0,65.66666666666667,137.66666666666666,76.33333333333333,0,68.125,148.125,79.125,0,21.75,156.0,94.0,0,37.5,131.5,75.75,0,127.66666666666667,211.0,75.66666666666667,0,76.66666666666667,130.0,81.66666666666667,0,23.7,126.46666666666667,76.3,0,57.166666666666664,138.83333333333334,67.83333333333333,1,105.0,168.0,63.0,0,35.0,119.13333333333333,73.33333333333334
100327,1094604,86.83333333333333,33.172947478999276,84.5,30.0,117.04225352112677,139.46239198443513,78.0,124.0,204.30985915492957,134.95378359132422,166.0,114.0,72,14.562,4.944375772558715,59.33250927070458,0.07042253521126761,0,0.0,8,0.1111111111111111,1,0.013888888888888888,1,0,40.09090909090909,145.67857142857142,114.70833333333333,3,115.66666666666667,197.0,78.0,3,60.333333333333336,112.33333333333333,98.0,2,19.5,91.0,95.5,0,11.222222222222221,122.5,98.85714285714286,2,16.0,101.0,73.0,0,52.1,144.2,111.33333333333333,1,68.0,168.0,58.0,1,78.0,165.0,78.0,2,34.0,107.0,110.0,1,55.0,115.0,96.0,2,26.5,107.0,122.5,0,51.8,142.8,70.0,0,65.5,143.75,94.75,0,176.0,260.6666666666667,223.33333333333334,1,59.0,131.0,69.0,1,86.0,166.0,60.0,1,-33.0,104.0,97.0,0,37.5,131.5,75.75,1,85.0,169.0,72.0,0,76.66666666666667,130.0,81.66666666666667,1,31.0,147.0,89.0,0,57.166666666666664,138.83333333333334,67.83333333333333,0,115.33333333333333,185.46666666666667,73.3,1,31.0,128.0,70.0
100327,1094628,90.05555555555556,40.69462457298019,78.5,29.0,56.76470588235294,90.53275612062104,46.0,56.0,147.8235294117647,87.95067821971561,130.0,77.0,18,2.586,6.960556844547564,83.52668213457076,0.17647058823529413,0,0.0,0,0.0,1,0.05555555555555555,0,0,40.09090909090909,145.67857142857142,114.70833333333333,1,16.0,96.0,63.0,0,91.36296296296297,152.19444444444446,79.29814814814816,0,49.03125,119.5625,82.09375,0,11.222222222222221,122.5,98.85714285714286,0,37.87037037037037,117.7037037037037,73.75925925925927,0,52.1,144.2,111.33333333333333,0,55.6,143.8,78.8,1,46.0,115.0,65.0,0,25.261904761904763,99.59523809523809,83.66666666666666,0,69.16666666666667,138.83333333333334,77.16666666666667,1,31.0,96.0,74.0,0,51.8,142.8,70.0,0,65.5,143.75,94.75,0,176.0,260.6666666666667,223.33333333333334,0,65.66666666666667,137.66666666666666,76.33333333333333,0,68.125,148.125,79.125,0,21.75,156.0,94.0,0,37.5,131.5,75.75,0,127.66666666666667,211.0,75.66666666666667,0,76.66666666666667,130.0,81.66666666666667,0,23.7,126.46666666666667,76.3,0,57.166666666666664,138.83333333333334,67.83333333333333,0,115.33333333333333,185.46666666666667,73.3,0,35.0,119.13333333333333,73.33333333333334
100327,1094633,80.97826086956522,29.22959275507613,78.5,25.5,103.0,105.51503315747108,67.0,85.0,183.88888888888889,107.57183072455399,151.0,84.0,46,8.36,5.502392344497608,66.02870813397128,0.06666666666666667,0,0.0,8,0.17391304347826086,1,0.021739130434782608,0,0,40.09090909090909,145.67857142857142,114.70833333333333,1,468.0,604.0,59.0,5,54.6,116.0,60.6,1,66.0,132.0,76.0,0,11.222222222222221,122.5,98.85714285714286,2,31.5,96.0,61.5,0,52.1,144.2,111.33333333333333,0,55.6,143.8,78.8,2,81.0,165.5,84.5,0,25.261904761904763,99.59523809523809,83.66666666666666,0,69.16666666666667,138.83333333333334,77.16666666666667,0,23.8125,94.875,88.6875,1,78.0,161.0,56.0,0,65.5,143.75,94.75,0,176.0,260.6666666666667,223.33333333333334,0,65.66666666666667,137.66666666666666,76.33333333333333,0,68.125,148.125,79.125,0,21.75,156.0,94.0,0,37.5,131.5,75.75,0,127.66666666666667,211.0,75.66666666666667,1,145.0,201.0,72.0,0,23.7,126.46666666666667,76.3,2,56.0,126.0,75.0,0,115.33333333333333,185.46666666666667,73.3,0,35.0,119.13333333333333,73.33333333333334
100327,1094647,103.33333333333333,54.68957391449942,95.0,21.0,74.03125,111.48191680015867,59.0,73.0,177.03125,100.61264966910224,146.5,73.5,33,5.861,5.630438491724962,67.56526190069954,0.15625,0,0.0,1,0.030303030303030304,2,0.06060606060606061,0,0,40.09090909090909,145.67857142857142,114.70833333333333,2,67.0,157.5,82.5,0,91.36296296296297,152.19444444444446,79.29814814814816,1,79.0,146.0,72.0,0,11.222222222222221,122.5,98.85714285714286,1,-16.0,56.0,63.0,0,52.1,144.2,111.33333333333333,0,55.6,143.8,78.8,1,38.0,154.0,67.0,1,37.0,100.0,100.0,0,69.16666666666667,138.83333333333334,77.16666666666667,1,73.0,173.0,85.0,0,51.8,142.8,70.0,1,32.0,116.0,87.0,0,176.0,260.6666666666667,223.33333333333334,1,64.0,132.0,84.0,0,68.125,148.125,79.125,1,192.0,313.0,77.0,0,37.5,131.5,75.75,0,127.66666666666667,211.0,75.66666666666667,0,76.66666666666667,130.0,81.66666666666667,2,-0.5,108.0,76.5,0,57.166666666666664,138.83333333333334,67.83333333333333,0,115.33333333333333,185.46666666666667,73.3,0,35.0,119.13333333333333,73.33333333333334
100327,1094658,79.5,25.475478405713993,77.5,18.25,160.32258064516128,168.05363719356217,115.0,195.0,240.7741935483871,164.30767945405182,185.0,192.5,32,7.514,4.258717061485227,51.10460473782273,0.06451612903225806,0,0.0,4,0.125,1,0.03125,0,0,40.09090909090909,145.67857142857142,114.70833333333333,1,69.0,174.0,84.0,2,237.0,304.0,78.5,0,49.03125,119.5625,82.09375,0,11.222222222222221,122.5,98.85714285714286,0,37.87037037037037,117.7037037037037,73.75925925925927,0,52.1,144.2,111.33333333333333,0,55.6,143.8,78.8,1,101.0,185.0,68.0,0,25.261904761904763,99.59523809523809,83.66666666666666,0,69.16666666666667,138.83333333333334,77.16666666666667,1,-16.0,74.0,111.0,0,51.8,142.8,70.0,1,32.0,116.0,84.0,0,176.0,260.6666666666667,223.33333333333334,0,65.66666666666667,137.66666666666666,76.33333333333333,0,68.125,148.125,79.125,0,21.75,156.0,94.0,0,37.5,131.5,75.75,0,127.66666666666667,211.0,75.66666666666667,0,76.66666666666667,130.0,81.66666666666667,0,23.7,126.46666666666667,76.3,0,57.166666666666664,138.83333333333334,67.83333333333333,1,178.0,255.0,71.0,0,35.0,119.13333333333333,73.33333333333334
100327,1094667,89.33333333333333,35.96771841077451,84.0,27.0,86.875,105.06835572616524,56.5,86.25,177.03125,93.24111364327166,144.0,67.0,33,5.728,5.761173184357542,69.1340782122905,0.09375,0,0.0,3,0.09090909090909091,2,0.06060606060606061,0,0,40.09090909090909,145.67857142857142,114.70833333333333,1,16.0,102.0,98.0,1,54.0,108.0,73.0,0,49.03125,119.5625,82.09375,0,11.222222222222221,122.5,98.85714285714286,1,64.0,134.0,82.0,0,52.1,144.2,111.33333333333333,0,55.6,143.8,78.8,1,31.0,132.0,86.0,0,25.261904761904763,99.59523809523809,83.66666666666666,0,69.16666666666667,138.83333333333334,77.16666666666667,0,23.8125,94.875,88.6875,0,51.8,142.8,70.0,0,65.5,143.75,94.75,1,224.0,310.0,176.0,0,65.66666666666667,137.66666666666666,76.33333333333333,0,68.125,148.125,79.125,0,21.75,156.0,94.0,2,20.0,131.0,82.5,0,127.66666666666667,211.0,75.66666666666667,0,76.66666666666667,130.0,81.66666666666667,0,23.7,126.46666666666667,76.3,0,57.166666666666664,138.83333333333334,67.83333333333333,0,115.33333333333333,185.46666666666667,73.3,0,35.0,119.13333333333333,73.33333333333334
100327,1094682,80.28260869565217,33.483067131000034,75.5,28.5,101.86666666666666,114.44097945132144,72.0,105.0,181.73333333333332,103.47375405279243,147.0,103.0,46,8.277,5.557569167572793,66.69083001087351,0.08888888888888889,0,0.0,2,0.043478260869565216,2,0.043478260869565216,0,0,40.09090909090909,145.67857142857142,114.70833333333333,1,32.0,113.0,95.0,1,68.0,131.0,69.0,4,60.75,120.5,95.75,0,11.222222222222221,122.5,98.85714285714286,2,-5.0,85.0,61.0,0,52.1,144.2,111.33333333333333,0,55.6,143.8,78.8,0,65.2,155.55,71.05,2,42.5,103.5,72.0,1,181.0,239.0,21.0,0,23.8125,94.875,88.6875,1,48.0,136.0,68.0,0,65.5,143.75,94.75,1,142.0,237.0,248.0,0,65.66666666666667,137.66666666666666,76.33333333333333,0,68.125,148.125,79.125,0,21.75,156.0,94.0,0,37.5,131.5,75.75,0,127.66666666666667,211.0,75.66666666666667,0,76.66666666666667,130.0,81.66666666666667,0,23.7,126.46666666666667,76.3,2,64.0,140.0,66.0,0,115.33333333333333,185.46666666666667,73.3,0,35.0,119.13333333333333,73.33333333333334
100327,1094697,87.73913043478261,37.647353843500994,81.0,29.5,70.13636363636364,89.57236559165975,56.0,45.75,160.22727272727272,79.1126537506553,135.0,27.5,23,3.561,6.458859870822803,77.50631844987363,0.13636363636363635,0,0.0,0,0.0,1,0.043478260869565216,0,0,40.09090909090909,145.67857142857142,114.70833333333333,3,46.666666666666664,129.0,75.66666666666667,0,91.36296296296297,152.19444444444446,79.29814814814816,0,49.03125,119.5625,82.09375,0,11.222222222222221,122.5,98.85714285714286,0,37.87037037037037,117.7037037037037,73.75925925925927,0,52.1,144.2,111.33333333333333,0,55.6,143.8,78.8,0,65.2,155.55,71.05,0,25.261904761904763,99.59523809523809,83.66666666666666,0,69.16666666666667,138.83333333333334,77.16666666666667,1,24.0,87.0,51.0,0,51.8,142.8,70.0,0,65.5,143.75,94.75,0,176.0,260.6666666666667,223.33333333333334,0,65.66666666666667,137.66666666666666,76.33333333333333,0,68.125,148.125,79.125,0,21.75,156.0,94.0,0,37.5,131.5,75.75,0,127.66666666666667,211.0,75.66666666666667,0,76.66666666666667,130.0,81.66666666666667,0,23.7,126.46666666666667,76.3,0,57.166666666666664,138.83333333333334,67.83333333333333,0,115.33333333333333,185.46666666666667,73.3,0,35.0,119.13333333333333,73.33333333333334
100327,1094709,85.4054054054054,23.443387195838934,82.0,26.0,112.72222222222223,111.65388262918957,91.5,71.75,199.05555555555554,106.94493506380968,176.0,57.25,37,7.218,5.126073704627321,61.512884455527846,0.05555555555555555,0,0.0,2,0.05405405405405406,1,0.02702702702702703,0,0,40.09090909090909,145.67857142857142,114.70833333333333,0,77.14880952380952,163.26190476190476,72.17261904761905,1,155.0,201.0,76.0,1,100.0,185.0,80.0,0,11.222222222222221,122.5,98.85714285714286,0,37.87037037037037,117.7037037037037,73.75925925925927,0,52.1,144.2,111.33333333333333,1,49.0,131.0,85.0,1,31.0,131.0,85.0,0,25.261904761904763,99.59523809523809,83.66666666666666,0,69.16666666666667,138.83333333333334,77.16666666666667,0,23.8125,94.875,88.6875,0,51.8,142.8,70.0,0,65.5,143.75,94.75,0,176.0,260.6666666666667,223.33333333333334,0,65.66666666666667,137.66666666666666,76.33333333333333,1,31.0,105.0,101.0,0,21.75,156.0,94.0,0,37.5,131.5,75.75,0,127.66666666666667,211.0,75.66666666666667,0,76.66666666666667,130.0,81.66666666666667,0,23.7,126.46666666666667,76.3,0,57.166666666666664,138.83333333333334,67.83333333333333,2,77.0,144.0,88.5,0,35.0,119.13333333333333,73.33333333333334
100327,1094726,81.45679012345678,27.23788636980159,80.0,16.0,83.4375,79.4337528620548,63.0,83.25,164.8625,77.31780903355967,137.5,86.75,81,13.273,6.102614329842537,73.23137195811044,0.05,0,0.0,6,0.07407407407407407,1,0.012345679012345678,0,0,40.09090909090909,145.67857142857142,114.70833333333333,3,27.0,99.66666666666667,86.0,4,53.5,136.25,86.25,2,-3.0,64.0,72.5,0,11.222222222222221,122.5,98.85714285714286,3,42.333333333333336,108.33333333333333,85.33333333333333,0,52.1,144.2,111.33333333333333,1,85.0,185.0,90.0,1,111.0,188.0,49.0,3,11.333333333333334,96.66666666666667,72.66666666666667,0,69.16666666666667,138.83333333333334,77.16666666666667,0,23.8125,94.875,88.6875,0,51.8,142.8,70.0,0,65.5,143.75,94.75,0,176.0,260.6666666666667,223.33333333333334,0,65.66666666666667,137.66666666666666,76.33333333333333,1,48.0,137.0,87.0,0,21.75,156.0,94.0,0,37.5,131.5,75.75,1,81.0,148.0,70.0,0,76.66666666666667,130.0,81.66666666666667,0,23.7,126.46666666666667,76.3,0,57.166666666666664,138.83333333333334,67.83333333333333,3,116.66666666666667,190.33333333333334,77.0,1,32.0,102.0,69.0
100381,1095164,119.15555555555555,55.766957781888316,118.0,62.0,68.95454545454545,148.50557910325585,40.0,112.0,188.4318181818182,139.87305896407264,143.0,112.0,45,8.396,5.359695092901381,64.31634111481657,0.36363636363636365,0,0.0,5,0.1111111111111111,1,0.022222222222222223,0,24,11.833333333333334,136.58333333333334,122.125,0,16.0,124.38888888888889,103.5,1,73.0,154.0,118.0,0,50.0,155.0,100.1875,5,32.8,143.0,74.4,0,8.5,110.0,96.0,5,79.0,153.4,110.2,0,20.5,134.0,104.0,0,23.0,135.1818181818182,104.0,0,24.5,112.0,104.375,0,52.25,144.0,106.5,0,59.0,165.0,119.10416666666667,0,22.1,130.4,98.5,0,66.28571428571429,187.5,114.6,0,83.375,183.875,186.625,0,48.0,150.0,103.0,0,-15.466666666666669,117.4,113.88888888888889,0,-30.214285714285715,116.0,120.0,0,-20.75,119.25,101.33333333333333,0,37.25,153.0,107.66666666666667,0,74.0,178.0,103.71428571428571,0,16.0,134.28571428571428,97.0,0,35.75,133.5,106.66666666666667,0,64.5,160.0,99.6875,0,10.5,131.16666666666666,104.33333333333333
100381,1095198,117.16470588235295,68.77462717136716,104.0,40.0,55.714285714285715,107.58646261856326,43.5,109.0,173.03571428571428,103.09155043993103,137.5,84.75,85,14.639,5.806407541498737,69.67689049798484,0.2976190476190476,0,0.0,10,0.11764705882352941,6,0.07058823529411765,1,42,49.357142857142854,160.76190476190476,110.95238095238095,0,16.0,124.38888888888889,103.5,5,53.0,132.8,81.2,0,50.0,155.0,100.1875,10,19.3,127.5,93.5,0,8.5,110.0,96.0,8,39.875,140.75,111.625,0,20.5,134.0,104.0,0,23.0,135.1818181818182,104.0,0,24.5,112.0,104.375,0,52.25,144.0,106.5,0,59.0,165.0,119.10416666666667,0,22.1,130.4,98.5,0,66.28571428571429,187.5,114.6,2,84.0,171.0,100.0,0,48.0,150.0,103.0,0,-15.466666666666669,117.4,113.88888888888889,0,-30.214285714285715,116.0,120.0,0,-20.75,119.25,101.33333333333333,0,37.25,153.0,107.66666666666667,0,74.0,178.0,103.71428571428571,0,16.0,134.28571428571428,97.0,0,35.75,133.5,106.66666666666667,0,64.5,160.0,99.6875,0,10.5,131.16666666666666,104.33333333333333
100381,1095220,115.70588235294117,57.252551657373985,104.0,24.0,36.7,85.20944783297215,32.0,38.0,152.8,79.81002443302471,144.0,52.0,51,7.736,6.592554291623578,79.11065149948294,0.24,0,0.0,1,0.0196078431372549,1,0.0196078431372549,0,28,28.535714285714285,145.67857142857142,117.71428571428571,0,16.0,124.38888888888889,103.5,0,65.95238095238095,143.35238095238097,91.36190476190475,0,50.0,155.0,100.1875,10,39.5,150.5,86.3,0,8.5,110.0,96.0,9,43.666666666666664,128.0,112.66666666666667,0,20.5,134.0,104.0,0,23.0,135.1818181818182,104.0,0,24.5,112.0,104.375,0,52.25,144.0,106.5,0,59.0,165.0,119.10416666666667,0,22.1,130.4,98.5,0,66.28571428571429,187.5,114.6,0,83.375,183.875,186.625,0,48.0,150.0,103.0,0,-15.466666666666669,117.4,113.88888888888889,0,-30.214285714285715,116.0,120.0,0,-20.75,119.25,101.33333333333333,0,37.25,153.0,107.66666666666667,0,74.0,178.0,103.71428571428571,0,16.0,134.28571428571428,97.0,0,35.75,133.5,106.66666666666667,0,64.5,160.0,99.6875,0,10.5,131.16666666666666,104.33333333333333
100381,1095236,103.97058823529412,45.73676941066748,96.0,35.25,39.57575757575758,83.7449339229509,32.0,99.0,143.78787878787878,72.61803665079091,128.0,82.0,34,4.841,7.023342284651931,84.28010741582317,0.3939393939393939,0,0.0,0,0.0,2,0.058823529411764705,0,21,46.61904761904762,142.95238095238096,95.04761904761905,0,16.0,124.38888888888889,103.5,0,65.95238095238095,143.35238095238097,91.36190476190475,0,50.0,155.0,100.1875,5,57.4,153.6,81.4,0,8.5,110.0,96.0,4,34.0,110.0,108.75,0,20.5,134.0,104.0,0,23.0,135.1818181818182,104.0,0,24.5,112.0,104.375,0,52.25,144.0,106.5,0,59.0,165.0,119.10416666666667,0,22.1,130.4,98.5,0,66.28571428571429,187.5,114.6,1,105.0,208.0,239.0,0,48.0,150.0,103.0,0,-15.466666666666669,117.4,113.88888888888889,0,-30.214285714285715,116.0,120.0,0,-20.75,119.25,101.33333333333333,0,37.25,153.0,107.66666666666667,0,74.0,178.0,103.71428571428571,0,16.0,134.28571428571428,97.0,0,35.75,133.5,106.66666666666667,0,64.5,160.0,99.6875,0,10.5,131.16666666666666,104.33333333333333
100381,1095247,117.88888888888889,50.96127104365117,104.0,40.0,78.88709677419355,197.56355488956848,40.0,102.0,196.3548387096774,195.21246463162805,144.0,92.0,63,12.318,5.114466634193863,61.37359961032635,0.2903225806451613,0,0.0,6,0.09523809523809523,3,0.047619047619047616,0,32,92.40625,210.46875,115.65625,0,16.0,124.38888888888889,103.5,4,74.0,154.0,86.0,0,50.0,155.0,100.1875,10,20.0,131.9,88.4,0,8.5,110.0,96.0,7,54.285714285714285,142.85714285714286,123.57142857142857,0,20.5,134.0,104.0,0,23.0,135.1818181818182,104.0,0,24.5,112.0,104.375,0,52.25,144.0,106.5,0,59.0,165.0,119.10416666666667,0,22.1,130.4,98.5,0,66.28571428571429,187.5,114.6,2,80.5,172.5,207.5,0,48.0,150.0,103.0,0,-15.466666666666669,117.4,113.88888888888889,0,-30.214285714285715,116.0,120.0,0,-20.75,119.25,101.33333333333333,0,37.25,153.0,107.66666666666667,0,74.0,178.0,103.71428571428571,0,16.0,134.28571428571428,97.0,0,35.75,133.5,106.66666666666667,0,64.5,160.0,99.6875,0,10.5,131.16666666666666,104.33333333333333
100381,1095263,129.11111111111111,76.44137590740557,119.0,43.0,16.384615384615383,84.16150998712897,16.0,102.0,145.53846153846155,75.53869653731267,124.0,62.25,27,3.912,6.901840490797547,82.82208588957056,0.38461538461538464,0,0.0,3,0.1111111111111111,1,0.037037037037037035,0,14,-7.928571428571429,116.14285714285714,126.85714285714286,0,16.0,124.38888888888889,103.5,2,56.0,136.0,84.0,0,50.0,155.0,100.1875,4,-6.0,111.75,103.75,0,8.5,110.0,96.0,3,95.66666666666667,186.33333333333334,99.33333333333333,0,20.5,134.0,104.0,0,23.0,135.1818181818182,104.0,0,24.5,112.0,104.375,0,52.25,144.0,106.5,0,59.0,165.0,119.10416666666667,0,22.1,130.4,98.5,0,66.28571428571429,187.5,114.6,0,83.375,183.875,186.625,0,48.0,150.0,103.0,0,-15.466666666666669,117.4,113.88888888888889,0,-30.214285714285715,116.0,120.0,0,-20.75,119.25,101.33333333333333,0,37.25,153.0,107.66666666666667,0,74.0,178.0,103.71428571428571,0,16.0,134.28571428571428,97.0,0,35.75,133.5,106.66666666666667,0,64.5,160.0,99.6875,0,10.5,131.16666666666666,104.33333333333333
100381,1095276,119.2,40.9085565621668,119.0,24.0,31.358974358974358,70.68256491924613,25.0,84.0,149.51282051282053,64.45028765819586,144.0,84.0,40,5.991,6.676681689200468,80.12018027040561,0.3333333333333333,0,0.0,0,0.0,1,0.025,0,26,34.07692307692308,149.19230769230768,118.23076923076923,0,16.0,124.38888888888889,103.5,0,65.95238095238095,143.35238095238097,91.36190476190475,0,50.0,155.0,100.1875,6,18.333333333333332,143.16666666666666,91.0,0,8.5,110.0,96.0,6,51.166666666666664,142.16666666666666,114.16666666666667,0,20.5,134.0,104.0,0,23.0,135.1818181818182,104.0,0,24.5,112.0,104.375,0,52.25,144.0,106.5,0,59.0,165.0,119.10416666666667,0,22.1,130.4,98.5,0,66.28571428571429,187.5,114.6,0,83.375,183.875,186.625,0,48.0,150.0,103.0,0,-15.466666666666669,117.4,113.88888888888889,0,-30.214285714285715,116.0,120.0,0,-20.75,119.25,101.33333333333333,0,37.25,153.0,107.66666666666667,0,74.0,178.0,103.71428571428571,0,16.0,134.28571428571428,97.0,0,35.75,133.5,106.66666666666667,0,64.5,160.0,99.6875,0,10.5,131.16666666666666,104.33333333333333
100381,1095286,154.38095238095238,167.38591742280448,120.0,48.0,1.85,173.5990423360682,2.0,136.0,163.15,92.21131980402406,124.0,134.0,21,3.887,5.402624131721121,64.83148958065347,0.5,0,0.0,0,0.0,2,0.09523809523809523,0,11,37.09090909090909,154.9090909090909,120.36363636363636,0,16.0,124.38888888888889,103.5,0,65.95238095238095,143.35238095238097,91.36190476190475,0,50.0,155.0,100.1875,3,-14.666666666666666,114.66666666666667,98.33333333333333,0,8.5,110.0,96.0,3,59.0,157.33333333333334,125.33333333333333,0,20.5,134.0,104.0,0,23.0,135.1818181818182,104.0,0,24.5,112.0,104.375,0,52.25,144.0,106.5,0,59.0,165.0,119.10416666666667,0,22.1,130.4,98.5,0,66.28571428571429,187.5,114.6,0,83.375,183.875,186.625,0,48.0,150.0,103.0,0,-15.466666666666669,117.4,113.88888888888889,0,-30.214285714285715,116.0,120.0,0,-20.75,119.25,101.33333333333333,0,37.25,153.0,107.66666666666667,0,74.0,178.0,103.71428571428571,0,16.0,134.28571428571428,97.0,0,35.75,133.5,106.66666666666667,0,64.5,160.0,99.6875,0,10.5,131.16666666666666,104.33333333333333
100381,1095291,123.1159420289855,48.600273223984196,120.0,33.0,30.808823529411764,97.4697928097758,24.0,74.75,153.63235294117646,103.793049808652,135.5,64.25,69,10.59,6.515580736543909,78.18696883852692,0.3235294117647059,0,0.0,0,0.0,1,0.014492753623188406,2,39,15.128205128205128,144.23076923076923,130.56410256410257,0,16.0,124.38888888888889,103.5,0,65.95238095238095,143.35238095238097,91.36190476190475,0,50.0,155.0,100.1875,14,67.42857142857143,188.57142857142858,90.14285714285714,0,8.5,110.0,96.0,14,46.92857142857143,137.07142857142858,117.57142857142857,0,20.5,134.0,104.0,0,23.0,135.1818181818182,104.0,0,24.5,112.0,104.375,0,52.25,144.0,106.5,0,59.0,165.0,119.10416666666667,0,22.1,130.4,98.5,0,66.28571428571429,187.5,114.6,0,83.375,183.875,186.625,0,48.0,150.0,103.0,0,-15.466666666666669,117.4,113.88888888888889,0,-30.214285714285715,116.0,120.0,0,-20.75,119.25,101.33333333333333,0,37.25,153.0,107.66666666666667,0,74.0,178.0,103.71428571428571,0,16.0,134.28571428571428,97.0,0,35.75,133.5,106.66666666666667,0,64.5,160.0,99.6875,0,10.5,131.16666666666666,104.33333333333333
100381,1095319,114.80701754385964,41.564761811398476,104.0,24.0,29.267857142857142,80.13281187045233,28.0,73.0,143.55357142857142,75.39418309384189,124.5,58.0,57,8.183,6.965660515703288,83.58792618843945,0.32142857142857145,0,0.0,0,0.0,1,0.017543859649122806,0,33,30.0,144.36363636363637,120.15151515151516,0,16.0,124.38888888888889,103.5,0,65.95238095238095,143.35238095238097,91.36190476190475,0,50.0,155.0,100.1875,11,22.272727272727273,138.1818181818182,90.18181818181819,0,8.5,110.0,96.0,11,47.63636363636363,137.8181818181818,102.18181818181819,0,20.5,134.0,104.0,0,23.0,135.1818181818182,104.0,0,24.5,112.0,104.375,0,52.25,144.0,106.5,0,59.0,165.0,119.10416666666667,0,22.1,130.4,98.5,0,66.28571428571429,187.5,114.6,0,83.375,183.875,186.625,0,48.0,150.0,103.0,0,-15.466666666666669,117.4,113.88888888888889,0,-30.214285714285715,116.0,120.0,0,-20.75,119.25,101.33333333333333,0,37.25,153.0,107.66666666666667,0,74.0,178.0,103.71428571428571,0,16.0,134.28571428571428,97.0,0,35.75,133.5,106.66666666666667,0,64.5,160.0,99.6875,0,10.5,131.16666666666666,104.33333333333333
100381,1095344,116.02777777777777,54.31619674088992,104.0,29.0,20.542857142857144,78.35134891979219,17.0,78.0,137.65714285714284,69.80091806892877,136.0,52.5,36,4.896,7.352941176470589,88.23529411764707,0.45714285714285713,0,0.0,0,0.0,1,0.027777777777777776,0,24,27.5,137.75,114.70833333333333,0,16.0,124.38888888888889,103.5,0,65.95238095238095,143.35238095238097,91.36190476190475,0,50.0,155.0,100.1875,5,-6.6,110.2,97.0,0,8.5,110.0,96.0,5,47.2,144.2,87.0,0,20.5,134.0,104.0,0,23.0,135.1818181818182,104.0,0,24.5,112.0,104.375,0,52.25,144.0,106.5,0,59.0,165.0,119.10416666666667,0,22.1,130.4,98.5,0,66.28571428571429,187.5,114.6,0,83.375,183.875,186.625,0,48.0,150.0,103.0,0,-15.466666666666669,117.4,113.88888888888889,0,-30.214285714285715,116.0,120.0,0,-20.75,119.25,101.33333333333333,0,37.25,153.0,107.66666666666667,0,74.0,178.0,103.71428571428571,0,16.0,134.28571428571428,97.0,0,35.75,133.5,106.66666666666667,0,64.5,160.0,99.6875,0,10.5,131.16666666666666,104.33333333333333
100381,1095358,109.40625,51.989097039066756,104.0,40.0,54.774193548387096,82.94643031360054,48.0,72.5,163.06451612903226,79.84215697999072,144.0,80.0,32,5.199,6.155029813425659,73.86035776110792,0.22580645161290322,0,0.0,4,0.125,1,0.03125,0,19,40.05263157894737,147.31578947368422,106.47368421052632,0,16.0,124.38888888888889,103.5,3,66.66666666666667,138.66666666666666,85.33333333333333,0,50.0,155.0,100.1875,3,149.33333333333334,250.66666666666666,72.0,0,8.5,110.0,96.0,3,67.0,139.0,127.66666666666667,0,20.5,134.0,104.0,0,23.0,135.1818181818182,104.0,0,24.5,112.0,104.375,0,52.25,144.0,106.5,0,59.0,165.0,119.10416666666667,0,22.1,130.4,98.5,0,66.28571428571429,187.5,114.6,0,83.375,183.875,186.625,0,48.0,150.0,103.0,0,-15.466666666666669,117.4,113.88888888888889,0,-30.214285714285715,116.0,120.0,0,-20.75,119.25,101.33333333333333,0,37.25,153.0,107.66666666666667,0,74.0,178.0,103.71428571428571,0,16.0,134.28571428571428,97.0,0,35.75,133.5,106.66666666666667,0,64.5,160.0,99.6875,0,10.5,131.16666666666666,104.33333333333333
100381,1095370,140.88,100.8409916650962,120.0,40.0,24.25,74.63257220097223,32.0,94.75,165.33333333333334,91.409639656998,136.0,79.25,25,4.104,6.091617933723197,73.09941520467837,0.375,0,0.0,0,0.0,2,0.08,0,14,31.285714285714285,151.92857142857142,128.14285714285714,0,16.0,124.38888888888889,103.5,0,65.95238095238095,143.35238095238097,91.36190476190475,0,50.0,155.0,100.1875,4,48.0,180.25,90.0,0,8.5,110.0,96.0,3,42.666666666666664,122.66666666666667,122.66666666666667,0,20.5,134.0,104.0,0,23.0,135.1818181818182,104.0,0,24.5,112.0,104.375,0,52.25,144.0,106.5,0,59.0,165.0,119.10416666666667,0,22.1,130.4,98.5,0,66.28571428571429,187.5,114.6,1,64.0,184.0,200.0,0,48.0,150.0,103.0,0,-15.466666666666669,117.4,113.88888888888889,0,-30.214285714285715,116.0,120.0,0,-20.75,119.25,101.33333333333333,0,37.25,153.0,107.66666666666667,0,74.0,178.0,103.71428571428571,0,16.0,134.28571428571428,97.0,0,35.75,133.5,106.66666666666667,0,64.5,160.0,99.6875,0,10.5,131.16666666666666,104.33333333333333
100381,1095378,119.91891891891892,69.66381758066626,104.0,26.0,41.19444444444444,72.02076068145769,40.0,63.25,161.55555555555554,71.7783797704374,144.0,42.0,37,5.92,6.25,75.0,0.25,0,0.0,3,0.08108108108108109,1,0.02702702702702703,0,18,19.38888888888889,136.11111111111111,116.5,0,16.0,124.38888888888889,103.5,1,72.0,152.0,97.0,0,50.0,155.0,100.1875,7,28.571428571428573,139.42857142857142,99.28571428571429,0,8.5,110.0,96.0,5,56.0,150.2,119.4,0,20.5,134.0,104.0,0,23.0,135.1818181818182,104.0,0,24.5,112.0,104.375,0,52.25,144.0,106.5,0,59.0,165.0,119.10416666666667,0,22.1,130.4,98.5,0,66.28571428571429,187.5,114.6,0,83.375,183.875,186.625,0,48.0,150.0,103.0,0,-15.466666666666669,117.4,113.88888888888889,0,-30.214285714285715,116.0,120.0,0,-20.75,119.25,101.33333333333333,0,37.25,153.0,107.66666666666667,0,74.0,178.0,103.71428571428571,0,16.0,134.28571428571428,97.0,0,35.75,133.5,106.66666666666667,0,64.5,160.0,99.6875,0,10.5,131.16666666666666,104.33333333333333
100381,1095503,120.96,56.31552539042853,119.0,37.25,54.53061224489796,123.74646596327779,25.0,89.0,175.81632653061226,117.71128176981753,137.0,95.0,50,8.72,5.7339449541284395,68.80733944954127,0.30612244897959184,0,0.0,4,0.08,1,0.02,0,27,63.0,185.62962962962962,129.44444444444446,0,16.0,124.38888888888889,103.5,2,67.0,136.0,88.0,0,50.0,155.0,100.1875,8,-2.75,139.75,83.25,0,8.5,110.0,96.0,7,46.142857142857146,129.85714285714286,118.42857142857143,0,20.5,134.0,104.0,0,23.0,135.1818181818182,104.0,0,24.5,112.0,104.375,0,52.25,144.0,106.5,0,59.0,165.0,119.10416666666667,0,22.1,130.4,98.5,0,66.28571428571429,187.5,114.6,0,83.375,183.875,186.625,0,48.0,150.0,103.0,0,-15.466666666666669,117.4,113.88888888888889,0,-30.214285714285715,116.0,120.0,0,-20.75,119.25,101.33333333333333,0,37.25,153.0,107.66666666666667,0,74.0,178.0,103.71428571428571,0,16.0,134.28571428571428,97.0,0,35.75,133.5,106.66666666666667,0,64.5,160.0,99.6875,0,10.5,131.16666666666666,104.33333333333333
100397,1095327,128.8181818181818,127.98584309624975,109.0,31.25,149.7906976744186,323.6021500876867,71.0,107.0,278.0,298.059460276746,171.0,131.5,44,12.109,3.6336609133702207,43.603930960442646,0.16279069767441862,0,0.0,2,0.045454545454545456,2,0.045454545454545456,0,0,40.09090909090909,145.67857142857142,114.70833333333333,1,79.0,171.0,120.0,1,100.0,197.0,52.0,0,72.68181818181819,180.86363636363637,98.0,0,11.222222222222221,122.5,98.85714285714286,1,138.0,287.0,96.0,0,52.1,144.2,111.33333333333333,2,567.5,673.5,119.5,1,48.0,169.0,112.0,1,-12.0,84.0,136.0,1,41.0,160.0,138.0,3,114.33333333333333,225.33333333333334,90.0,0,38.94444444444445,122.55555555555554,96.44444444444444,1,168.0,285.0,90.0,0,158.0,270.0,249.75,0,53.7,156.0,111.9,1,45.0,140.0,92.0,1,62.0,198.0,95.0,0,14.0,148.66666666666666,122.66666666666667,0,63.5,160.0,93.16666666666667,1,45.0,165.0,116.0,0,79.0,187.5,79.0,0,53.285714285714285,148.0952380952381,110.6190476190476,0,107.0,176.0,110.0,0,42.5,133.375,95.25
100397,1095346,106.57142857142857,66.28220434056867,99.5,23.75,114.57971014492753,149.0850750018988,79.0,73.0,220.65217391304347,189.97664433773122,175.0,80.0,70,15.366,4.555512169725368,54.66614603670441,0.07246376811594203,0,0.0,3,0.04285714285714286,1,0.014285714285714285,0,0,40.09090909090909,145.67857142857142,114.70833333333333,2,105.5,198.5,111.5,1,96.0,177.0,76.0,0,72.68181818181819,180.86363636363637,98.0,0,11.222222222222221,122.5,98.85714285714286,1,24.0,118.0,67.0,0,52.1,144.2,111.33333333333333,1,72.0,188.0,92.0,0,38.5,145.21428571428572,115.5,1,361.0,428.0,104.0,0,42.333333333333336,160.83333333333334,120.33333333333333,4,67.75,170.25,98.25,3,62.333333333333336,140.66666666666666,93.33333333333333,0,100.3,212.65,89.7,0,158.0,270.0,249.75,1,79.0,183.0,105.0,1,31.0,118.0,114.0,1,147.0,251.0,90.0,0,14.0,148.66666666666666,122.66666666666667,0,63.5,160.0,93.16666666666667,0,36.625,149.0,116.25,1,61.0,147.0,90.0,3,84.0,177.66666666666666,113.33333333333333,0,107.0,176.0,110.0,1,74.0,164.0,109.0
100397,1095368,123.76470588235294,104.83574233996876,100.0,26.0,53.24242424242424,131.57922611734043,39.0,70.0,176.5151515151515,118.1878630932669,150.0,92.0,34,6.024,5.644090305444887,67.72908366533864,0.21212121212121213,0,0.0,1,0.029411764705882353,3,0.08823529411764706,0,0,40.09090909090909,145.67857142857142,114.70833333333333,3,49.666666666666664,140.33333333333334,105.33333333333333,0,104.67708333333333,184.10416666666666,76.32291666666667,1,121.0,220.0,79.0,0,11.222222222222221,122.5,98.85714285714286,0,87.97619047619047,189.2619047619048,81.83333333333334,0,52.1,144.2,111.33333333333333,0,78.13636363636364,200.75757575757578,109.04545454545455,1,48.0,130.0,99.0,1,77.0,159.0,105.0,0,42.333333333333336,160.83333333333334,120.33333333333333,2,34.5,143.5,106.0,0,38.94444444444445,122.55555555555554,96.44444444444444,0,100.3,212.65,89.7,1,151.0,249.0,144.0,0,53.7,156.0,111.9,1,39.0,119.0,102.0,0,68.625,177.5,95.125,1,30.0,180.0,101.0,0,63.5,160.0,93.16666666666667,0,36.625,149.0,116.25,0,79.0,187.5,79.0,1,17.0,93.0,100.0,0,107.0,176.0,110.0,0,42.5,133.375,95.25
100397,1095376,93.27450980392157,31.94423967304778,94.0,31.5,77.08,115.6221155315885,37.5,84.0,170.0,117.50591474474805,132.5,73.75,51,8.611,5.922657066542794,71.07188479851352,0.14,0,0.0,3,0.058823529411764705,1,0.0196078431372549,0,0,40.09090909090909,145.67857142857142,114.70833333333333,4,33.5,111.5,109.25,2,101.0,168.5,69.0,2,45.5,146.5,86.5,0,11.222222222222221,122.5,98.85714285714286,3,121.33333333333333,216.33333333333334,73.33333333333333,0,52.1,144.2,111.33333333333333,3,47.0,149.66666666666666,106.0,1,31.0,152.0,110.0,1,7.0,64.0,58.0,1,50.0,127.0,108.0,1,-11.0,109.0,117.0,0,38.94444444444445,122.55555555555554,96.44444444444444,2,103.0,213.0,86.0,0,158.0,270.0,249.75,0,53.7,156.0,111.9,1,37.0,111.0,96.0,0,68.625,177.5,95.125,0,14.0,148.66666666666666,122.66666666666667,2,71.0,151.0,74.0,1,22.0,132.0,111.0,0,79.0,187.5,79.0,0,53.285714285714285,148.0952380952381,110.6190476190476,0,107.0,176.0,110.0,0,42.5,133.375,95.25
100397,1095386,112.8529411764706,73.82376962698204,98.5,36.5,108.78787878787878,208.22813211617535,53.0,74.0,222.72727272727272,207.45182321003603,145.0,89.0,34,7.427,4.577891477043221,54.93469772451865,0.18181818181818182,0,0.0,1,0.029411764705882353,1,0.029411764705882353,2,0,40.09090909090909,145.67857142857142,114.70833333333333,2,39.0,127.0,111.5,0,104.67708333333333,184.10416666666666,76.32291666666667,1,53.0,145.0,116.0,0,11.222222222222221,122.5,98.85714285714286,0,87.97619047619047,189.2619047619048,81.83333333333334,0,52.1,144.2,111.33333333333333,1,41.0,127.0,107.0,2,100.5,217.5,118.5,1,24.0,100.0,80.0,1,-11.0,137.0,118.0,1,-23.0,91.0,84.0,0,38.94444444444445,122.55555555555554,96.44444444444444,1,98.0,207.0,70.0,0,158.0,270.0,249.75,0,53.7,156.0,111.9,0,39.2,122.0,100.4,0,68.625,177.5,95.125,0,14.0,148.66666666666666,122.66666666666667,0,63.5,160.0,93.16666666666667,0,36.625,149.0,116.25,0,79.0,187.5,79.0,0,53.285714285714285,148.0952380952381,110.6190476190476,0,107.0,176.0,110.0,1,33.0,118.0,77.0
100397,1095394,106.18181818181819,24.09854081519227,103.5,23.75,66.13953488372093,85.30126676322911,54.0,84.0,171.67441860465115,81.55230050516806,152.0,69.0,44,7.516,5.854177754124534,70.25013304949442,0.18604651162790697,0,0.0,0,0.0,1,0.022727272727272728,1,0,40.09090909090909,145.67857142857142,114.70833333333333,2,45.0,124.5,99.5,0,104.67708333333333,184.10416666666666,76.32291666666667,1,43.0,129.0,118.0,0,11.222222222222221,122.5,98.85714285714286,0,87.97619047619047,189.2619047619048,81.83333333333334,0,52.1,144.2,111.33333333333333,1,-20.0,85.0,114.0,0,38.5,145.21428571428572,115.5,1,71.0,152.0,66.0,1,31.0,141.0,123.0,0,34.01190476190476,148.29761904761904,100.53571428571429,1,42.0,134.0,86.0,0,100.3,212.65,89.7,0,158.0,270.0,249.75,1,19.0,142.0,110.0,0,39.2,122.0,100.4,0,68.625,177.5,95.125,0,14.0,148.66666666666666,122.66666666666667,0,63.5,160.0,93.16666666666667,2,71.5,171.0,102.0,0,79.0,187.5,79.0,1,39.0,157.0,104.0,0,107.0,176.0,110.0,0,42.5,133.375,95.25
100397,1095407,110.3076923076923,61.761494869543995,102.5,36.5,97.31372549019608,161.21043246980364,54.0,92.5,207.31372549019608,144.1843169786205,161.0,100.5,52,10.699,4.860267314702309,58.32320777642771,0.17647058823529413,0,0.0,3,0.057692307692307696,2,0.038461538461538464,0,0,40.09090909090909,145.67857142857142,114.70833333333333,0,48.65972222222222,133.84027777777777,108.81944444444444,1,113.0,196.0,55.0,1,128.0,224.0,84.0,0,11.222222222222221,122.5,98.85714285714286,0,87.97619047619047,189.2619047619048,81.83333333333334,0,52.1,144.2,111.33333333333333,2,130.0,299.5,133.0,0,38.5,145.21428571428572,115.5,1,7.0,105.0,56.0,0,42.333333333333336,160.83333333333334,120.33333333333333,2,48.5,181.0,96.5,2,12.5,93.0,110.0,1,36.0,161.0,107.0,0,158.0,270.0,249.75,0,53.7,156.0,111.9,0,39.2,122.0,100.4,0,68.625,177.5,95.125,0,14.0,148.66666666666666,122.66666666666667,1,51.0,159.0,106.0,0,36.625,149.0,116.25,0,79.0,187.5,79.0,1,139.0,156.0,102.0,0,107.0,176.0,110.0,0,42.5,133.375,95.25
100397,1095423,105.16,45.893075730441076,94.5,35.25,89.55102040816327,87.69964075613244,67.0,95.0,194.83673469387756,82.87693038076263,170.0,83.0,50,9.646,5.183495749533485,62.201948994401825,0.10204081632653061,0,0.0,0,0.0,2,0.04,0,0,40.09090909090909,145.67857142857142,114.70833333333333,1,46.0,121.0,102.0,0,104.67708333333333,184.10416666666666,76.32291666666667,1,-12.0,98.0,88.0,0,11.222222222222221,122.5,98.85714285714286,1,24.0,112.0,92.0,0,52.1,144.2,111.33333333333333,1,6.0,147.0,86.0,0,38.5,145.21428571428572,115.5,1,-31.0,61.0,75.0,0,42.333333333333336,160.83333333333334,120.33333333333333,0,34.01190476190476,148.29761904761904,100.53571428571429,0,38.94444444444445,122.55555555555554,96.44444444444444,1,65.0,160.0,74.0,1,215.0,332.0,365.0,2,60.5,160.0,114.5,0,39.2,122.0,100.4,2,32.5,117.5,109.5,0,14.0,148.66666666666666,122.66666666666667,2,68.5,170.0,99.5,0,36.625,149.0,116.25,0,79.0,187.5,79.0,0,53.285714285714285,148.0952380952381,110.6190476190476,1,107.0,176.0,110.0,2,53.0,162.5,102.0
100397,1095439,99.25,33.67893753272708,98.0,31.25,179.65217391304347,265.9840807095911,67.0,147.5,277.9130434782609,249.42488858824612,165.0,175.5,24,6.514,3.6843721215842797,44.212465459011355,0.08695652173913043,0,0.0,0,0.0,1,0.041666666666666664,0,0,40.09090909090909,145.67857142857142,114.70833333333333,1,68.0,155.0,100.0,0,104.67708333333333,184.10416666666666,76.32291666666667,0,72.68181818181819,180.86363636363637,98.0,0,11.222222222222221,122.5,98.85714285714286,0,87.97619047619047,189.2619047619048,81.83333333333334,0,52.1,144.2,111.33333333333333,0,78.13636363636364,200.75757575757578,109.04545454545455,0,38.5,145.21428571428572,115.5,1,7.0,93.0,96.0,0,42.333333333333336,160.83333333333334,120.33333333333333,0,34.01190476190476,148.29761904761904,100.53571428571429,0,38.94444444444445,122.55555555555554,96.44444444444444,2,367.0,461.5,78.0,1,98.0,220.0,211.0,1,51.0,125.0,122.0,0,39.2,122.0,100.4,0,68.625,177.5,95.125,0,14.0,148.66666666666666,122.66666666666667,0,63.5,160.0,93.16666666666667,0,36.625,149.0,116.25,0,79.0,187.5,79.0,0,53.285714285714285,148.0952380952381,110.6190476190476,0,107.0,176.0,110.0,0,42.5,133.375,95.25
100397,1095446,104.1219512195122,57.366258087175694,89.0,35.0,153.225,258.8359989935712,73.5,108.0,256.275,250.95935801440038,175.5,132.25,41,10.398,3.9430659742258127,47.31679169070975,0.125,0,0.0,5,0.12195121951219512,2,0.04878048780487805,0,0,40.09090909090909,145.67857142857142,114.70833333333333,0,48.65972222222222,133.84027777777777,108.81944444444444,3,159.66666666666666,233.33333333333334,88.33333333333333,1,57.0,183.0,88.0,0,11.222222222222221,122.5,98.85714285714286,2,290.5,385.5,58.5,0,52.1,144.2,111.33333333333333,3,13.0,139.66666666666666,111.0,1,-11.0,88.0,95.0,0,44.833333333333336,128.83333333333334,87.41666666666667,0,42.333333333333336,160.83333333333334,120.33333333333333,0,34.01190476190476,148.29761904761904,100.53571428571429,0,38.94444444444445,122.55555555555554,96.44444444444444,1,56.0,173.0,82.0,0,158.0,270.0,249.75,0,53.7,156.0,111.9,0,39.2,122.0,100.4,0,68.625,177.5,95.125,1,50.0,138.0,116.0,0,63.5,160.0,93.16666666666667,0,36.625,149.0,116.25,0,79.0,187.5,79.0,0,53.285714285714285,148.0952380952381,110.6190476190476,0,107.0,176.0,110.0,1,10.0,89.0,93.0
100397,1095459,99.42105263157895,40.458316157007665,91.5,29.75,208.02702702702703,289.349081839621,119.0,210.0,308.2162162162162,276.0199890073705,209.0,184.0,38,11.475,3.3115468409586057,39.73856209150327,0.08108108108108109,0,0.0,5,0.13157894736842105,2,0.05263157894736842,0,0,40.09090909090909,145.67857142857142,114.70833333333333,2,36.0,114.0,96.0,1,93.0,170.0,99.0,0,72.68181818181819,180.86363636363637,98.0,0,11.222222222222221,122.5,98.85714285714286,0,87.97619047619047,189.2619047619048,81.83333333333334,0,52.1,144.2,111.33333333333333,0,78.13636363636364,200.75757575757578,109.04545454545455,1,-12.0,102.0,117.0,1,27.0,118.0,95.0,0,42.333333333333336,160.83333333333334,120.33333333333333,0,34.01190476190476,148.29761904761904,100.53571428571429,0,38.94444444444445,122.55555555555554,96.44444444444444,0,100.3,212.65,89.7,1,168.0,279.0,279.0,0,53.7,156.0,111.9,0,39.2,122.0,100.4,0,68.625,177.5,95.125,0,14.0,148.66666666666666,122.66666666666667,0,63.5,160.0,93.16666666666667,0,36.625,149.0,116.25,0,79.0,187.5,79.0,0,53.285714285714285,148.0952380952381,110.6190476190476,0,107.0,176.0,110.0,0,42.5,133.375,95.25
100397,1095476,102.55882352941177,31.345504581031175,100.0,48.0,121.75757575757575,138.95825191740587,89.0,108.0,222.96969696969697,136.9048519069567,199.0,148.0,34,7.505,4.530313124583611,54.363757495003334,0.15151515151515152,0,0.0,1,0.029411764705882353,0,0.0,0,0,40.09090909090909,145.67857142857142,114.70833333333333,1,30.0,100.0,113.0,0,104.67708333333333,184.10416666666666,76.32291666666667,2,239.0,354.0,115.5,0,11.222222222222221,122.5,98.85714285714286,1,-15.0,98.0,87.0,0,52.1,144.2,111.33333333333333,1,-12.0,121.0,135.0,0,38.5,145.21428571428572,115.5,1,21.0,108.0,70.0,0,42.333333333333336,160.83333333333334,120.33333333333333,0,34.01190476190476,148.29761904761904,100.53571428571429,0,38.94444444444445,122.55555555555554,96.44444444444444,1,92.0,224.0,132.0,0,158.0,270.0,249.75,0,53.7,156.0,111.9,0,39.2,122.0,100.4,0,68.625,177.5,95.125,1,-38.0,128.0,151.0,0,63.5,160.0,93.16666666666667,0,36.625,149.0,116.25,0,79.0,187.5,79.0,1,89.0,221.0,136.0,0,107.0,176.0,110.0,0,42.5,133.375,95.25
100397,1095481,122.97222222222223,74.21009444330299,111.0,31.0,73.85714285714286,110.67975498376072,63.0,87.0,196.54285714285714,109.68535332802587,167.0,84.5,36,7.012,5.13405590416429,61.60867084997148,0.22857142857142856,0,0.0,5,0.1388888888888889,1,0.027777777777777776,0,0,40.09090909090909,145.67857142857142,114.70833333333333,1,23.0,120.0,122.0,4,87.75,164.0,79.75,1,76.0,177.0,107.0,0,11.222222222222221,122.5,98.85714285714286,0,87.97619047619047,189.2619047619048,81.83333333333334,0,52.1,144.2,111.33333333333333,1,-13.0,125.0,101.0,0,38.5,145.21428571428572,115.5,0,44.833333333333336,128.83333333333334,87.41666666666667,0,42.333333333333336,160.83333333333334,120.33333333333333,0,34.01190476190476,148.29761904761904,100.53571428571429,0,38.94444444444445,122.55555555555554,96.44444444444444,0,100.3,212.65,89.7,0,158.0,270.0,249.75,0,53.7,156.0,111.9,0,39.2,122.0,100.4,0,68.625,177.5,95.125,0,14.0,148.66666666666666,122.66666666666667,0,63.5,160.0,93.16666666666667,0,36.625,149.0,116.25,0,79.0,187.5,79.0,1,-11.0,106.0,108.0,0,107.0,176.0,110.0,0,42.5,133.375,95.25
100397,1095491,109.9375,59.3437746840391,96.5,30.75,131.87234042553192,314.2400909604992,59.0,78.5,242.4468085106383,309.97829769679987,157.0,85.0,48,11.475,4.183006535947713,50.19607843137255,0.1276595744680851,0,0.0,3,0.0625,2,0.041666666666666664,1,0,40.09090909090909,145.67857142857142,114.70833333333333,4,29.25,123.25,115.75,2,87.0,167.0,91.5,1,10.0,167.0,75.0,0,11.222222222222221,122.5,98.85714285714286,1,33.0,108.0,99.0,0,52.1,144.2,111.33333333333333,0,78.13636363636364,200.75757575757578,109.04545454545455,1,65.0,158.0,157.0,2,-21.0,74.0,108.0,1,111.0,247.0,111.0,0,34.01190476190476,148.29761904761904,100.53571428571429,0,38.94444444444445,122.55555555555554,96.44444444444444,1,80.0,158.0,76.0,0,158.0,270.0,249.75,1,59.0,170.0,108.0,1,44.0,122.0,98.0,2,33.0,143.5,86.0,0,14.0,148.66666666666666,122.66666666666667,0,63.5,160.0,93.16666666666667,1,8.0,128.0,136.0,0,79.0,187.5,79.0,0,53.285714285714285,148.0952380952381,110.6190476190476,0,107.0,176.0,110.0,0,42.5,133.375,95.25
100397,1095506,114.26923076923077,22.447473204225858,116.5,20.0,50.92,72.962960466253,39.0,74.0,164.04,68.74618825796817,146.0,74.0,26,4.244,6.126295947219605,73.51555136663525,0.12,0,0.0,0,0.0,1,0.038461538461538464,0,0,40.09090909090909,145.67857142857142,114.70833333333333,0,48.65972222222222,133.84027777777777,108.81944444444444,0,104.67708333333333,184.10416666666666,76.32291666666667,1,39.0,146.0,121.0,0,11.222222222222221,122.5,98.85714285714286,0,87.97619047619047,189.2619047619048,81.83333333333334,0,52.1,144.2,111.33333333333333,1,28.0,153.0,95.0,0,38.5,145.21428571428572,115.5,0,44.833333333333336,128.83333333333334,87.41666666666667,1,32.0,153.0,124.0,1,7.0,118.0,112.0,0,38.94444444444445,122.55555555555554,96.44444444444444,1,-62.0,84.0,102.0,0,158.0,270.0,249.75,0,53.7,156.0,111.9,0,39.2,122.0,100.4,0,68.625,177.5,95.125,0,14.0,148.66666666666666,122.66666666666667,0,63.5,160.0,93.16666666666667,0,36.625,149.0,116.25,1,97.0,228.0,68.0,1,16.0,126.0,111.0,0,107.0,176.0,110.0,0,42.5,133.375,95.25
100446,1095906,73.34615384615384,23.3319561441983,72.0,32.0,10.843137254901961,44.007295540010944,1.0,48.0,83.58823529411765,34.190456454573514,80.0,44.0,52,4.367,11.907487978016945,142.88985573620334,0.37254901960784315,0,0.0,2,0.038461538461538464,1,0.019230769230769232,0,0,40.09090909090909,145.67857142857142,114.70833333333333,1,1.0,65.0,63.0,1,56.0,96.0,56.0,1,-16.0,72.0,88.0,0,11.222222222222221,122.5,98.85714285714286,1,0.0,88.0,64.0,0,52.1,144.2,111.33333333333333,1,0.0,73.0,95.0,3,0.3333333333333333,75.0,61.0,1,-8.0,56.0,64.0,0,-43.75,55.25,84.25,1,1.0,96.0,87.0,0,-19.5625,59.0625,72.3125,0,-8.6,66.0,74.86666666666666,0,-9.375,76.0625,127.0,0,42.611111111111114,122.11111111111111,87.77777777777777,0,20.666666666666664,92.5,68.66666666666666,1,-25.0,56.0,80.0,0,32.333333333333336,101.16666666666667,65.33333333333333,0,-7.5,86.16666666666667,79.16666666666667,0,5.333333333333333,81.16666666666667,76.66666666666667,0,10.666666666666666,88.0,66.33333333333333,0,9.8,84.9,76.7,0,7.0,78.8,78.5,2,4.0,80.5,63.5
100446,1095916,78.13157894736842,34.294522389559205,71.5,16.75,95.32432432432432,400.07209175037,16.0,80.0,173.6216216216216,420.7897562821188,88.0,76.0,38,6.496,5.84975369458128,70.19704433497536,0.32432432432432434,0,0.0,3,0.07894736842105263,2,0.05263157894736842,0,0,40.09090909090909,145.67857142857142,114.70833333333333,0,1.923611111111111,76.06944444444444,71.08333333333333,2,59.5,108.0,56.0,1,1.0,88.0,71.0,0,11.222222222222221,122.5,98.85714285714286,0,-5.5,79.5,82.875,0,52.1,144.2,111.33333333333333,1,16.0,80.0,80.0,1,1.0,65.0,87.0,0,2.5555555555555554,81.66666666666667,66.77777777777777,0,-43.75,55.25,84.25,0,4.571428571428571,88.0,85.85714285714286,0,-19.5625,59.0625,72.3125,0,-8.6,66.0,74.86666666666666,0,-9.375,76.0625,127.0,0,42.611111111111114,122.11111111111111,87.77777777777777,1,64.0,128.0,72.0,0,-8.0,64.2,83.0,0,32.333333333333336,101.16666666666667,65.33333333333333,0,-7.5,86.16666666666667,79.16666666666667,0,5.333333333333333,81.16666666666667,76.66666666666667,0,10.666666666666666,88.0,66.33333333333333,0,9.8,84.9,76.7,1,-16.0,39.0,72.0,0,-1.3333333333333333,81.5,82.5
100446,1095923,76.79032258064517,28.483802469504454,72.0,30.75,24.901639344262296,64.82528977207785,1.0,64.0,102.0327868852459,61.517415157360986,88.0,64.0,62,6.28,9.872611464968152,118.47133757961784,0.29508196721311475,0,0.0,2,0.03225806451612903,3,0.04838709677419355,0,0,40.09090909090909,145.67857142857142,114.70833333333333,1,1.0,81.0,55.0,0,70.86734693877551,117.60544217687074,54.884353741496604,1,-24.0,47.0,80.0,0,11.222222222222221,122.5,98.85714285714286,0,-5.5,79.5,82.875,0,52.1,144.2,111.33333333333333,1,24.0,79.0,88.0,2,3.5,84.0,88.0,0,2.5555555555555554,81.66666666666667,66.77777777777777,1,-64.0,40.0,96.0,1,24.0,112.0,112.0,1,-24.0,55.0,64.0,0,-8.6,66.0,74.86666666666666,1,-56.0,39.0,152.0,0,42.611111111111114,122.11111111111111,87.77777777777777,0,20.666666666666664,92.5,68.66666666666666,1,-16.0,32.0,112.0,0,32.333333333333336,101.16666666666667,65.33333333333333,0,-7.5,86.16666666666667,79.16666666666667,0,5.333333333333333,81.16666666666667,76.66666666666667,1,8.0,79.0,40.0,1,1.0,73.0,87.0,0,7.0,78.8,78.5,0,-1.3333333333333333,81.5,82.5
100446,1095936,79.08823529411765,33.556683955097284,76.0,27.5,11.223880597014926,83.53600008567624,0.0,50.0,90.7910447761194,80.40894308942998,80.0,44.5,68,6.13,11.092985318107667,133.115823817292,0.3880597014925373,0,0.0,1,0.014705882352941176,3,0.04411764705882353,1,0,40.09090909090909,145.67857142857142,114.70833333333333,2,28.5,96.0,79.5,0,70.86734693877551,117.60544217687074,54.884353741496604,2,20.0,108.0,67.5,0,11.222222222222221,122.5,98.85714285714286,1,-32.0,39.0,96.0,0,52.1,144.2,111.33333333333333,2,2.0,89.5,70.0,2,0.5,64.0,59.5,2,-8.5,72.5,67.5,1,-52.0,43.0,92.0,1,0.0,89.0,65.0,1,-32.0,48.0,80.0,0,-8.6,66.0,74.86666666666666,1,-16.0,72.0,145.0,1,-24.0,87.0,88.0,0,20.666666666666664,92.5,68.66666666666666,1,0.0,73.0,72.0,0,32.333333333333336,101.16666666666667,65.33333333333333,1,-39.0,41.0,111.0,1,16.0,96.0,80.0,0,10.666666666666666,88.0,66.33333333333333,1,80.0,144.0,64.0,2,-1.0,84.0,76.5,0,-1.3333333333333333,81.5,82.5
100446,1095949,70.91428571428571,23.43303093446322,65.0,24.5,36.14705882352941,80.98879092846963,20.0,82.5,107.5,76.80006510413907,82.5,60.75,35,3.711,9.431420102398276,113.17704122877932,0.29411764705882354,0,0.0,1,0.02857142857142857,1,0.02857142857142857,0,0,40.09090909090909,145.67857142857142,114.70833333333333,0,1.923611111111111,76.06944444444444,71.08333333333333,0,70.86734693877551,117.60544217687074,54.884353741496604,1,47.0,103.0,81.0,0,11.222222222222221,122.5,98.85714285714286,1,-39.0,57.0,81.0,0,52.1,144.2,111.33333333333333,0,25.575757575757574,95.46969696969695,73.33333333333333,0,-1.9642857142857142,72.4047619047619,82.26190476190477,0,2.5555555555555554,81.66666666666667,66.77777777777777,0,-43.75,55.25,84.25,0,4.571428571428571,88.0,85.85714285714286,0,-19.5625,59.0625,72.3125,1,-24.0,40.0,56.0,0,-9.375,76.0625,127.0,0,42.611111111111114,122.11111111111111,87.77777777777777,0,20.666666666666664,92.5,68.66666666666666,0,-8.0,64.2,83.0,1,-23.0,67.0,72.0,0,-7.5,86.16666666666667,79.16666666666667,0,5.333333333333333,81.16666666666667,76.66666666666667,0,10.666666666666666,88.0,66.33333333333333,0,9.8,84.9,76.7,0,7.0,78.8,78.5,0,-1.3333333333333333,81.5,82.5
100446,1095956,76.22641509433963,28.016599870086427,72.0,24.0,20.615384615384617,63.65929560684569,0.0,59.25,96.92307692307692,59.276356083454935,80.0,49.0,53,5.112,10.36776212832551,124.4131455399061,0.3076923076923077,0,0.0,4,0.07547169811320754,1,0.018867924528301886,0,0,40.09090909090909,145.67857142857142,114.70833333333333,1,0.0,72.0,40.0,2,124.0,164.0,68.0,1,-15.0,56.0,96.0,0,11.222222222222221,122.5,98.85714285714286,1,38.0,127.0,89.0,0,52.1,144.2,111.33333333333333,1,1.0,81.0,47.0,3,10.333333333333334,79.33333333333333,69.66666666666667,0,2.5555555555555554,81.66666666666667,66.77777777777777,0,-43.75,55.25,84.25,1,0.0,96.0,80.0,0,-19.5625,59.0625,72.3125,1,-24.0,72.0,89.0,0,-9.375,76.0625,127.0,1,-24.0,48.0,96.0,0,20.666666666666664,92.5,68.66666666666666,1,0.0,80.0,88.0,1,88.0,160.0,88.0,0,-7.5,86.16666666666667,79.16666666666667,0,5.333333333333333,81.16666666666667,76.66666666666667,0,10.666666666666666,88.0,66.33333333333333,1,23.0,87.0,65.0,0,7.0,78.8,78.5,2,8.0,92.0,96.0
100446,1095967,82.0958904109589,25.651064430135236,80.0,32.0,16.875,61.82118872199078,1.0,58.25,99.0,51.926229723843164,94.5,45.5,73,7.208,10.127635960044396,121.53163152053273,0.2916666666666667,0,0.0,5,0.0684931506849315,4,0.0547945205479452,0,0,40.09090909090909,145.67857142857142,114.70833333333333,1,0.0,56.0,88.0,3,64.0,114.66666666666667,45.333333333333336,2,-8.0,107.5,96.0,0,11.222222222222221,122.5,98.85714285714286,1,16.0,104.0,112.0,0,52.1,144.2,111.33333333333333,1,24.0,72.0,81.0,1,0.0,64.0,96.0,1,0.0,112.0,56.0,1,-56.0,47.0,80.0,1,-17.0,56.0,97.0,1,-24.0,47.0,73.0,0,-8.6,66.0,74.86666666666666,2,28.0,108.0,136.0,1,1.0,113.0,143.0,0,20.666666666666664,92.5,68.66666666666666,0,-8.0,64.2,83.0,0,32.333333333333336,101.16666666666667,65.33333333333333,1,-64.0,96.0,112.0,0,5.333333333333333,81.16666666666667,76.66666666666667,0,10.666666666666666,88.0,66.33333333333333,1,32.0,88.0,96.0,1,40.0,75.0,88.0,0,-1.3333333333333333,81.5,82.5
100446,1095984,78.41463414634147,23.26200252453595,79.0,25.0,-2.35,40.884929986487684,1.0,25.75,76.0,32.810059433045836,65.0,34.25,41,3.121,13.136815123357898,157.64178148029475,0.425,0,0.0,0,0.0,3,0.07317073170731707,0,0,40.09090909090909,145.67857142857142,114.70833333333333,3,-5.0,68.33333333333333,77.0,0,70.86734693877551,117.60544217687074,54.884353741496604,2,0.0,67.5,92.0,0,11.222222222222221,122.5,98.85714285714286,1,-24.0,64.0,56.0,0,52.1,144.2,111.33333333333333,0,25.575757575757574,95.46969696969695,73.33333333333333,1,-24.0,47.0,88.0,1,1.0,57.0,79.0,0,-43.75,55.25,84.25,0,4.571428571428571,88.0,85.85714285714286,1,1.0,105.0,55.0,0,-8.6,66.0,74.86666666666666,1,-24.0,64.0,112.0,0,42.611111111111114,122.11111111111111,87.77777777777777,3,-22.666666666666668,57.0,65.33333333333333,1,1.0,80.0,63.0,1,-24.0,60.0,56.0,1,48.0,120.0,56.0,0,5.333333333333333,81.16666666666667,76.66666666666667,0,10.666666666666666,88.0,66.33333333333333,1,0.0,73.0,95.0,0,7.0,78.8,78.5,0,-1.3333333333333333,81.5,82.5
100446,1095990,76.45238095238095,23.289280572167982,71.5,25.5,3.2439024390243905,35.37449852289894,1.0,4.0,78.46341463414635,27.1617535632911,74.0,23.0,42,3.344,12.559808612440191,150.71770334928232,0.24390243902439024,0,0.0,0,0.0,2,0.047619047619047616,0,0,40.09090909090909,145.67857142857142,114.70833333333333,0,1.923611111111111,76.06944444444444,71.08333333333333,0,70.86734693877551,117.60544217687074,54.884353741496604,1,0.0,105.0,71.0,0,11.222222222222221,122.5,98.85714285714286,2,4.5,76.5,75.0,0,52.1,144.2,111.33333333333333,3,-3.6666666666666665,56.666666666666664,67.66666666666667,2,-7.5,68.0,87.5,0,2.5555555555555554,81.66666666666667,66.77777777777777,1,-64.0,32.0,68.0,0,4.571428571428571,88.0,85.85714285714286,0,-19.5625,59.0625,72.3125,3,-8.0,78.0,69.33333333333333,1,0.0,80.0,120.0,0,42.611111111111114,122.11111111111111,87.77777777777777,0,20.666666666666664,92.5,68.66666666666666,0,-8.0,64.2,83.0,0,32.333333333333336,101.16666666666667,65.33333333333333,0,-7.5,86.16666666666667,79.16666666666667,1,1.0,81.0,71.0,0,10.666666666666666,88.0,66.33333333333333,0,9.8,84.9,76.7,0,7.0,78.8,78.5,0,-1.3333333333333333,81.5,82.5
100446,1095995,76.07894736842105,25.871526290038965,72.0,29.75,36.891891891891895,71.43123088026269,16.0,84.0,113.10810810810811,69.7585735440973,88.0,72.0,38,4.256,8.928571428571429,107.14285714285714,0.2702702702702703,0,0.0,1,0.02631578947368421,1,0.02631578947368421,0,0,40.09090909090909,145.67857142857142,114.70833333333333,2,40.5,120.0,79.5,0,70.86734693877551,117.60544217687074,54.884353741496604,1,-24.0,56.0,89.0,0,11.222222222222221,122.5,98.85714285714286,0,-5.5,79.5,82.875,0,52.1,144.2,111.33333333333333,1,16.0,79.0,48.0,1,1.0,73.0,63.0,1,1.0,81.0,55.0,1,-19.0,53.0,67.0,0,4.571428571428571,88.0,85.85714285714286,1,-24.0,48.0,104.0,0,-8.6,66.0,74.86666666666666,0,-9.375,76.0625,127.0,1,0.0,67.0,80.0,0,20.666666666666664,92.5,68.66666666666666,0,-8.0,64.2,83.0,0,32.333333333333336,101.16666666666667,65.33333333333333,0,-7.5,86.16666666666667,79.16666666666667,1,-48.0,56.0,72.0,0,10.666666666666666,88.0,66.33333333333333,0,9.8,84.9,76.7,0,7.0,78.8,78.5,0,-1.3333333333333333,81.5,82.5
100446,1096004,77.8974358974359,37.60168768156957,71.0,32.0,10.394736842105264,48.8658418388035,1.0,46.25,88.63157894736842,39.790517947867386,87.0,26.75,39,3.433,11.360326245266531,136.32391494319836,0.2894736842105263,0,0.0,0,0.0,2,0.05128205128205128,0,0,40.09090909090909,145.67857142857142,114.70833333333333,1,1.0,89.0,71.0,0,70.86734693877551,117.60544217687074,54.884353741496604,2,-15.5,71.5,79.5,0,11.222222222222221,122.5,98.85714285714286,1,-40.0,56.0,96.0,0,52.1,144.2,111.33333333333333,0,25.575757575757574,95.46969696969695,73.33333333333333,1,1.0,64.0,87.0,2,12.0,83.5,76.5,0,-43.75,55.25,84.25,1,24.0,79.0,64.0,0,-19.5625,59.0625,72.3125,1,41.0,88.0,72.0,1,0.0,97.0,112.0,1,32.0,87.0,97.0,0,20.666666666666664,92.5,68.66666666666666,0,-8.0,64.2,83.0,1,1.0,89.0,56.0,0,-7.5,86.16666666666667,79.16666666666667,0,5.333333333333333,81.16666666666667,76.66666666666667,0,10.666666666666666,88.0,66.33333333333333,1,25.0,81.0,87.0,0,7.0,78.8,78.5,0,-1.3333333333333333,81.5,82.5
100446,1096017,77.09859154929578,20.351942101726834,73.0,24.0,23.042857142857144,55.93451163491763,10.0,80.5,100.1,51.61537700004856,95.5,54.25,71,7.087,10.018343445745732,120.22012134894878,0.3142857142857143,0,0.0,8,0.11267605633802817,1,0.014084507042253521,0,0,40.09090909090909,145.67857142857142,114.70833333333333,4,-11.0,75.25,83.0,7,59.42857142857143,115.42857142857143,57.142857142857146,3,-16.666666666666668,79.66666666666667,82.66666666666667,0,11.222222222222221,122.5,98.85714285714286,2,-7.5,72.5,87.5,0,52.1,144.2,111.33333333333333,1,209.0,312.0,79.0,1,25.0,113.0,128.0,2,16.5,104.0,92.5,1,-71.0,35.0,103.0,0,4.571428571428571,88.0,85.85714285714286,1,-31.0,41.0,71.0,0,-8.6,66.0,74.86666666666666,0,-9.375,76.0625,127.0,1,1.0,104.0,63.0,0,20.666666666666664,92.5,68.66666666666666,0,-8.0,64.2,83.0,0,32.333333333333336,101.16666666666667,65.33333333333333,1,24.0,92.0,64.0,1,-34.0,37.0,106.0,1,23.0,120.0,72.0,1,-24.0,72.0,81.0,0,7.0,78.8,78.5,0,-1.3333333333333333,81.5,82.5
100446,1096025,77.6140350877193,25.484604493187792,74.0,26.0,8.142857142857142,44.0269513932045,0.0,65.0,85.57142857142857,39.67990546812308,77.5,55.25,57,4.88,11.680327868852459,140.16393442622953,0.375,0,0.0,0,0.0,1,0.017543859649122806,0,0,40.09090909090909,145.67857142857142,114.70833333333333,3,-7.666666666666667,56.0,80.0,0,70.86734693877551,117.60544217687074,54.884353741496604,1,-32.0,56.0,104.0,0,11.222222222222221,122.5,98.85714285714286,2,-5.0,83.0,81.0,0,52.1,144.2,111.33333333333333,0,25.575757575757574,95.46969696969695,73.33333333333333,1,-23.0,80.0,96.0,2,8.0,89.0,71.5,1,0.0,128.0,104.0,1,0.0,88.0,96.0,1,-25.0,58.0,74.0,0,-8.6,66.0,74.86666666666666,0,-9.375,76.0625,127.0,2,-19.5,56.0,88.0,0,20.666666666666664,92.5,68.66666666666666,0,-8.0,64.2,83.0,0,32.333333333333336,101.16666666666667,65.33333333333333,2,-16.0,72.5,75.5,1,111.0,168.0,57.0,0,10.666666666666666,88.0,66.33333333333333,1,-16.0,95.0,57.0,0,7.0,78.8,78.5,0,-1.3333333333333333,81.5,82.5
100446,1096036,80.3804347826087,66.87835199097205,72.0,32.0,29.417582417582416,71.74788980073625,4.0,72.0,109.8021978021978,82.09833554017018,89.0,51.5,92,10.072,9.134233518665608,109.61080222398728,0.2857142857142857,0,0.0,11,0.11956521739130435,3,0.03260869565217391,0,0,40.09090909090909,145.67857142857142,114.70833333333333,4,-13.75,78.25,65.5,7,65.14285714285714,113.14285714285714,53.714285714285715,3,32.0,108.0,85.33333333333333,0,11.222222222222221,122.5,98.85714285714286,2,22.0,74.0,78.0,0,52.1,144.2,111.33333333333333,1,1.0,64.0,79.0,2,-8.0,68.0,72.0,0,2.5555555555555554,81.66666666666667,66.77777777777777,0,-43.75,55.25,84.25,0,4.571428571428571,88.0,85.85714285714286,2,2.5,70.5,57.5,2,-28.0,52.0,88.0,2,-8.0,59.5,144.0,1,416.0,472.0,80.0,0,20.666666666666664,92.5,68.66666666666666,0,-8.0,64.2,83.0,1,72.0,104.0,56.0,0,-7.5,86.16666666666667,79.16666666666667,0,5.333333333333333,81.16666666666667,76.66666666666667,0,10.666666666666666,88.0,66.33333333333333,1,1.0,89.0,63.0,2,28.0,116.0,68.0,0,-1.3333333333333333,81.5,82.5
100446,1096056,73.74358974358974,19.885206392380923,72.0,30.25,24.31168831168831,68.05407699653932,1.0,72.0,98.07792207792208,64.71571523424308,80.0,55.0,78,7.624,10.230849947534104,122.77019937040923,0.3246753246753247,0,0.0,4,0.05128205128205128,2,0.02564102564102564,0,0,40.09090909090909,145.67857142857142,114.70833333333333,2,-11.5,56.0,71.5,2,68.0,112.0,48.0,1,-32.0,23.0,112.0,0,11.222222222222221,122.5,98.85714285714286,1,1.0,113.0,79.0,0,52.1,144.2,111.33333333333333,1,-8.0,64.0,72.0,3,-7.666666666666667,69.33333333333333,69.0,1,1.0,80.0,39.0,1,-24.0,64.0,64.0,0,4.571428571428571,88.0,85.85714285714286,0,-19.5625,59.0625,72.3125,0,-8.6,66.0,74.86666666666666,1,1.0,89.0,95.0,1,1.0,65.0,55.0,0,20.666666666666664,92.5,68.66666666666666,0,-8.0,64.2,83.0,1,80.0,127.0,64.0,2,2.0,95.5,56.5,2,-14.0,49.0,74.0,1,1.0,65.0,87.0,1,-24.0,47.0,72.0,1,-16.0,80.0,88.0,1,-16.0,72.0,88.0
100461,1096101,139.69230769230768,59.873436533799065,128.0,69.5,15.12,109.05533274443758,-32.0,89.0,155.24,88.37749939888546,134.0,79.0,26,4.01,6.483790523690773,77.80548628428929,0.6,0,0.0,0,0.0,1,0.038461538461538464,0,0,40.09090909090909,145.67857142857142,114.70833333333333,1,16.0,101.0,132.0,0,109.75,201.125,68.125,1,-36.0,76.0,127.0,0,11.222222222222221,122.5,98.85714285714286,2,-35.0,115.0,122.5,0,52.1,144.2,111.33333333333333,1,-57.0,109.0,122.0,0,-28.428571428571427,96.42857142857143,117.57142857142857,1,-38.0,106.0,85.0,0,-69.64285714285714,72.85714285714286,167.07142857142858,1,439.0,504.0,179.0,0,-33.92857142857143,115.69047619047618,114.71428571428571,0,50.0,208.5,124.5,0,74.0375,182.4875,303.275,0,-6.5625,155.4375,129.75,0,-64.25,89.5,139.875,0,-53.6,91.2,142.0,0,-65.0,94.5,121.0,0,-88.5,81.58333333333333,161.33333333333334,0,108.0,213.5,154.5,1,-39.0,134.0,180.0,0,-9.5,100.5,185.5,0,-11.0,115.66666666666667,116.0,1,-32.0,100.0,65.0
100461,1096108,164.11111111111111,115.15177853062207,140.0,55.25,17.4,124.06109094198023,-22.0,139.5,181.28571428571428,139.98072753644573,135.0,93.0,36,6.595,5.458680818802123,65.50416982562548,0.5714285714285714,0,0.0,1,0.027777777777777776,3,0.08333333333333333,0,0,40.09090909090909,145.67857142857142,114.70833333333333,0,-46.0,106.5,115.4090909090909,0,109.75,201.125,68.125,0,6.833333333333333,134.16666666666666,121.83333333333333,0,11.222222222222221,122.5,98.85714285714286,0,-29.642857142857142,96.14285714285714,132.92857142857142,0,52.1,144.2,111.33333333333333,2,-41.0,114.5,117.5,1,-14.0,100.0,126.0,0,-34.0,97.28571428571429,119.42857142857143,0,-69.64285714285714,72.85714285714286,167.07142857142858,0,120.47619047619048,214.33333333333331,153.76190476190476,1,-48.0,100.0,117.0,0,50.0,208.5,124.5,1,31.0,146.0,278.0,1,-23.0,132.0,147.0,0,-64.25,89.5,139.875,0,-53.6,91.2,142.0,0,-65.0,94.5,121.0,1,-77.0,93.0,189.0,0,108.0,213.5,154.5,1,-35.0,135.0,155.0,0,-9.5,100.5,185.5,0,-11.0,115.66666666666667,116.0,0,-47.5,91.75,101.25
100461,1096120,137.28358208955223,38.22783465477106,135.0,43.0,24.5,134.105820947941,-13.0,109.25,162.53030303030303,124.87062634643344,130.5,82.75,67,10.815,6.195099398982895,74.34119278779474,0.5606060606060606,0,0.0,4,0.05970149253731343,4,0.05970149253731343,0,0,40.09090909090909,145.67857142857142,114.70833333333333,2,-48.5,104.0,113.0,2,110.0,200.5,79.5,1,-29.0,117.0,121.0,0,11.222222222222221,122.5,98.85714285714286,1,-67.0,54.0,122.0,0,52.1,144.2,111.33333333333333,2,-66.5,115.0,139.0,0,-28.428571428571427,96.42857142857143,117.57142857142857,1,-8.0,114.0,136.0,0,-69.64285714285714,72.85714285714286,167.07142857142858,0,120.47619047619048,214.33333333333331,153.76190476190476,1,-45.0,104.0,131.0,0,50.0,208.5,124.5,2,6.5,114.5,210.0,2,-30.5,107.0,155.5,1,-79.0,99.0,185.0,0,-53.6,91.2,142.0,0,-65.0,94.5,121.0,2,-76.0,79.0,137.5,0,108.0,213.5,154.5,2,23.0,158.5,147.0,0,-9.5,100.5,185.5,0,-11.0,115.66666666666667,116.0,0,-47.5,91.75,101.25
100461,1096139,148.8181818181818,62.73486998349267,134.0,47.0,7.71875,80.98928724490357,-18.5,97.75,157.46875,79.16477451137911,131.0,67.0,33,5.158,6.397828615742536,76.77394338891041,0.59375,0,0.0,0,0.0,3,0.09090909090909091,0,0,40.09090909090909,145.67857142857142,114.70833333333333,0,-46.0,106.5,115.4090909090909,0,109.75,201.125,68.125,0,6.833333333333333,134.16666666666666,121.83333333333333,0,11.222222222222221,122.5,98.85714285714286,0,-29.642857142857142,96.14285714285714,132.92857142857142,0,52.1,144.2,111.33333333333333,2,-41.5,109.5,136.5,0,-28.428571428571427,96.42857142857143,117.57142857142857,1,0.0,131.0,103.0,1,-81.0,29.0,201.0,0,120.47619047619048,214.33333333333331,153.76190476190476,0,-33.92857142857143,115.69047619047618,114.71428571428571,0,50.0,208.5,124.5,2,35.0,166.0,208.5,0,-6.5625,155.4375,129.75,1,-71.0,120.0,134.0,1,-34.0,69.0,191.0,1,-50.0,120.0,93.0,0,-88.5,81.58333333333333,161.33333333333334,0,108.0,213.5,154.5,0,-14.416666666666666,135.44444444444443,152.11111111111111,0,-9.5,100.5,185.5,1,-24.0,118.0,120.0,1,-52.0,83.0,115.0
100461,1096146,171.58064516129033,145.14637199327296,148.0,45.5,27.733333333333334,143.62890454996244,-32.5,135.75,199.8,158.71912298144795,152.5,154.0,31,6.151,5.039830921801333,60.477971061616,0.5333333333333333,0,0.0,0,0.0,3,0.0967741935483871,0,0,40.09090909090909,145.67857142857142,114.70833333333333,0,-46.0,106.5,115.4090909090909,0,109.75,201.125,68.125,0,6.833333333333333,134.16666666666666,121.83333333333333,0,11.222222222222221,122.5,98.85714285714286,0,-29.642857142857142,96.14285714285714,132.92857142857142,0,52.1,144.2,111.33333333333333,0,-47.38333333333333,109.15,125.98333333333332,1,-51.0,46.0,155.0,1,-50.0,68.0,118.0,2,-68.5,81.5,148.5,3,83.0,186.33333333333334,142.66666666666666,0,-33.92857142857143,115.69047619047618,114.71428571428571,0,50.0,208.5,124.5,1,266.0,421.0,326.0,1,175.0,369.0,117.0,1,-50.0,116.0,148.0,1,-34.0,84.0,166.0,1,-80.0,69.0,149.0,0,-88.5,81.58333333333333,161.33333333333334,0,108.0,213.5,154.5,0,-14.416666666666666,135.44444444444443,152.11111111111111,0,-9.5,100.5,185.5,0,-11.0,115.66666666666667,116.0,0,-47.5,91.75,101.25
100461,1096154,123.66,33.17807107111563,120.0,41.5,83.83673469387755,160.744866543072,47.0,155.0,207.9591836734694,145.77183165981026,164.0,109.0,50,10.291,4.858614323195025,58.30337187834029,0.3469387755102041,0,0.0,2,0.04,1,0.02,0,0,40.09090909090909,145.67857142857142,114.70833333333333,1,-27.0,147.0,105.0,1,100.0,215.0,69.0,0,6.833333333333333,134.16666666666666,121.83333333333333,0,11.222222222222221,122.5,98.85714285714286,0,-29.642857142857142,96.14285714285714,132.92857142857142,0,52.1,144.2,111.33333333333333,0,-47.38333333333333,109.15,125.98333333333332,1,-21.0,100.0,125.0,0,-34.0,97.28571428571429,119.42857142857143,1,-62.0,70.0,164.0,1,38.0,143.0,123.0,1,-30.0,160.0,100.0,0,50.0,208.5,124.5,0,74.0375,182.4875,303.275,1,-37.0,127.0,161.0,1,-34.0,78.0,100.0,0,-53.6,91.2,142.0,0,-65.0,94.5,121.0,0,-88.5,81.58333333333333,161.33333333333334,0,108.0,213.5,154.5,0,-14.416666666666666,135.44444444444443,152.11111111111111,0,-9.5,100.5,185.5,0,-11.0,115.66666666666667,116.0,0,-47.5,91.75,101.25
100461,1096167,167.67567567567568,199.60245002748815,137.0,60.0,30.194444444444443,119.84940074119974,1.5,136.5,199.30555555555554,194.71900258869397,153.5,81.0,37,7.291,5.074749691400356,60.896996296804275,0.4722222222222222,0,0.0,2,0.05405405405405406,1,0.02702702702702703,0,0,40.09090909090909,145.67857142857142,114.70833333333333,0,-46.0,106.5,115.4090909090909,1,100.0,184.0,69.0,1,115.0,284.0,138.0,0,11.222222222222221,122.5,98.85714285714286,0,-29.642857142857142,96.14285714285714,132.92857142857142,0,52.1,144.2,111.33333333333333,0,-47.38333333333333,109.15,125.98333333333332,0,-28.428571428571427,96.42857142857143,117.57142857142857,0,-34.0,97.28571428571429,119.42857142857143,2,-22.0,131.5,179.0,0,120.47619047619048,214.33333333333331,153.76190476190476,0,-33.92857142857143,115.69047619047618,114.71428571428571,1,-17.0,136.0,144.0,0,74.0375,182.4875,303.275,1,-54.0,107.0,122.0,0,-64.25,89.5,139.875,0,-53.6,91.2,142.0,0,-65.0,94.5,121.0,0,-88.5,81.58333333333333,161.33333333333334,1,280.0,407.0,176.0,0,-14.416666666666666,135.44444444444443,152.11111111111111,1,0.0,101.0,219.0,0,-11.0,115.66666666666667,116.0,0,-47.5,91.75,101.25
100461,1096174,159.1818181818182,151.05150727894,134.5,47.0,9.372093023255815,177.6823692364544,0.0,153.0,168.97674418604652,93.76157004501711,148.0,102.0,44,7.407,5.940326717969488,71.28392061563386,0.46511627906976744,0,0.0,1,0.022727272727272728,3,0.06818181818181818,0,0,40.09090909090909,145.67857142857142,114.70833333333333,1,0.0,135.0,68.0,0,109.75,201.125,68.125,1,31.0,151.0,125.0,0,11.222222222222221,122.5,98.85714285714286,2,-3.0,127.5,160.5,0,52.1,144.2,111.33333333333333,2,-26.5,110.5,106.5,0,-28.428571428571427,96.42857142857143,117.57142857142857,1,-54.0,85.0,135.0,0,-69.64285714285714,72.85714285714286,167.07142857142858,0,120.47619047619048,214.33333333333331,153.76190476190476,1,-48.0,100.0,84.0,0,50.0,208.5,124.5,2,43.0,135.0,680.5,1,-54.0,101.0,120.0,0,-64.25,89.5,139.875,0,-53.6,91.2,142.0,0,-65.0,94.5,121.0,1,-111.0,101.0,155.0,1,-7.0,104.0,132.0,0,-14.416666666666666,135.44444444444443,152.11111111111111,0,-9.5,100.5,185.5,1,15.0,162.0,116.0,1,-70.0,99.0,111.0
100461,1096185,123.87878787878788,46.3116960001418,119.0,34.0,-0.78125,70.95277230973784,-32.0,114.75,123.625,49.74733033038054,116.5,82.0,33,4.063,8.122077282795964,97.46492739355156,0.59375,0,0.0,0,0.0,2,0.06060606060606061,0,0,40.09090909090909,145.67857142857142,114.70833333333333,1,-55.0,64.0,121.0,0,109.75,201.125,68.125,0,6.833333333333333,134.16666666666666,121.83333333333333,0,11.222222222222221,122.5,98.85714285714286,1,-35.0,71.0,90.0,0,52.1,144.2,111.33333333333333,1,15.0,118.0,116.0,1,-21.0,123.0,109.0,0,-34.0,97.28571428571429,119.42857142857143,1,-47.0,97.0,133.0,1,121.0,237.0,138.0,0,-33.92857142857143,115.69047619047618,114.71428571428571,0,50.0,208.5,124.5,1,115.0,185.0,258.0,0,-6.5625,155.4375,129.75,0,-64.25,89.5,139.875,0,-53.6,91.2,142.0,0,-65.0,94.5,121.0,0,-88.5,81.58333333333333,161.33333333333334,1,32.0,103.0,151.0,1,-21.0,117.0,136.0,0,-9.5,100.5,185.5,0,-11.0,115.66666666666667,116.0,0,-47.5,91.75,101.25
100461,1096188,134.8181818181818,35.79745593250544,130.0,48.0,6.074074074074074,100.84400344864372,-17.5,70.5,141.5,90.38226432051647,116.5,81.0,55,7.743,7.103189978044686,85.23827973653623,0.5740740740740741,0,0.0,0,0.0,2,0.03636363636363636,0,0,40.09090909090909,145.67857142857142,114.70833333333333,2,-76.0,101.0,112.5,0,109.75,201.125,68.125,1,16.0,116.0,111.0,0,11.222222222222221,122.5,98.85714285714286,0,-29.642857142857142,96.14285714285714,132.92857142857142,0,52.1,144.2,111.33333333333333,0,-47.38333333333333,109.15,125.98333333333332,1,-13.0,107.0,100.0,0,-34.0,97.28571428571429,119.42857142857143,1,-109.0,44.0,180.0,3,68.33333333333333,183.0,137.66666666666666,2,3.5,99.5,97.0,1,117.0,281.0,105.0,1,-16.0,68.0,216.0,1,16.0,167.0,116.0,1,-63.0,101.0,163.0,0,-53.6,91.2,142.0,0,-65.0,94.5,121.0,1,-98.0,65.0,151.0,0,108.0,213.5,154.5,2,-9.5,133.5,128.0,1,-19.0,100.0,152.0,1,-24.0,67.0,112.0,0,-47.5,91.75,101.25
100461,1096197,179.1891891891892,232.60857248010976,133.0,67.0,32.611111111111114,264.42225046922556,89.0,233.0,213.41666666666666,130.28971456804342,184.0,140.75,37,7.804,4.741158380317786,56.89390056381343,0.3888888888888889,0,0.0,3,0.08108108108108109,2,0.05405405405405406,0,0,40.09090909090909,145.67857142857142,114.70833333333333,2,-52.0,121.0,106.0,1,129.0,205.0,55.0,0,6.833333333333333,134.16666666666666,121.83333333333333,0,11.222222222222221,122.5,98.85714285714286,0,-29.642857142857142,96.14285714285714,132.92857142857142,0,52.1,144.2,111.33333333333333,1,-115.0,84.0,133.0,0,-28.428571428571427,96.42857142857143,117.57142857142857,0,-34.0,97.28571428571429,119.42857142857143,0,-69.64285714285714,72.85714285714286,167.07142857142858,0,120.47619047619048,214.33333333333331,153.76190476190476,0,-33.92857142857143,115.69047619047618,114.71428571428571,0,50.0,208.5,124.5,0,74.0375,182.4875,303.275,0,-6.5625,155.4375,129.75,0,-64.25,89.5,139.875,1,-39.0,101.0,85.0,0,-65.0,94.5,121.0,1,-75.0,90.0,157.0,2,219.0,343.5,152.5,0,-14.416666666666666,135.44444444444443,152.11111111111111,0,-9.5,100.5,185.5,0,-11.0,115.66666666666667,116.0,0,-47.5,91.75,101.25
100461,1096208,160.6206896551724,159.30699354588242,121.0,55.0,-1.8214285714285714,63.44010311840192,-8.0,103.25,160.39285714285714,145.52082307690398,131.0,60.25,29,4.607,6.294768830041241,75.5372259604949,0.5357142857142857,0,0.0,0,0.0,1,0.034482758620689655,0,0,40.09090909090909,145.67857142857142,114.70833333333333,2,-87.0,105.0,115.5,0,109.75,201.125,68.125,0,6.833333333333333,134.16666666666666,121.83333333333333,0,11.222222222222221,122.5,98.85714285714286,0,-29.642857142857142,96.14285714285714,132.92857142857142,0,52.1,144.2,111.33333333333333,1,-68.0,101.0,131.0,0,-28.428571428571427,96.42857142857143,117.57142857142857,0,-34.0,97.28571428571429,119.42857142857143,0,-69.64285714285714,72.85714285714286,167.07142857142858,0,120.47619047619048,214.33333333333331,153.76190476190476,0,-33.92857142857143,115.69047619047618,114.71428571428571,0,50.0,208.5,124.5,0,74.0375,182.4875,303.275,0,-6.5625,155.4375,129.75,0,-64.25,89.5,139.875,1,-96.0,102.0,121.0,0,-65.0,94.5,121.0,0,-88.5,81.58333333333333,161.33333333333334,0,108.0,213.5,154.5,0,-14.416666666666666,135.44444444444443,152.11111111111111,0,-9.5,100.5,185.5,0,-11.0,115.66666666666667,116.0,1,-36.0,85.0,114.0
100461,1096212,139.05357142857142,78.85325875204096,133.0,39.5,40.36363636363637,131.97497884569754,15.0,158.0,179.43636363636364,129.43313663627308,141.0,86.0,56,10.007,5.596082742080544,67.15299290496651,0.43636363636363634,0,0.0,2,0.03571428571428571,1,0.017857142857142856,0,0,40.09090909090909,145.67857142857142,114.70833333333333,2,-50.0,85.5,119.0,0,109.75,201.125,68.125,1,-56.0,61.0,109.0,0,11.222222222222221,122.5,98.85714285714286,1,-53.0,56.0,152.0,0,52.1,144.2,111.33333333333333,1,-39.0,113.0,166.0,0,-28.428571428571427,96.42857142857143,117.57142857142857,1,-52.0,100.0,130.0,0,-69.64285714285714,72.85714285714286,167.07142857142858,1,15.0,85.0,195.0,3,-31.0,115.33333333333333,136.0,0,50.0,208.5,124.5,0,74.0375,182.4875,303.275,0,-6.5625,155.4375,129.75,1,-82.0,68.0,131.0,1,-65.0,100.0,147.0,0,-65.0,94.5,121.0,0,-88.5,81.58333333333333,161.33333333333334,0,108.0,213.5,154.5,3,-5.0,134.66666666666666,166.66666666666666,0,-9.5,100.5,185.5,0,-11.0,115.66666666666667,116.0,0,-47.5,91.75,101.25
100461,1096226,151.84745762711864,61.799241276490605,143.0,51.5,16.29310344827586,85.95327692709883,5.0,132.25,167.67241379310346,78.69526295410024,151.0,77.5,59,9.904,5.95718901453958,71.48626817447496,0.5,0,0.0,0,0.0,6,0.1016949152542373,0,0,40.09090909090909,145.67857142857142,114.70833333333333,2,-57.5,92.0,140.5,0,109.75,201.125,68.125,0,6.833333333333333,134.16666666666666,121.83333333333333,0,11.222222222222221,122.5,98.85714285714286,2,23.5,144.5,130.5,0,52.1,144.2,111.33333333333333,0,-47.38333333333333,109.15,125.98333333333332,1,-29.0,100.0,116.0,1,-36.0,77.0,129.0,1,-98.0,57.0,164.0,0,120.47619047619048,214.33333333333331,153.76190476190476,1,-39.0,131.0,138.0,0,50.0,208.5,124.5,5,111.8,224.4,249.2,2,-45.0,133.5,99.5,1,-57.0,64.0,106.0,0,-53.6,91.2,142.0,0,-65.0,94.5,121.0,2,-94.0,61.5,178.5,0,108.0,213.5,154.5,0,-14.416666666666666,135.44444444444443,152.11111111111111,0,-9.5,100.5,185.5,0,-11.0,115.66666666666667,116.0,0,-47.5,91.75,101.25
100461,1096237,150.02439024390245,37.8511125621054,151.0,34.0,15.15,120.5328897023547,-24.5,151.0,164.95,107.08336705576642,121.0,101.25,41,6.757,6.067781559863845,72.81337871836614,0.575,0,0.0,0,0.0,1,0.024390243902439025,0,0,40.09090909090909,145.67857142857142,114.70833333333333,1,-69.0,116.0,137.0,0,109.75,201.125,68.125,0,6.833333333333333,134.16666666666666,121.83333333333333,0,11.222222222222221,122.5,98.85714285714286,1,-38.0,105.0,153.0,0,52.1,144.2,111.33333333333333,3,-34.333333333333336,117.0,92.33333333333333,1,-50.0,99.0,92.0,0,-34.0,97.28571428571429,119.42857142857143,0,-69.64285714285714,72.85714285714286,167.07142857142858,1,79.0,162.0,161.0,0,-33.92857142857143,115.69047619047618,114.71428571428571,0,50.0,208.5,124.5,0,74.0375,182.4875,303.275,0,-6.5625,155.4375,129.75,1,-78.0,70.0,152.0,0,-53.6,91.2,142.0,0,-65.0,94.5,121.0,0,-88.5,81.58333333333333,161.33333333333334,1,16.0,110.0,161.0,0,-14.416666666666666,135.44444444444443,152.11111111111111,0,-9.5,100.5,185.5,0,-11.0,115.66666666666667,116.0,0,-47.5,91.75,101.25
100495,1096472,73.12631578947368,26.146648011094396,72.0,16.5,138.41489361702128,150.15349660976136,96.0,95.25,211.62765957446808,148.2655025113662,170.0,102.0,95,19.958,4.759995991582323,57.119951898987885,0.031914893617021274,0,0.0,10,0.10526315789473684,3,0.031578947368421054,1,0,40.09090909090909,145.67857142857142,114.70833333333333,3,72.33333333333333,132.33333333333334,65.33333333333333,5,125.6,187.8,59.6,2,192.0,254.0,68.5,0,11.222222222222221,122.5,98.85714285714286,1,45.0,120.0,83.0,0,52.1,144.2,111.33333333333333,2,40.5,122.5,73.0,3,79.33333333333333,127.66666666666667,68.66666666666667,2,100.0,177.0,72.5,0,66.0,143.88888888888889,89.55555555555556,2,30.5,102.5,76.5,2,56.5,127.0,63.5,0,160.875,239.0,84.0,2,217.0,278.0,157.0,0,233.0,299.5,63.0,0,140.875,208.5,66.5,1,91.0,174.0,54.0,0,136.85714285714286,213.78571428571428,69.42857142857143,0,108.0,172.75,79.0,0,196.56666666666666,272.0,78.83333333333334,1,86.0,165.0,49.0,1,105.0,180.0,74.0,0,88.4,156.0,72.0,0,79.4,156.4,75.3
100495,1096496,69.4,21.94875149769782,67.0,19.0,140.546875,145.3999795486037,98.0,93.75,209.859375,142.48309846999177,165.5,82.25,65,13.506,4.812675847771361,57.752110173256334,0.015625,0,0.0,10,0.15384615384615385,1,0.015384615384615385,1,0,40.09090909090909,145.67857142857142,114.70833333333333,1,31.0,94.0,67.0,7,110.14285714285714,169.42857142857142,55.42857142857143,2,50.0,118.5,59.5,0,11.222222222222221,122.5,98.85714285714286,1,110.0,189.0,81.0,0,52.1,144.2,111.33333333333333,1,40.0,74.0,54.0,3,74.66666666666667,129.66666666666666,69.0,0,49.052083333333336,121.29166666666667,72.47916666666667,0,66.0,143.88888888888889,89.55555555555556,1,69.0,132.0,63.0,0,43.42857142857143,120.57142857142857,69.42857142857143,1,81.0,142.0,83.0,0,171.5,241.66666666666666,260.1666666666667,1,118.0,186.0,63.0,0,140.875,208.5,66.5,1,93.0,173.0,89.0,1,134.0,207.0,61.0,1,51.0,119.0,68.0,0,196.56666666666666,272.0,78.83333333333334,0,51.0,132.83333333333334,65.33333333333333,2,101.0,176.5,60.5,0,88.4,156.0,72.0,2,105.0,190.5,67.5
100495,1096515,96.19354838709677,110.17388583356319,70.0,12.0,101.46666666666667,185.05093593086443,78.5,73.75,199.33333333333334,144.24824281617978,157.5,55.5,31,6.026,5.144374377696648,61.73249253235978,0.1,0,0.0,2,0.06451612903225806,2,0.06451612903225806,1,0,40.09090909090909,145.67857142857142,114.70833333333333,1,-36.0,20.0,70.0,1,85.0,151.0,67.0,0,106.18181818181819,178.6818181818182,71.5,0,11.222222222222221,122.5,98.85714285714286,0,61.01515151515151,134.5,76.39393939393939,0,52.1,144.2,111.33333333333333,1,21.0,99.0,68.0,1,8.0,73.0,72.0,0,49.052083333333336,121.29166666666667,72.47916666666667,0,66.0,143.88888888888889,89.55555555555556,0,62.675,132.85,80.175,0,43.42857142857143,120.57142857142857,69.42857142857143,0,160.875,239.0,84.0,1,72.0,148.0,659.0,0,233.0,299.5,63.0,0,140.875,208.5,66.5,0,101.33333333333333,162.83333333333334,65.33333333333333,0,136.85714285714286,213.78571428571428,69.42857142857143,0,108.0,172.75,79.0,0,196.56666666666666,272.0,78.83333333333334,0,51.0,132.83333333333334,65.33333333333333,0,100.6,171.3,69.7,0,88.4,156.0,72.0,0,79.4,156.4,75.3
100495,1096527,72.38356164383562,18.817530544889355,73.0,21.0,126.04166666666667,162.44036833216333,78.0,87.75,198.77777777777777,159.6775589727817,155.5,72.75,73,14.359,5.083919493000906,61.00703391601086,0.041666666666666664,0,0.0,2,0.0273972602739726,1,0.0136986301369863,0,0,40.09090909090909,145.67857142857142,114.70833333333333,3,26.333333333333332,98.66666666666667,67.0,0,101.04880952380951,159.99642857142857,59.76309523809524,1,-13.0,56.0,61.0,0,11.222222222222221,122.5,98.85714285714286,3,38.0,110.0,73.0,0,52.1,144.2,111.33333333333333,1,28.0,99.0,73.0,1,96.0,161.0,86.0,2,19.5,84.0,80.5,1,49.0,127.0,80.0,1,64.0,117.0,83.0,1,28.0,111.0,65.0,2,280.0,359.0,91.0,0,171.5,241.66666666666666,260.1666666666667,2,477.0,541.5,75.0,0,140.875,208.5,66.5,0,101.33333333333333,162.83333333333334,65.33333333333333,0,136.85714285714286,213.78571428571428,69.42857142857143,1,62.0,138.0,75.0,3,290.3333333333333,366.0,81.66666666666667,1,54.0,137.0,63.0,0,100.6,171.3,69.7,0,88.4,156.0,72.0,1,78.0,156.0,72.0
100495,1096552,75.29850746268657,16.2011745708089,73.0,15.5,123.36363636363636,143.77872691761317,85.5,77.5,199.0909090909091,142.81177772421051,160.5,73.0,67,13.187,5.080761355880792,60.9691362705695,0.030303030303030304,0,0.0,0,0.0,1,0.014925373134328358,0,0,40.09090909090909,145.67857142857142,114.70833333333333,3,42.666666666666664,115.66666666666667,75.66666666666667,0,101.04880952380951,159.99642857142857,59.76309523809524,2,65.5,136.0,84.5,0,11.222222222222221,122.5,98.85714285714286,2,26.0,110.5,87.0,0,52.1,144.2,111.33333333333333,2,45.5,114.0,60.0,1,31.0,118.0,71.0,3,79.0,164.33333333333334,73.0,3,90.0,164.66666666666666,78.66666666666667,1,114.0,186.0,100.0,2,45.5,131.5,66.5,0,160.875,239.0,84.0,0,171.5,241.66666666666666,260.1666666666667,0,233.0,299.5,63.0,1,132.0,197.0,62.0,1,111.0,161.0,67.0,2,141.5,225.0,72.0,1,96.0,185.0,103.0,2,99.5,174.5,77.0,1,44.0,144.0,65.0,0,100.6,171.3,69.7,1,69.0,132.0,72.0,1,46.0,113.0,65.0
100495,1096571,73.17073170731707,16.252433122195384,74.0,15.0,130.225,123.467705797913,93.0,83.75,203.3,123.9181584756649,168.5,70.75,41,8.209,4.994518211718845,59.934218540626134,0.025,0,0.0,0,0.0,1,0.024390243902439025,0,0,40.09090909090909,145.67857142857142,114.70833333333333,1,46.0,91.0,69.0,0,101.04880952380951,159.99642857142857,59.76309523809524,2,166.0,255.0,72.0,0,11.222222222222221,122.5,98.85714285714286,3,51.666666666666664,126.0,78.33333333333333,0,52.1,144.2,111.33333333333333,0,47.05,116.9,72.1,2,70.5,129.5,82.5,3,85.66666666666667,164.0,60.333333333333336,0,66.0,143.88888888888889,89.55555555555556,0,62.675,132.85,80.175,0,43.42857142857143,120.57142857142857,69.42857142857143,0,160.875,239.0,84.0,0,171.5,241.66666666666666,260.1666666666667,0,233.0,299.5,63.0,1,194.0,272.0,70.0,1,93.0,150.0,78.0,0,136.85714285714286,213.78571428571428,69.42857142857143,1,223.0,249.0,70.0,0,196.56666666666666,272.0,78.83333333333334,0,51.0,132.83333333333334,65.33333333333333,0,100.6,171.3,69.7,3,72.0,144.0,82.0,0,79.4,156.4,75.3
100495,1096582,72.5,20.257621087413302,69.0,18.0,156.63076923076923,149.219051086316,106.0,135.0,229.06153846153848,148.63283382194135,173.0,125.0,66,14.966,4.409995990912735,52.91995189095283,0.03076923076923077,0,0.0,10,0.15151515151515152,2,0.030303030303030304,0,0,40.09090909090909,145.67857142857142,114.70833333333333,0,34.91025641025641,101.7051282051282,71.13846153846154,5,102.8,165.0,59.8,1,90.0,170.0,77.0,0,11.222222222222221,122.5,98.85714285714286,1,109.0,170.0,72.0,0,52.1,144.2,111.33333333333333,2,67.5,135.5,79.0,3,79.0,147.66666666666666,65.0,1,8.0,80.0,70.0,0,66.0,143.88888888888889,89.55555555555556,4,95.75,163.0,84.25,0,43.42857142857143,120.57142857142857,69.42857142857143,0,160.875,239.0,84.0,1,186.0,247.0,205.0,0,233.0,299.5,63.0,0,140.875,208.5,66.5,0,101.33333333333333,162.83333333333334,65.33333333333333,2,188.0,257.0,69.0,0,108.0,172.75,79.0,0,196.56666666666666,272.0,78.83333333333334,1,36.0,97.0,74.0,1,106.0,173.0,66.0,1,100.0,155.0,62.0,0,79.4,156.4,75.3
100495,1096610,77.32142857142857,20.32601002837176,74.5,12.25,77.22222222222223,54.969576321704125,79.0,68.5,154.55555555555554,53.031320817553855,153.0,83.5,28,4.25,6.588235294117647,79.05882352941177,0.037037037037037035,0,0.0,1,0.03571428571428571,1,0.03571428571428571,0,0,40.09090909090909,145.67857142857142,114.70833333333333,1,8.0,94.0,74.0,0,101.04880952380951,159.99642857142857,59.76309523809524,1,68.0,139.0,59.0,0,11.222222222222221,122.5,98.85714285714286,1,28.0,87.0,75.0,0,52.1,144.2,111.33333333333333,0,47.05,116.9,72.1,1,91.0,156.0,79.0,0,49.052083333333336,121.29166666666667,72.47916666666667,0,66.0,143.88888888888889,89.55555555555556,0,62.675,132.85,80.175,0,43.42857142857143,120.57142857142857,69.42857142857143,0,160.875,239.0,84.0,0,171.5,241.66666666666666,260.1666666666667,0,233.0,299.5,63.0,0,140.875,208.5,66.5,0,101.33333333333333,162.83333333333334,65.33333333333333,2,124.5,210.5,69.0,0,108.0,172.75,79.0,1,111.0,190.0,84.0,0,51.0,132.83333333333334,65.33333333333333,0,100.6,171.3,69.7,0,88.4,156.0,72.0,0,79.4,156.4,75.3
100495,1096614,73.35555555555555,24.612693703819268,71.0,19.0,179.72727272727272,173.95915973641152,119.5,162.5,253.4318181818182,172.65749038950875,194.5,155.25,45,11.209,4.014631100008922,48.17557320010706,0.022727272727272728,0,0.0,2,0.044444444444444446,2,0.044444444444444446,0,0,40.09090909090909,145.67857142857142,114.70833333333333,2,52.5,119.5,74.0,0,101.04880952380951,159.99642857142857,59.76309523809524,0,106.18181818181819,178.6818181818182,71.5,0,11.222222222222221,122.5,98.85714285714286,1,126.0,197.0,49.0,0,52.1,144.2,111.33333333333333,1,142.0,206.0,71.0,0,68.22727272727273,135.1818181818182,76.06060606060606,1,-12.0,37.0,73.0,0,66.0,143.88888888888889,89.55555555555556,1,81.0,152.0,71.0,1,72.0,148.0,59.0,0,160.875,239.0,84.0,1,120.0,193.0,190.0,0,233.0,299.5,63.0,2,96.5,147.0,59.0,1,111.0,151.0,46.0,0,136.85714285714286,213.78571428571428,69.42857142857143,0,108.0,172.75,79.0,0,196.56666666666666,272.0,78.83333333333334,0,51.0,132.83333333333334,65.33333333333333,0,100.6,171.3,69.7,0,88.4,156.0,72.0,0,79.4,156.4,75.3
100495,1096632,86.03030303030303,49.61823030596769,75.0,15.0,106.8125,144.75376452358674,74.0,68.5,193.09375,136.65932994471143,157.5,65.5,33,6.257,5.274093015822279,63.28911618986735,0.09375,0,0.0,1,0.030303030303030304,2,0.06060606060606061,0,0,40.09090909090909,145.67857142857142,114.70833333333333,1,61.0,130.0,80.0,0,101.04880952380951,159.99642857142857,59.76309523809524,0,106.18181818181819,178.6818181818182,71.5,0,11.222222222222221,122.5,98.85714285714286,0,61.01515151515151,134.5,76.39393939393939,0,52.1,144.2,111.33333333333333,0,47.05,116.9,72.1,0,68.22727272727273,135.1818181818182,76.06060606060606,0,49.052083333333336,121.29166666666667,72.47916666666667,0,66.0,143.88888888888889,89.55555555555556,1,32.0,112.0,86.0,0,43.42857142857143,120.57142857142857,69.42857142857143,0,160.875,239.0,84.0,0,171.5,241.66666666666666,260.1666666666667,0,233.0,299.5,63.0,0,140.875,208.5,66.5,1,109.0,168.0,58.0,1,119.0,190.0,62.0,0,108.0,172.75,79.0,0,196.56666666666666,272.0,78.83333333333334,0,51.0,132.83333333333334,65.33333333333333,1,91.0,162.0,72.0,0,88.4,156.0,72.0,2,58.0,134.5,76.0
100495,1096644,75.0,13.914706163589932,73.0,14.0,67.4,37.46384924163559,58.5,51.0,142.05,34.145973408295156,129.5,65.75,21,2.923,7.18439958946288,86.21279507355457,0.05,0,0.0,0,0.0,1,0.047619047619047616,0,0,40.09090909090909,145.67857142857142,114.70833333333333,1,63.0,129.0,73.0,0,101.04880952380951,159.99642857142857,59.76309523809524,0,106.18181818181819,178.6818181818182,71.5,0,11.222222222222221,122.5,98.85714285714286,0,61.01515151515151,134.5,76.39393939393939,0,52.1,144.2,111.33333333333333,0,47.05,116.9,72.1,0,68.22727272727273,135.1818181818182,76.06060606060606,0,49.052083333333336,121.29166666666667,72.47916666666667,0,66.0,143.88888888888889,89.55555555555556,1,54.0,127.0,78.0,1,45.0,116.0,87.0,1,94.0,181.0,87.0,0,171.5,241.66666666666666,260.1666666666667,0,233.0,299.5,63.0,0,140.875,208.5,66.5,0,101.33333333333333,162.83333333333334,65.33333333333333,0,136.85714285714286,213.78571428571428,69.42857142857143,0,108.0,172.75,79.0,0,196.56666666666666,272.0,78.83333333333334,0,51.0,132.83333333333334,65.33333333333333,0,100.6,171.3,69.7,0,88.4,156.0,72.0,0,79.4,156.4,75.3
100495,1096650,90.76,91.55098251793916,74.5,18.0,98.3061224489796,117.10333899309596,62.0,61.0,189.20408163265307,127.6449123812213,141.0,77.0,50,9.364,5.339598462195642,64.07518154634771,0.061224489795918366,0,0.0,6,0.12,4,0.08,0,0,40.09090909090909,145.67857142857142,114.70833333333333,1,22.0,85.0,58.0,4,90.75,148.75,56.25,1,381.0,439.0,76.0,0,11.222222222222221,122.5,98.85714285714286,0,61.01515151515151,134.5,76.39393939393939,0,52.1,144.2,111.33333333333333,0,47.05,116.9,72.1,1,84.0,167.0,86.0,0,49.052083333333336,121.29166666666667,72.47916666666667,0,66.0,143.88888888888889,89.55555555555556,1,38.0,121.0,71.0,2,34.0,111.5,67.0,0,160.875,239.0,84.0,1,70.0,124.0,141.0,0,233.0,299.5,63.0,0,140.875,208.5,66.5,0,101.33333333333333,162.83333333333334,65.33333333333333,1,117.0,199.0,58.0,0,108.0,172.75,79.0,0,196.56666666666666,272.0,78.83333333333334,1,19.0,90.0,64.0,1,100.0,165.0,76.0,0,88.4,156.0,72.0,0,79.4,156.4,75.3
100495,1096667,82.03448275862068,43.0232357097808,74.0,16.0,143.07142857142858,164.5191974406957,86.0,171.5,225.39285714285714,153.9685355810712,175.5,151.0,29,6.385,4.5418950665622555,54.50274079874706,0.07142857142857142,0,0.0,2,0.06896551724137931,2,0.06896551724137931,0,0,40.09090909090909,145.67857142857142,114.70833333333333,1,26.0,100.0,74.0,0,101.04880952380951,159.99642857142857,59.76309523809524,1,58.0,128.0,82.0,0,11.222222222222221,122.5,98.85714285714286,1,32.0,114.0,67.0,0,52.1,144.2,111.33333333333333,1,25.0,107.0,70.0,2,116.0,180.5,67.5,1,73.0,140.0,74.0,0,66.0,143.88888888888889,89.55555555555556,0,62.675,132.85,80.175,0,43.42857142857143,120.57142857142857,69.42857142857143,0,160.875,239.0,84.0,0,171.5,241.66666666666666,260.1666666666667,0,233.0,299.5,63.0,0,140.875,208.5,66.5,0,101.33333333333333,162.83333333333334,65.33333333333333,0,136.85714285714286,213.78571428571428,69.42857142857143,0,108.0,172.75,79.0,2,231.0,298.5,70.5,0,51.0,132.83333333333334,65.33333333333333,0,100.6,171.3,69.7,0,88.4,156.0,72.0,0,79.4,156.4,75.3
100495,1096682,77.23076923076923,29.621943995540715,74.0,14.0,139.6315789473684,148.25323659423026,100.5,85.75,217.28947368421052,147.5209009089429,175.5,81.25,39,8.318,4.688627073815821,56.263524885789856,0.07894736842105263,0,0.0,4,0.10256410256410256,2,0.05128205128205128,0,0,40.09090909090909,145.67857142857142,114.70833333333333,0,34.91025641025641,101.7051282051282,71.13846153846154,2,92.0,138.0,60.5,2,72.5,143.0,75.5,0,11.222222222222221,122.5,98.85714285714286,1,67.0,146.0,82.0,0,52.1,144.2,111.33333333333333,1,10.0,80.0,85.0,0,68.22727272727273,135.1818181818182,76.06060606060606,0,49.052083333333336,121.29166666666667,72.47916666666667,0,66.0,143.88888888888889,89.55555555555556,0,62.675,132.85,80.175,0,43.42857142857143,120.57142857142857,69.42857142857143,0,160.875,239.0,84.0,1,364.0,460.0,209.0,0,233.0,299.5,63.0,0,140.875,208.5,66.5,0,101.33333333333333,162.83333333333334,65.33333333333333,0,136.85714285714286,213.78571428571428,69.42857142857143,0,108.0,172.75,79.0,0,196.56666666666666,272.0,78.83333333333334,1,67.0,164.0,77.0,0,100.6,171.3,69.7,1,102.0,176.0,71.0,1,110.0,188.0,96.0
100495,1096694,78.0,19.399060013613152,76.0,13.75,107.55223880597015,114.69821318106071,86.0,88.0,185.59701492537314,112.38487438747855,159.0,79.0,68,12.51,5.435651478816946,65.22781774580336,0.014925373134328358,0,0.0,0,0.0,1,0.014705882352941176,1,0,40.09090909090909,145.67857142857142,114.70833333333333,5,39.0,113.0,77.8,0,101.04880952380951,159.99642857142857,59.76309523809524,2,38.0,127.0,71.5,0,11.222222222222221,122.5,98.85714285714286,2,38.5,110.0,93.0,0,52.1,144.2,111.33333333333333,1,51.0,132.0,88.0,1,21.0,97.0,90.0,4,39.25,124.0,76.5,1,59.0,140.0,110.0,2,48.5,116.0,89.0,1,23.0,99.0,78.0,2,188.5,274.0,75.0,0,171.5,241.66666666666666,260.1666666666667,1,104.0,171.0,51.0,2,141.0,218.0,75.0,0,101.33333333333333,162.83333333333334,65.33333333333333,1,134.0,208.0,95.0,0,108.0,172.75,79.0,1,251.0,331.0,81.0,0,51.0,132.83333333333334,65.33333333333333,0,100.6,171.3,69.7,1,99.0,173.0,73.0,0,79.4,156.4,75.3
100512,1096646,127.03333333333333,70.11537317561361,107.0,38.0,73.03448275862068,166.67550194575804,40.0,112.0,199.75862068965517,164.01254266007112,152.0,80.0,30,5.929,5.05987518974532,60.71850227694383,0.20689655172413793,0,0.0,0,0.0,2,0.06666666666666667,1,0,40.09090909090909,145.67857142857142,114.70833333333333,1,0.0,144.0,121.0,0,81.75,152.5,76.0,1,791.0,912.0,64.0,0,11.222222222222221,122.5,98.85714285714286,0,116.0,194.44444444444446,104.33333333333333,0,52.1,144.2,111.33333333333333,0,91.4,211.0,87.6,0,33.0,140.8,94.4,0,6.666666666666667,99.5,134.83333333333334,1,71.0,152.0,96.0,0,22.27777777777778,105.66666666666667,154.27777777777777,0,30.4,153.9,103.9,0,44.42857142857143,151.21428571428572,118.35714285714286,0,-6.5,99.5,235.5,0,0.25,108.58333333333333,95.5,2,112.0,224.0,108.5,0,100.07142857142857,221.57142857142858,93.0,0,-8.666666666666666,115.83333333333333,101.33333333333333,0,69.0,176.70833333333334,98.70833333333333,0,-16.333333333333332,110.5,122.83333333333333,0,18.333333333333332,162.33333333333334,141.66666666666666,1,40.0,144.0,88.0,1,24.0,120.0,97.0,0,8.666666666666666,110.0,98.0
100512,1096664,119.81395348837209,48.30102113319618,112.0,44.0,23.80952380952381,82.87174200885829,2.0,68.75,143.64285714285714,70.26033949620832,128.0,57.25,43,6.152,6.989596879063719,83.87516254876462,0.2619047619047619,0,0.0,1,0.023255813953488372,3,0.06976744186046512,0,0,40.09090909090909,145.67857142857142,114.70833333333333,2,-8.0,112.5,91.5,0,81.75,152.5,76.0,0,102.16666666666667,218.38888888888889,79.19444444444444,0,11.222222222222221,122.5,98.85714285714286,0,116.0,194.44444444444446,104.33333333333333,0,52.1,144.2,111.33333333333333,0,91.4,211.0,87.6,0,33.0,140.8,94.4,0,6.666666666666667,99.5,134.83333333333334,0,32.2,137.2,103.6,1,8.0,88.0,104.0,2,21.0,145.0,127.0,0,44.42857142857143,151.21428571428572,118.35714285714286,1,57.0,160.0,320.0,1,0.0,120.0,64.0,0,105.70833333333333,206.60416666666666,102.79166666666667,0,100.07142857142857,221.57142857142858,93.0,2,0.0,99.5,88.0,0,69.0,176.70833333333334,98.70833333333333,0,-16.333333333333332,110.5,122.83333333333333,0,18.333333333333332,162.33333333333334,141.66666666666666,0,28.8,132.8,94.0,0,25.25,140.8125,113.5,0,8.666666666666666,110.0,98.0
100512,1096677,116.52941176470588,60.945605108218594,104.0,33.0,32.1875,65.98600111955565,36.0,73.75,149.5,40.8319727664486,142.0,57.25,17,2.496,6.810897435897436,81.73076923076923,0.25,0,0.0,0,0.0,1,0.058823529411764705,0,0,40.09090909090909,145.67857142857142,114.70833333333333,0,2.7820512820512815,126.3076923076923,114.64102564102564,0,81.75,152.5,76.0,0,102.16666666666667,218.38888888888889,79.19444444444444,0,11.222222222222221,122.5,98.85714285714286,0,116.0,194.44444444444446,104.33333333333333,0,52.1,144.2,111.33333333333333,0,91.4,211.0,87.6,1,25.0,97.0,55.0,0,6.666666666666667,99.5,134.83333333333334,1,40.0,141.0,104.0,0,22.27777777777778,105.66666666666667,154.27777777777777,0,30.4,153.9,103.9,0,44.42857142857143,151.21428571428572,118.35714285714286,0,-6.5,99.5,235.5,2,36.5,144.5,97.0,0,105.70833333333333,206.60416666666666,102.79166666666667,0,100.07142857142857,221.57142857142858,93.0,0,-8.666666666666666,115.83333333333333,101.33333333333333,0,69.0,176.70833333333334,98.70833333333333,1,0.0,107.0,101.0,0,18.333333333333332,162.33333333333334,141.66666666666666,0,28.8,132.8,94.0,0,25.25,140.8125,113.5,0,8.666666666666666,110.0,98.0
100512,1096686,122.3030303030303,46.776376353418584,120.0,56.0,59.34375,142.23673254802185,40.0,119.0,181.96875,129.39703541208934,147.5,83.25,33,5.935,5.560235888795282,66.72283066554338,0.3125,0,0.0,3,0.09090909090909091,1,0.030303030303030304,0,0,40.09090909090909,145.67857142857142,114.70833333333333,1,-64.0,88.0,144.0,2,83.5,152.0,72.0,0,102.16666666666667,218.38888888888889,79.19444444444444,0,11.222222222222221,122.5,98.85714285714286,1,128.0,208.0,120.0,0,52.1,144.2,111.33333333333333,0,91.4,211.0,87.6,0,33.0,140.8,94.4,0,6.666666666666667,99.5,134.83333333333334,0,32.2,137.2,103.6,0,22.27777777777778,105.66666666666667,154.27777777777777,1,40.0,160.0,80.0,2,104.0,187.5,157.0,0,-6.5,99.5,235.5,0,0.25,108.58333333333333,95.5,0,105.70833333333333,206.60416666666666,102.79166666666667,2,103.5,200.0,88.0,0,-8.666666666666666,115.83333333333333,101.33333333333333,0,69.0,176.70833333333334,98.70833333333333,0,-16.333333333333332,110.5,122.83333333333333,0,18.333333333333332,162.33333333333334,141.66666666666666,0,28.8,132.8,94.0,0,25.25,140.8125,113.5,1,1.0,113.0,87.0
100512,1096697,118.43055555555556,43.310835951323654,112.0,41.75,40.0,86.14841435438407,24.0,105.0,158.6338028169014,74.47756812050336,136.0,76.0,72,11.367,6.334125098970704,76.00950118764845,0.28169014084507044,0,0.0,1,0.013888888888888888,2,0.027777777777777776,0,0,40.09090909090909,145.67857142857142,114.70833333333333,3,-15.666666666666666,111.33333333333333,112.0,0,81.75,152.5,76.0,1,0.0,120.0,56.0,0,11.222222222222221,122.5,98.85714285714286,1,126.0,192.0,64.0,0,52.1,144.2,111.33333333333333,1,-8.0,96.0,120.0,0,33.0,140.8,94.4,1,24.0,88.0,120.0,0,32.2,137.2,103.6,1,0.0,120.0,120.0,1,0.0,120.0,111.0,0,44.42857142857143,151.21428571428572,118.35714285714286,1,-32.0,64.0,210.0,0,0.25,108.58333333333333,95.5,3,102.33333333333333,208.66666666666666,89.66666666666667,1,96.0,208.0,88.0,0,-8.666666666666666,115.83333333333333,101.33333333333333,0,69.0,176.70833333333334,98.70833333333333,0,-16.333333333333332,110.5,122.83333333333333,1,-33.0,87.0,146.0,1,24.0,136.0,88.0,4,4.0,115.25,78.0,1,24.0,112.0,120.0
100512,1096714,127.4186046511628,45.59387584239874,128.0,45.0,27.238095238095237,72.13209097726778,19.5,68.5,154.07142857142858,64.1094276022099,139.0,47.75,43,6.623,6.492526045598671,77.91031254718405,0.23809523809523808,0,0.0,2,0.046511627906976744,1,0.023255813953488372,0,0,40.09090909090909,145.67857142857142,114.70833333333333,2,116.0,236.0,108.0,1,80.0,153.0,80.0,0,102.16666666666667,218.38888888888889,79.19444444444444,0,11.222222222222221,122.5,98.85714285714286,0,116.0,194.44444444444446,104.33333333333333,0,52.1,144.2,111.33333333333333,2,12.0,128.0,68.0,0,33.0,140.8,94.4,0,6.666666666666667,99.5,134.83333333333334,0,32.2,137.2,103.6,2,47.5,119.0,212.5,1,0.0,142.0,80.0,2,52.0,120.0,112.5,0,-6.5,99.5,235.5,0,0.25,108.58333333333333,95.5,0,105.70833333333333,206.60416666666666,102.79166666666667,0,100.07142857142857,221.57142857142858,93.0,1,0.0,128.0,120.0,0,69.0,176.70833333333334,98.70833333333333,0,-16.333333333333332,110.5,122.83333333333333,1,120.0,272.0,135.0,0,28.8,132.8,94.0,0,25.25,140.8125,113.5,0,8.666666666666666,110.0,98.0
100512,1096723,118.87272727272727,56.167623979220224,111.0,47.5,66.31481481481481,158.1108172177413,36.0,102.5,185.46296296296296,154.81969357012298,139.5,70.0,55,10.119,5.4353196956220975,65.22383634746517,0.2777777777777778,0,0.0,1,0.01818181818181818,1,0.01818181818181818,0,0,40.09090909090909,145.67857142857142,114.70833333333333,1,14.0,143.0,129.0,0,81.75,152.5,76.0,2,4.0,123.0,80.0,0,11.222222222222221,122.5,98.85714285714286,1,113.0,193.0,127.0,0,52.1,144.2,111.33333333333333,3,11.0,117.0,85.0,0,33.0,140.8,94.4,1,1.0,136.0,129.0,1,0.0,136.0,88.0,0,22.27777777777778,105.66666666666667,154.27777777777777,1,-30.0,40.0,134.0,1,48.0,144.0,89.0,0,-6.5,99.5,235.5,1,0.0,88.0,104.0,0,105.70833333333333,206.60416666666666,102.79166666666667,1,95.0,208.0,120.0,0,-8.666666666666666,115.83333333333333,101.33333333333333,0,69.0,176.70833333333334,98.70833333333333,2,-25.0,112.5,148.5,0,18.333333333333332,162.33333333333334,141.66666666666666,1,40.0,136.0,88.0,1,72.0,181.0,146.0,0,8.666666666666666,110.0,98.0
100512,1096734,119.69090909090909,50.01267938406773,112.0,40.0,40.148148148148145,96.84856590984127,28.0,88.0,160.0,86.85151227920666,140.0,75.5,55,8.751,6.284996000457091,75.4199520054851,0.2222222222222222,0,0.0,0,0.0,3,0.05454545454545454,0,0,40.09090909090909,145.67857142857142,114.70833333333333,0,2.7820512820512815,126.3076923076923,114.64102564102564,0,81.75,152.5,76.0,4,34.5,130.5,77.75,0,11.222222222222221,122.5,98.85714285714286,1,112.0,192.0,72.0,0,52.1,144.2,111.33333333333333,0,91.4,211.0,87.6,0,33.0,140.8,94.4,1,0.0,72.0,152.0,0,32.2,137.2,103.6,0,22.27777777777778,105.66666666666667,154.27777777777777,1,0.0,128.0,96.0,0,44.42857142857143,151.21428571428572,118.35714285714286,1,-40.0,48.0,192.0,0,0.25,108.58333333333333,95.5,0,105.70833333333333,206.60416666666666,102.79166666666667,1,104.0,224.0,113.0,0,-8.666666666666666,115.83333333333333,101.33333333333333,2,60.0,192.0,76.0,0,-16.333333333333332,110.5,122.83333333333333,0,18.333333333333332,162.33333333333334,141.66666666666666,2,16.0,120.0,100.0,0,25.25,140.8125,113.5,1,1.0,105.0,87.0
100512,1096745,113.0204081632653,44.02665695101528,107.0,55.0,73.25,155.3634850922185,32.5,101.75,186.79166666666666,148.05980750096305,147.0,88.0,49,9.054,5.411972608791694,64.94367130550033,0.25,0,0.0,0,0.0,1,0.02040816326530612,1,0,40.09090909090909,145.67857142857142,114.70833333333333,1,1.0,129.0,79.0,0,81.75,152.5,76.0,1,40.0,127.0,88.0,0,11.222222222222221,122.5,98.85714285714286,1,112.0,200.0,114.0,0,52.1,144.2,111.33333333333333,1,441.0,585.0,70.0,1,75.0,203.0,125.0,0,6.666666666666667,99.5,134.83333333333334,1,49.0,137.0,111.0,1,0.0,80.0,144.0,1,96.0,200.0,80.0,0,44.42857142857143,151.21428571428572,118.35714285714286,0,-6.5,99.5,235.5,2,-11.0,85.0,111.0,0,105.70833333333333,206.60416666666666,102.79166666666667,1,96.0,231.0,56.0,0,-8.666666666666666,115.83333333333333,101.33333333333333,3,37.0,154.33333333333334,93.33333333333333,0,-16.333333333333332,110.5,122.83333333333333,0,18.333333333333332,162.33333333333334,141.66666666666666,0,28.8,132.8,94.0,0,25.25,140.8125,113.5,0,8.666666666666666,110.0,98.0
100512,1096752,113.63076923076923,43.31834545841332,104.0,40.0,103.953125,354.29050710925685,43.5,104.0,218.109375,350.1225730542225,152.0,82.25,65,14.039,4.629959398817579,55.55951278581096,0.171875,0,0.0,2,0.03076923076923077,2,0.03076923076923077,0,0,40.09090909090909,145.67857142857142,114.70833333333333,3,0.3333333333333333,117.66666666666667,128.33333333333334,0,81.75,152.5,76.0,0,102.16666666666667,218.38888888888889,79.19444444444444,0,11.222222222222221,122.5,98.85714285714286,1,121.0,193.0,80.0,0,52.1,144.2,111.33333333333333,0,91.4,211.0,87.6,0,33.0,140.8,94.4,1,95.0,175.0,145.0,0,32.2,137.2,103.6,1,0.0,104.0,160.0,2,136.0,260.0,108.0,1,0.0,112.0,95.0,1,-56.0,55.0,208.0,0,0.25,108.58333333333333,95.5,4,111.5,201.75,102.0,1,111.0,256.0,89.0,0,-8.666666666666666,115.83333333333333,101.33333333333333,0,69.0,176.70833333333334,98.70833333333333,0,-16.333333333333332,110.5,122.83333333333333,1,-32.0,128.0,144.0,0,28.8,132.8,94.0,0,25.25,140.8125,113.5,0,8.666666666666666,110.0,98.0
100512,1096772,126.19047619047619,37.53172505344683,112.0,48.0,21.9,71.52405189864456,4.5,80.5,146.4,67.95395499895498,136.0,43.0,21,3.088,6.800518134715026,81.60621761658031,0.35,0,0.0,0,0.0,2,0.09523809523809523,1,0,40.09090909090909,145.67857142857142,114.70833333333333,2,-16.0,107.0,112.0,0,81.75,152.5,76.0,1,-32.0,80.0,88.0,0,11.222222222222221,122.5,98.85714285714286,1,89.0,177.0,127.0,0,52.1,144.2,111.33333333333333,0,91.4,211.0,87.6,1,33.0,129.0,87.0,1,-47.0,80.0,135.0,0,32.2,137.2,103.6,1,40.0,127.0,208.0,0,30.4,153.9,103.9,0,44.42857142857143,151.21428571428572,118.35714285714286,0,-6.5,99.5,235.5,0,0.25,108.58333333333333,95.5,1,97.0,192.0,111.0,0,100.07142857142857,221.57142857142858,93.0,0,-8.666666666666666,115.83333333333333,101.33333333333333,0,69.0,176.70833333333334,98.70833333333333,0,-16.333333333333332,110.5,122.83333333333333,0,18.333333333333332,162.33333333333334,141.66666666666666,0,28.8,132.8,94.0,0,25.25,140.8125,113.5,0,8.666666666666666,110.0,98.0
100512,1096781,121.83333333333333,44.19433095872013,112.5,39.5,41.46341463414634,156.8135598854577,23.0,94.0,163.6829268292683,142.98736751714276,136.0,52.0,42,6.817,6.161067918439196,73.93281502127036,0.2926829268292683,0,0.0,0,0.0,2,0.047619047619047616,0,0,40.09090909090909,145.67857142857142,114.70833333333333,1,-14.0,114.0,134.0,0,81.75,152.5,76.0,1,-30.0,154.0,80.0,0,11.222222222222221,122.5,98.85714285714286,2,132.0,204.0,100.0,0,52.1,144.2,111.33333333333333,0,91.4,211.0,87.6,1,31.0,144.0,96.0,1,-33.0,46.0,128.0,0,32.2,137.2,103.6,1,48.0,112.0,136.0,1,1.0,168.0,127.0,1,1.0,128.0,137.0,1,32.0,166.0,274.0,1,1.0,129.0,93.0,0,105.70833333333333,206.60416666666666,102.79166666666667,1,95.0,224.0,97.0,0,-8.666666666666666,115.83333333333333,101.33333333333333,2,72.0,159.5,115.5,0,-16.333333333333332,110.5,122.83333333333333,0,18.333333333333332,162.33333333333334,141.66666666666666,0,28.8,132.8,94.0,0,25.25,140.8125,113.5,0,8.666666666666666,110.0,98.0
100512,1096796,122.38636363636364,48.22401132833147,110.5,63.0,52.627906976744185,97.05980492886103,14.0,121.0,175.41860465116278,90.5510860716241,151.0,95.5,44,7.648,5.7531380753138075,69.0376569037657,0.2558139534883721,0,0.0,1,0.022727272727272728,2,0.045454545454545456,0,0,40.09090909090909,145.67857142857142,114.70833333333333,2,1.5,117.5,115.5,0,81.75,152.5,76.0,1,39.0,150.0,98.0,0,11.222222222222221,122.5,98.85714285714286,1,111.0,191.0,135.0,0,52.1,144.2,111.33333333333333,0,91.4,211.0,87.6,1,1.0,131.0,109.0,0,6.666666666666667,99.5,134.83333333333334,0,32.2,137.2,103.6,0,22.27777777777778,105.66666666666667,154.27777777777777,0,30.4,153.9,103.9,1,1.0,159.0,142.0,1,0.0,104.0,209.0,1,-25.0,85.0,104.0,0,105.70833333333333,206.60416666666666,102.79166666666667,0,100.07142857142857,221.57142857142858,93.0,0,-8.666666666666666,115.83333333333333,101.33333333333333,1,107.0,201.0,110.0,0,-16.333333333333332,110.5,122.83333333333333,0,18.333333333333332,162.33333333333334,141.66666666666666,0,28.8,132.8,94.0,0,25.25,140.8125,113.5,0,8.666666666666666,110.0,98.0
100512,1096810,119.85714285714286,53.681854444482816,103.0,40.0,44.95,69.42872244251654,32.0,97.25,165.3,71.72245115722133,135.5,81.25,21,3.416,6.147540983606557,73.7704918032787,0.15,0,0.0,0,0.0,1,0.047619047619047616,1,0,40.09090909090909,145.67857142857142,114.70833333333333,1,31.0,127.0,80.0,0,81.75,152.5,76.0,0,102.16666666666667,218.38888888888889,79.19444444444444,0,11.222222222222221,122.5,98.85714285714286,0,116.0,194.44444444444446,104.33333333333333,0,52.1,144.2,111.33333333333333,1,1.0,129.0,95.0,0,33.0,140.8,94.4,0,6.666666666666667,99.5,134.83333333333334,0,32.2,137.2,103.6,1,25.0,105.0,144.0,0,30.4,153.9,103.9,1,105.0,208.0,96.0,0,-6.5,99.5,235.5,0,0.25,108.58333333333333,95.5,0,105.70833333333333,206.60416666666666,102.79166666666667,0,100.07142857142857,221.57142857142858,93.0,0,-8.666666666666666,115.83333333333333,101.33333333333333,0,69.0,176.70833333333334,98.70833333333333,0,-16.333333333333332,110.5,122.83333333333333,0,18.333333333333332,162.33333333333334,141.66666666666666,0,28.8,132.8,94.0,0,25.25,140.8125,113.5,0,8.666666666666666,110.0,98.0
100512,1096816,119.2258064516129,30.699069732064387,119.0,36.0,21.8,48.80874238631163,14.5,70.0,141.33333333333334,38.901870849042155,134.0,36.75,31,4.35,7.126436781609196,85.51724137931035,0.3,0,0.0,0,0.0,1,0.03225806451612903,0,0,40.09090909090909,145.67857142857142,114.70833333333333,1,-10.0,95.0,136.0,0,81.75,152.5,76.0,1,73.0,169.0,81.0,0,11.222222222222221,122.5,98.85714285714286,0,116.0,194.44444444444446,104.33333333333333,0,52.1,144.2,111.33333333333333,0,91.4,211.0,87.6,0,33.0,140.8,94.4,0,6.666666666666667,99.5,134.83333333333334,1,1.0,120.0,119.0,1,32.0,96.0,160.0,1,40.0,176.0,96.0,0,44.42857142857143,151.21428571428572,118.35714285714286,0,-6.5,99.5,235.5,0,0.25,108.58333333333333,95.5,0,105.70833333333333,206.60416666666666,102.79166666666667,0,100.07142857142857,221.57142857142858,93.0,1,-26.0,120.0,96.0,0,69.0,176.70833333333334,98.70833333333333,1,-24.0,112.0,119.0,0,18.333333333333332,162.33333333333334,141.66666666666666,1,24.0,128.0,106.0,1,1.0,147.0,133.0,0,8.666666666666666,110.0,98.0
100519,1098226,77.52380952380952,22.508451423577064,71.0,24.0,50.292682926829265,68.6519123434421,33.0,57.0,127.17073170731707,61.22326293048132,104.0,38.0,42,5.318,7.897705904475368,94.7724708537044,0.12195121951219512,0,0.0,0,0.0,2,0.047619047619047616,0,0,40.09090909090909,145.67857142857142,114.70833333333333,2,25.0,100.0,63.0,0,136.5,429.33333333333337,40.66666666666667,1,169.0,232.0,79.0,0,11.222222222222221,122.5,98.85714285714286,1,33.0,112.0,63.0,0,52.1,144.2,111.33333333333333,1,9.0,120.0,63.0,1,97.0,152.0,71.0,2,10.0,73.0,66.0,0,-1.7222222222222223,84.51851851851853,77.0925925925926,1,209.0,256.0,127.0,0,21.916666666666668,92.0,52.5,0,72.52083333333333,132.79166666666666,74.83333333333333,0,151.3,215.0,187.625,0,136.125,199.0,58.375,0,-3.8333333333333335,94.33333333333333,90.33333333333333,0,-47.666666666666664,68.33333333333333,102.0,1,89.0,144.0,63.0,0,31.5,103.5,64.0,0,163.22916666666666,226.08333333333334,74.4375,0,39.857142857142854,134.28571428571428,60.285714285714285,1,73.0,128.0,64.0,0,158.0,219.0,66.0,0,38.0,132.66666666666666,64.58333333333333
100519,1098246,79.8125,61.54999873070673,67.5,18.25,76.83870967741936,114.46258630159987,24.0,89.0,156.6451612903226,129.61295942451295,96.0,69.0,32,4.936,6.482982171799027,77.79578606158833,0.0967741935483871,0,0.0,2,0.0625,1,0.03125,0,0,40.09090909090909,145.67857142857142,114.70833333333333,2,16.0,88.0,56.0,1,193.0,592.0,31.0,1,321.0,385.0,103.0,0,11.222222222222221,122.5,98.85714285714286,1,-15.0,88.0,71.0,0,52.1,144.2,111.33333333333333,0,21.270833333333332,110.16666666666667,61.416666666666664,0,37.4375,105.0,63.125,0,43.625,106.58333333333333,69.875,0,-1.7222222222222223,84.51851851851853,77.0925925925926,0,143.875,202.375,109.75,0,21.916666666666668,92.0,52.5,1,57.0,121.0,63.0,0,151.3,215.0,187.625,0,136.125,199.0,58.375,0,-3.8333333333333335,94.33333333333333,90.33333333333333,0,-47.666666666666664,68.33333333333333,102.0,0,92.33333333333333,162.66666666666666,61.0,0,31.5,103.5,64.0,0,163.22916666666666,226.08333333333334,74.4375,2,12.0,92.0,56.0,0,85.0,140.0,63.5,0,158.0,219.0,66.0,0,38.0,132.66666666666666,64.58333333333333
100519,1098269,77.1063829787234,32.096419925336534,64.0,21.0,106.23913043478261,121.36652800909725,73.0,118.75,183.65217391304347,111.55622824607998,144.0,106.0,47,8.511,5.522265303724592,66.26718364469511,0.10869565217391304,0,0.0,2,0.0425531914893617,2,0.0425531914893617,0,0,40.09090909090909,145.67857142857142,114.70833333333333,0,20.576923076923077,94.46153846153847,61.92307692307692,0,136.5,429.33333333333337,40.66666666666667,1,400.0,488.0,64.0,0,11.222222222222221,122.5,98.85714285714286,2,108.0,164.0,60.0,0,52.1,144.2,111.33333333333333,3,138.66666666666666,213.33333333333334,66.33333333333333,2,76.5,140.0,64.0,0,43.625,106.58333333333333,69.875,1,73.0,128.0,71.0,0,143.875,202.375,109.75,0,21.916666666666668,92.0,52.5,3,162.66666666666666,221.33333333333334,74.66666666666667,0,151.3,215.0,187.625,0,136.125,199.0,58.375,0,-3.8333333333333335,94.33333333333333,90.33333333333333,0,-47.666666666666664,68.33333333333333,102.0,0,92.33333333333333,162.66666666666666,61.0,0,31.5,103.5,64.0,2,268.5,336.0,63.5,1,8.0,96.0,81.0,0,85.0,140.0,63.5,0,158.0,219.0,66.0,0,38.0,132.66666666666666,64.58333333333333
100519,1098295,77.83333333333333,46.505973331987754,63.0,16.0,84.77966101694915,111.83508860797173,65.0,73.0,162.864406779661,103.78031844157414,145.0,68.5,60,9.672,6.203473945409429,74.44168734491315,0.13559322033898305,0,0.0,1,0.016666666666666666,2,0.03333333333333333,0,0,40.09090909090909,145.67857142857142,114.70833333333333,2,1.0,84.0,59.0,0,136.5,429.33333333333337,40.66666666666667,3,222.33333333333334,288.3333333333333,73.66666666666667,0,11.222222222222221,122.5,98.85714285714286,2,32.5,107.5,59.5,0,52.1,144.2,111.33333333333333,0,21.270833333333332,110.16666666666667,61.416666666666664,1,9.0,88.0,63.0,1,65.0,128.0,79.0,2,-39.0,64.5,87.0,0,143.875,202.375,109.75,0,21.916666666666668,92.0,52.5,2,81.0,148.0,87.0,1,88.0,151.0,200.0,1,105.0,184.0,63.0,0,-3.8333333333333335,94.33333333333333,90.33333333333333,1,-63.0,57.0,103.0,1,72.0,160.0,72.0,0,31.5,103.5,64.0,1,64.0,127.0,96.0,0,39.857142857142854,134.28571428571428,60.285714285714285,0,85.0,140.0,63.5,0,158.0,219.0,66.0,1,41.0,144.0,63.0
100519,1098320,98.84375,111.40525946263713,67.5,32.0,126.83870967741936,152.63367420579533,88.0,132.0,226.58064516129033,216.48776679936748,152.0,130.0,32,7.095,4.510218463706836,54.12262156448204,0.12903225806451613,0,0.0,2,0.0625,1,0.03125,0,0,40.09090909090909,145.67857142857142,114.70833333333333,1,40.0,96.0,56.0,0,136.5,429.33333333333337,40.66666666666667,0,236.35416666666666,303.1666666666667,74.20833333333333,0,11.222222222222221,122.5,98.85714285714286,0,71.05555555555556,144.33333333333334,65.72222222222223,0,52.1,144.2,111.33333333333333,2,12.0,96.0,60.0,1,-8.0,56.0,64.0,1,24.0,88.0,56.0,1,-48.0,56.0,88.0,0,143.875,202.375,109.75,0,21.916666666666668,92.0,52.5,0,72.52083333333333,132.79166666666666,74.83333333333333,0,151.3,215.0,187.625,0,136.125,199.0,58.375,1,72.0,151.0,72.0,0,-47.666666666666664,68.33333333333333,102.0,0,92.33333333333333,162.66666666666666,61.0,0,31.5,103.5,64.0,2,100.0,160.0,88.0,0,39.857142857142854,134.28571428571428,60.285714285714285,0,85.0,140.0,63.5,0,158.0,219.0,66.0,0,38.0,132.66666666666666,64.58333333333333
100519,1098343,75.56060606060606,24.283757377308053,71.0,29.25,81.29230769230769,99.11108345641938,65.0,104.0,156.55384615384617,89.9984667850994,144.0,88.0,66,10.271,6.425859215266283,77.11031058319539,0.16923076923076924,0,0.0,2,0.030303030303030304,1,0.015151515151515152,0,0,40.09090909090909,145.67857142857142,114.70833333333333,4,22.75,99.75,59.25,0,136.5,429.33333333333337,40.66666666666667,2,205.0,268.0,51.0,0,11.222222222222221,122.5,98.85714285714286,1,41.0,104.0,71.0,0,52.1,144.2,111.33333333333333,0,21.270833333333332,110.16666666666667,61.416666666666664,0,37.4375,105.0,63.125,1,49.0,120.0,79.0,0,-1.7222222222222223,84.51851851851853,77.0925925925926,0,143.875,202.375,109.75,1,9.0,80.0,71.0,1,-7.0,56.0,79.0,0,151.3,215.0,187.625,1,81.0,136.0,55.0,1,-31.0,64.0,95.0,0,-47.666666666666664,68.33333333333333,102.0,0,92.33333333333333,162.66666666666666,61.0,0,31.5,103.5,64.0,1,113.0,168.0,63.0,1,-15.0,96.0,55.0,1,97.0,152.0,63.0,1,121.0,176.0,55.0,0,38.0,132.66666666666666,64.58333333333333
100519,1098368,87.36538461538461,68.39000962976803,76.0,42.75,70.6078431372549,126.70052361211155,48.0,100.0,158.58823529411765,106.82699527935448,136.0,96.0,52,8.144,6.385068762278978,76.62082514734773,0.23529411764705882,0,0.0,2,0.038461538461538464,2,0.038461538461538464,0,0,40.09090909090909,145.67857142857142,114.70833333333333,1,48.0,120.0,56.0,0,136.5,429.33333333333337,40.66666666666667,0,236.35416666666666,303.1666666666667,74.20833333333333,0,11.222222222222221,122.5,98.85714285714286,0,71.05555555555556,144.33333333333334,65.72222222222223,0,52.1,144.2,111.33333333333333,1,-8.0,72.0,64.0,1,16.0,72.0,56.0,1,96.0,160.0,72.0,1,-56.0,48.0,104.0,1,144.0,224.0,104.0,1,32.0,80.0,56.0,0,72.52083333333333,132.79166666666666,74.83333333333333,0,151.3,215.0,187.625,0,136.125,199.0,58.375,1,8.0,112.0,80.0,2,-32.0,84.0,92.0,1,96.0,176.0,48.0,0,31.5,103.5,64.0,1,64.0,120.0,72.0,0,39.857142857142854,134.28571428571428,60.285714285714285,0,85.0,140.0,63.5,0,158.0,219.0,66.0,0,38.0,132.66666666666666,64.58333333333333
100519,1098397,76.41025641025641,30.52255823932056,64.0,16.0,100.71052631578948,103.21258284539599,80.5,84.0,177.05263157894737,96.68476921593157,152.0,82.0,39,6.807,5.729396209784046,68.75275451740855,0.05263157894736842,0,0.0,0,0.0,1,0.02564102564102564,0,0,40.09090909090909,145.67857142857142,114.70833333333333,2,13.0,84.0,59.5,0,136.5,429.33333333333337,40.66666666666667,0,236.35416666666666,303.1666666666667,74.20833333333333,0,11.222222222222221,122.5,98.85714285714286,0,71.05555555555556,144.33333333333334,65.72222222222223,0,52.1,144.2,111.33333333333333,2,21.0,116.0,59.0,0,37.4375,105.0,63.125,0,43.625,106.58333333333333,69.875,0,-1.7222222222222223,84.51851851851853,77.0925925925926,2,229.0,292.0,135.0,1,9.0,104.0,63.0,2,57.0,116.0,67.0,0,151.3,215.0,187.625,0,136.125,199.0,58.375,0,-3.8333333333333335,94.33333333333333,90.33333333333333,0,-47.666666666666664,68.33333333333333,102.0,1,121.0,184.0,55.0,0,31.5,103.5,64.0,0,163.22916666666666,226.08333333333334,74.4375,1,73.0,176.0,63.0,0,85.0,140.0,63.5,0,158.0,219.0,66.0,0,38.0,132.66666666666666,64.58333333333333
100519,1098417,96.01388888888889,103.7110694102123,64.0,26.0,162.45070422535213,232.2704706018149,80.0,96.5,258.92957746478874,287.1251542369566,136.0,120.0,72,18.447,3.903073670515531,46.83688404618637,0.09859154929577464,0,0.0,1,0.013888888888888888,3,0.041666666666666664,0,0,40.09090909090909,145.67857142857142,114.70833333333333,0,20.576923076923077,94.46153846153847,61.92307692307692,0,136.5,429.33333333333337,40.66666666666667,0,236.35416666666666,303.1666666666667,74.20833333333333,0,11.222222222222221,122.5,98.85714285714286,0,71.05555555555556,144.33333333333334,65.72222222222223,0,52.1,144.2,111.33333333333333,2,4.5,80.0,51.5,2,20.0,84.0,52.0,0,43.625,106.58333333333333,69.875,3,8.0,95.66666666666667,74.33333333333333,1,184.0,232.0,104.0,0,21.916666666666668,92.0,52.5,1,80.0,128.0,64.0,1,136.0,200.0,184.0,2,92.0,152.0,56.0,0,-3.8333333333333335,94.33333333333333,90.33333333333333,0,-47.666666666666664,68.33333333333333,102.0,0,92.33333333333333,162.66666666666666,61.0,1,24.0,96.0,64.0,3,352.3333333333333,410.6666666666667,69.0,0,39.857142857142854,134.28571428571428,60.285714285714285,0,85.0,140.0,63.5,0,158.0,219.0,66.0,0,38.0,132.66666666666666,64.58333333333333
100519,1098448,70.46428571428571,13.12979747112091,71.0,15.25,82.18518518518519,72.3684180334862,81.0,108.0,152.62962962962962,70.11374258918737,144.0,95.5,28,4.192,6.679389312977099,80.15267175572518,0.07407407407407407,0,0.0,1,0.03571428571428571,1,0.03571428571428571,0,0,40.09090909090909,145.67857142857142,114.70833333333333,1,17.0,88.0,71.0,0,136.5,429.33333333333337,40.66666666666667,0,236.35416666666666,303.1666666666667,74.20833333333333,0,11.222222222222221,122.5,98.85714285714286,0,71.05555555555556,144.33333333333334,65.72222222222223,0,52.1,144.2,111.33333333333333,0,21.270833333333332,110.16666666666667,61.416666666666664,0,37.4375,105.0,63.125,0,43.625,106.58333333333333,69.875,0,-1.7222222222222223,84.51851851851853,77.0925925925926,1,153.0,224.0,95.0,0,21.916666666666668,92.0,52.5,0,72.52083333333333,132.79166666666666,74.83333333333333,0,151.3,215.0,187.625,1,89.0,144.0,55.0,0,-3.8333333333333335,94.33333333333333,90.33333333333333,0,-47.666666666666664,68.33333333333333,102.0,0,92.33333333333333,162.66666666666666,61.0,0,31.5,103.5,64.0,0,163.22916666666666,226.08333333333334,74.4375,1,161.0,256.0,55.0,0,85.0,140.0,63.5,0,158.0,219.0,66.0,0,38.0,132.66666666666666,64.58333333333333
100519,1098459,75.93939393939394,20.47013995886987,72.0,24.0,69.6875,105.92286034539475,56.0,67.0,145.5,101.52401193806321,120.0,65.0,33,4.736,6.967905405405406,83.61486486486487,0.09375,0,0.0,1,0.030303030303030304,1,0.030303030303030304,0,0,40.09090909090909,145.67857142857142,114.70833333333333,1,8.0,80.0,64.0,0,136.5,429.33333333333337,40.66666666666667,0,236.35416666666666,303.1666666666667,74.20833333333333,0,11.222222222222221,122.5,98.85714285714286,0,71.05555555555556,144.33333333333334,65.72222222222223,0,52.1,144.2,111.33333333333333,0,21.270833333333332,110.16666666666667,61.416666666666664,1,72.0,143.0,72.0,0,43.625,106.58333333333333,69.875,1,57.0,120.0,63.0,1,24.0,79.0,98.0,0,21.916666666666668,92.0,52.5,0,72.52083333333333,132.79166666666666,74.83333333333333,0,151.3,215.0,187.625,1,81.0,144.0,55.0,0,-3.8333333333333335,94.33333333333333,90.33333333333333,0,-47.666666666666664,68.33333333333333,102.0,0,92.33333333333333,162.66666666666666,61.0,0,31.5,103.5,64.0,0,163.22916666666666,226.08333333333334,74.4375,0,39.857142857142854,134.28571428571428,60.285714285714285,0,85.0,140.0,63.5,0,158.0,219.0,66.0,0,38.0,132.66666666666666,64.58333333333333
100519,1098474,101.96153846153847,173.29543044471123,68.0,32.0,101.82352941176471,134.95238170821486,80.0,115.5,204.86274509803923,236.51646873869333,152.0,104.0,52,10.495,4.954740352548833,59.456884230586,0.1568627450980392,0,0.0,1,0.019230769230769232,3,0.057692307692307696,0,0,40.09090909090909,145.67857142857142,114.70833333333333,1,40.0,112.0,72.0,0,136.5,429.33333333333337,40.66666666666667,2,200.5,264.0,88.0,0,11.222222222222221,122.5,98.85714285714286,1,8.0,104.0,87.0,0,52.1,144.2,111.33333333333333,2,-7.0,96.0,55.5,0,37.4375,105.0,63.125,0,43.625,106.58333333333333,69.875,1,64.0,128.0,40.0,1,128.0,168.0,87.0,1,81.0,144.0,40.0,2,60.5,120.0,76.0,2,204.0,268.0,155.5,0,136.125,199.0,58.375,0,-3.8333333333333335,94.33333333333333,90.33333333333333,1,-48.0,64.0,111.0,0,92.33333333333333,162.66666666666666,61.0,0,31.5,103.5,64.0,0,163.22916666666666,226.08333333333334,74.4375,1,32.0,128.0,56.0,0,85.0,140.0,63.5,1,176.0,232.0,72.0,1,-7.0,104.0,63.0
100519,1098492,81.5,30.493441917894412,71.5,25.0,64.93103448275862,101.58262512120886,41.0,72.0,145.93103448275863,92.68520360821012,113.0,64.0,30,4.344,6.906077348066298,82.87292817679557,0.13793103448275862,0,0.0,0,0.0,2,0.06666666666666667,0,0,40.09090909090909,145.67857142857142,114.70833333333333,2,-3.5,84.0,59.5,0,136.5,429.33333333333337,40.66666666666667,1,193.0,256.0,63.0,0,11.222222222222221,122.5,98.85714285714286,2,28.0,95.5,56.0,0,52.1,144.2,111.33333333333333,0,21.270833333333332,110.16666666666667,61.416666666666664,1,17.0,105.0,63.0,1,57.0,113.0,63.0,0,-1.7222222222222223,84.51851851851853,77.0925925925926,0,143.875,202.375,109.75,0,21.916666666666668,92.0,52.5,1,89.0,152.0,88.0,0,151.3,215.0,187.625,1,129.0,193.0,63.0,1,-40.0,95.0,112.0,0,-47.666666666666664,68.33333333333333,102.0,1,80.0,152.0,64.0,1,39.0,111.0,64.0,0,163.22916666666666,226.08333333333334,74.4375,0,39.857142857142854,134.28571428571428,60.285714285714285,0,85.0,140.0,63.5,0,158.0,219.0,66.0,0,38.0,132.66666666666666,64.58333333333333
100519,1098507,88.6304347826087,72.33387524878378,72.0,18.75,83.65934065934066,110.96026610688317,64.0,95.5,172.4835164835165,106.54642104821632,144.0,96.0,92,15.767,5.834971776495212,70.01966131794254,0.10989010989010989,0,0.0,6,0.06521739130434782,7,0.07608695652173914,0,0,40.09090909090909,145.67857142857142,114.70833333333333,2,24.0,96.0,68.0,3,80.0,266.6666666666667,50.333333333333336,0,236.35416666666666,303.1666666666667,74.20833333333333,0,11.222222222222221,122.5,98.85714285714286,1,360.0,408.0,56.0,0,52.1,144.2,111.33333333333333,1,0.0,88.0,72.0,0,37.4375,105.0,63.125,1,16.0,72.0,72.0,1,-55.0,56.0,87.0,1,80.0,144.0,128.0,2,0.5,72.0,60.0,0,72.52083333333333,132.79166666666666,74.83333333333333,5,177.2,241.0,211.0,1,72.0,128.0,56.0,1,8.0,104.0,79.0,0,-47.666666666666664,68.33333333333333,102.0,1,96.0,160.0,64.0,0,31.5,103.5,64.0,1,208.0,280.0,72.0,2,8.0,96.0,56.0,0,85.0,140.0,63.5,0,158.0,219.0,66.0,4,80.0,150.0,67.75
100519,1098581,75.7090909090909,22.366104815727287,72.0,16.0,150.14814814814815,197.80587260572267,80.0,156.75,225.77777777777777,193.22081655612908,148.0,141.0,55,12.272,4.481747066492829,53.780964797913946,0.12962962962962962,0,0.0,1,0.01818181818181818,1,0.01818181818181818,0,0,40.09090909090909,145.67857142857142,114.70833333333333,4,16.25,96.25,61.75,0,136.5,429.33333333333337,40.66666666666667,2,180.0,244.0,72.0,0,11.222222222222221,122.5,98.85714285714286,2,44.0,116.0,68.0,0,52.1,144.2,111.33333333333333,0,21.270833333333332,110.16666666666667,61.416666666666664,0,37.4375,105.0,63.125,3,32.0,98.66666666666667,72.0,2,-19.5,64.5,79.5,0,143.875,202.375,109.75,1,0.0,72.0,25.0,0,72.52083333333333,132.79166666666666,74.83333333333333,0,151.3,215.0,187.625,1,440.0,511.0,64.0,1,-40.0,40.0,104.0,0,-47.666666666666664,68.33333333333333,102.0,0,92.33333333333333,162.66666666666666,61.0,0,31.5,103.5,64.0,1,136.0,207.0,72.0,0,39.857142857142854,134.28571428571428,60.285714285714285,0,85.0,140.0,63.5,1,177.0,249.0,71.0,0,38.0,132.66666666666666,64.58333333333333
100542,1096934,124.91428571428571,65.6102654984379,114.0,45.0,20.11764705882353,107.66308141766156,0.0,110.25,144.44117647058823,103.27268051034788,114.5,72.0,35,5.056,6.9224683544303796,83.06962025316456,0.4411764705882353,0,0.0,0,0.0,1,0.02857142857142857,0,0,40.09090909090909,145.67857142857142,114.70833333333333,0,-10.555555555555555,127.3611111111111,141.19444444444443,0,89.20333333333333,150.89666666666668,73.99666666666667,0,-24.75,118.25,109.875,0,11.222222222222221,122.5,98.85714285714286,0,10.1,116.6,131.9,0,52.1,144.2,111.33333333333333,0,-8.666666666666666,148.75,119.66666666666667,2,0.0,122.0,98.0,0,-28.333333333333332,96.0,109.16666666666667,1,-52.0,71.0,114.0,0,21.645833333333332,132.39583333333334,164.89583333333334,0,117.5,235.2,123.8,3,7.333333333333333,116.0,136.66666666666666,0,19.75,144.375,165.75,0,-45.375,111.625,135.0,0,-43.5,87.25,131.75,1,-54.0,136.0,122.0,0,-76.42857142857143,69.64285714285714,138.42857142857142,1,-45.0,121.0,136.0,0,24.25,144.75,116.5,0,-45.888888888888886,119.22222222222223,111.55555555555556,0,-15.4,135.8,137.2,0,-20.8,135.6,131.2,1,-57.0,65.0,119.0
100542,1096946,115.21875,35.20185930370014,108.0,56.5,61.79365079365079,121.89211450596464,31.0,83.5,177.46031746031747,109.77333434506102,146.0,81.5,64,11.267,5.680305316410758,68.16366379692909,0.23809523809523808,0,0.0,2,0.03125,2,0.03125,0,0,40.09090909090909,145.67857142857142,114.70833333333333,2,25.0,161.0,121.0,0,89.20333333333333,150.89666666666668,73.99666666666667,1,-46.0,98.0,100.0,0,11.222222222222221,122.5,98.85714285714286,2,60.5,166.5,108.0,0,52.1,144.2,111.33333333333333,0,-8.666666666666666,148.75,119.66666666666667,0,-3.0,115.875,118.4375,2,101.0,200.0,114.0,1,-38.0,108.0,117.0,3,5.0,121.0,176.0,2,18.0,154.5,111.5,0,7.866666666666667,138.2,133.33333333333331,1,47.0,170.0,185.0,1,-48.0,120.0,144.0,0,-43.5,87.25,131.75,0,-51.642857142857146,88.28571428571429,145.42857142857142,0,-76.42857142857143,69.64285714285714,138.42857142857142,0,-56.142857142857146,102.92857142857143,135.35714285714286,1,157.0,259.0,146.0,1,-32.0,117.0,168.0,1,-26.0,127.0,122.0,1,-20.0,132.0,102.0,0,-17.142857142857142,111.82142857142857,128.89285714285714
100542,1096965,133.9375,39.694356363132194,135.5,56.5,16.29787234042553,119.9737409023798,-34.0,98.5,151.61702127659575,109.2861855340098,115.0,77.0,48,7.195,6.671299513551077,80.05559416261292,0.574468085106383,0,0.0,0,0.0,1,0.020833333333333332,1,0,40.09090909090909,145.67857142857142,114.70833333333333,1,26.0,190.0,112.0,0,89.20333333333333,150.89666666666668,73.99666666666667,1,-53.0,100.0,136.0,0,11.222222222222221,122.5,98.85714285714286,1,-52.0,84.0,164.0,0,52.1,144.2,111.33333333333333,1,-35.0,146.0,135.0,1,47.0,168.0,116.0,0,-28.333333333333332,96.0,109.16666666666667,2,-43.0,107.5,134.5,1,15.0,99.0,145.0,1,0.0,85.0,84.0,0,7.866666666666667,138.2,133.33333333333331,0,19.75,144.375,165.75,2,-38.0,93.0,153.0,0,-43.5,87.25,131.75,1,-51.0,57.0,152.0,0,-76.42857142857143,69.64285714285714,138.42857142857142,2,-63.0,92.5,109.5,0,24.25,144.75,116.5,0,-45.888888888888886,119.22222222222223,111.55555555555556,0,-15.4,135.8,137.2,0,-20.8,135.6,131.2,0,-17.142857142857142,111.82142857142857,128.89285714285714
100542,1096978,117.20833333333333,50.43062823214568,117.5,50.0,23.638297872340427,116.45278936244614,0.0,114.0,141.46808510638297,101.65813612797567,119.0,89.0,48,6.737,7.124833011726287,85.49799614071544,0.425531914893617,0,0.0,5,0.10416666666666667,1,0.020833333333333332,0,0,40.09090909090909,145.67857142857142,114.70833333333333,2,-32.0,94.0,115.5,2,97.5,162.0,70.0,0,-24.75,118.25,109.875,0,11.222222222222221,122.5,98.85714285714286,0,10.1,116.6,131.9,0,52.1,144.2,111.33333333333333,0,-8.666666666666666,148.75,119.66666666666667,1,-36.0,100.0,116.0,0,-28.333333333333332,96.0,109.16666666666667,0,-43.25,94.0,147.0,1,-48.0,55.0,198.0,0,117.5,235.2,123.8,0,7.866666666666667,138.2,133.33333333333331,0,19.75,144.375,165.75,0,-45.375,111.625,135.0,0,-43.5,87.25,131.75,0,-51.642857142857146,88.28571428571429,145.42857142857142,1,-81.0,52.0,134.0,0,-56.142857142857146,102.92857142857143,135.35714285714286,1,0.0,127.0,119.0,1,-101.0,97.0,101.0,0,-15.4,135.8,137.2,1,0.0,163.0,164.0,1,0.0,85.0,132.0
100542,1097116,126.5111111111111,35.536286445279956,133.0,50.0,10.045454545454545,106.13904999520345,-24.0,92.75,135.29545454545453,86.88539461566981,113.5,59.75,45,6.135,7.334963325183375,88.0195599022005,0.5454545454545454,0,0.0,0,0.0,1,0.022222222222222223,0,0,40.09090909090909,145.67857142857142,114.70833333333333,1,-45.0,65.0,173.0,0,89.20333333333333,150.89666666666668,73.99666666666667,0,-24.75,118.25,109.875,0,11.222222222222221,122.5,98.85714285714286,0,10.1,116.6,131.9,0,52.1,144.2,111.33333333333333,1,31.0,176.0,104.0,2,-13.0,127.0,132.5,0,-28.333333333333332,96.0,109.16666666666667,1,-54.0,102.0,153.0,1,-38.0,148.0,153.0,0,117.5,235.2,123.8,0,7.866666666666667,138.2,133.33333333333331,0,19.75,144.375,165.75,0,-45.375,111.625,135.0,1,-50.0,53.0,110.0,0,-51.642857142857146,88.28571428571429,145.42857142857142,1,-66.0,54.0,150.0,1,-68.0,92.0,119.0,0,24.25,144.75,116.5,1,-82.0,71.0,82.0,0,-15.4,135.8,137.2,0,-20.8,135.6,131.2,0,-17.142857142857142,111.82142857142857,128.89285714285714
100542,1097139,133.92307692307693,69.88282669909411,125.0,50.5,0.8823529411764706,84.0647852549084,0.0,106.5,135.19607843137254,72.30274575315123,122.0,72.0,52,7.009,7.419032672278498,89.028392067342,0.47058823529411764,0,0.0,3,0.057692307692307696,2,0.038461538461538464,0,0,40.09090909090909,145.67857142857142,114.70833333333333,0,-10.555555555555555,127.3611111111111,141.19444444444443,2,101.5,160.5,72.5,1,0.0,133.0,87.0,0,11.222222222222221,122.5,98.85714285714286,0,10.1,116.6,131.9,0,52.1,144.2,111.33333333333333,2,-43.5,97.0,134.5,1,0.0,103.0,133.0,0,-28.333333333333332,96.0,109.16666666666667,0,-43.25,94.0,147.0,1,0.0,132.0,187.0,0,117.5,235.2,123.8,0,7.866666666666667,138.2,133.33333333333331,1,110.0,232.0,142.0,0,-45.375,111.625,135.0,0,-43.5,87.25,131.75,2,-98.5,74.0,151.0,1,-67.0,84.0,141.0,1,-45.0,99.0,132.0,1,-32.0,92.0,100.0,1,-65.0,122.0,117.0,1,-35.0,114.0,132.0,0,-20.8,135.6,131.2,4,10.0,147.75,109.25
100542,1097156,116.47058823529412,36.812909575564454,107.0,43.0,35.81818181818182,108.43443893989294,0.0,68.0,152.78787878787878,95.52304420551273,122.0,76.0,34,5.142,6.61221314663555,79.34655775962659,0.3333333333333333,0,0.0,0,0.0,1,0.029411764705882353,0,0,40.09090909090909,145.67857142857142,114.70833333333333,1,15.0,115.0,180.0,0,89.20333333333333,150.89666666666668,73.99666666666667,0,-24.75,118.25,109.875,0,11.222222222222221,122.5,98.85714285714286,0,10.1,116.6,131.9,0,52.1,144.2,111.33333333333333,0,-8.666666666666666,148.75,119.66666666666667,1,0.0,102.0,175.0,0,-28.333333333333332,96.0,109.16666666666667,0,-43.25,94.0,147.0,1,0.0,101.0,147.0,0,117.5,235.2,123.8,0,7.866666666666667,138.2,133.33333333333331,0,19.75,144.375,165.75,0,-45.375,111.625,135.0,0,-43.5,87.25,131.75,0,-51.642857142857146,88.28571428571429,145.42857142857142,0,-76.42857142857143,69.64285714285714,138.42857142857142,0,-56.142857142857146,102.92857142857143,135.35714285714286,0,24.25,144.75,116.5,0,-45.888888888888886,119.22222222222223,111.55555555555556,1,44.0,149.0,111.0,0,-20.8,135.6,131.2,0,-17.142857142857142,111.82142857142857,128.89285714285714
100542,1097174,142.16666666666666,44.61470858609548,142.5,42.25,-18.896551724137932,56.87514748906148,-26.0,54.0,121.55172413793103,48.48646181962517,103.0,76.0,30,3.717,8.071025020177562,96.85230024213075,0.5862068965517241,0,0.0,0,0.0,1,0.03333333333333333,0,0,40.09090909090909,145.67857142857142,114.70833333333333,3,-20.333333333333332,132.0,152.0,0,89.20333333333333,150.89666666666668,73.99666666666667,0,-24.75,118.25,109.875,0,11.222222222222221,122.5,98.85714285714286,0,10.1,116.6,131.9,0,52.1,144.2,111.33333333333333,0,-8.666666666666666,148.75,119.66666666666667,0,-3.0,115.875,118.4375,0,-28.333333333333332,96.0,109.16666666666667,0,-43.25,94.0,147.0,2,23.5,135.5,150.0,0,117.5,235.2,123.8,0,7.866666666666667,138.2,133.33333333333331,0,19.75,144.375,165.75,1,-58.0,103.0,84.0,1,-30.0,102.0,102.0,0,-51.642857142857146,88.28571428571429,145.42857142857142,0,-76.42857142857143,69.64285714285714,138.42857142857142,1,-61.0,94.0,161.0,0,24.25,144.75,116.5,1,-54.0,100.0,143.0,0,-15.4,135.8,137.2,0,-20.8,135.6,131.2,0,-17.142857142857142,111.82142857142857,128.89285714285714
100542,1097186,124.0,43.80683122001021,129.0,57.5,15.196078431372548,118.39068253081193,0.0,104.0,139.0,106.88403097952178,117.0,56.5,52,7.223,7.199224698878583,86.390696386543,0.49019607843137253,0,0.0,6,0.11538461538461539,2,0.038461538461538464,0,0,40.09090909090909,145.67857142857142,114.70833333333333,2,-57.5,82.5,138.5,5,85.6,145.4,64.4,0,-24.75,118.25,109.875,0,11.222222222222221,122.5,98.85714285714286,0,10.1,116.6,131.9,0,52.1,144.2,111.33333333333333,0,-8.666666666666666,148.75,119.66666666666667,1,-38.0,89.0,124.0,1,-83.0,85.0,129.0,0,-43.25,94.0,147.0,1,172.0,307.0,162.0,2,-28.5,91.5,129.5,1,0.0,124.0,122.0,1,-62.0,79.0,174.0,0,-45.375,111.625,135.0,0,-43.5,87.25,131.75,1,-66.0,71.0,142.0,1,-120.0,85.0,72.0,0,-56.142857142857146,102.92857142857143,135.35714285714286,1,-28.0,101.0,101.0,1,-52.0,99.0,70.0,0,-15.4,135.8,137.2,1,-38.0,123.0,156.0,1,-44.0,98.0,141.0
100542,1097204,139.1764705882353,86.13958254868025,132.0,44.0,-27.375,36.29716758922106,-49.0,52.25,112.25,80.61908893060006,96.0,40.0,17,1.928,8.817427385892117,105.80912863070539,0.6875,0,0.0,0,0.0,1,0.058823529411764705,0,0,40.09090909090909,145.67857142857142,114.70833333333333,1,-57.0,93.0,137.0,0,89.20333333333333,150.89666666666668,73.99666666666667,0,-24.75,118.25,109.875,0,11.222222222222221,122.5,98.85714285714286,0,10.1,116.6,131.9,0,52.1,144.2,111.33333333333333,0,-8.666666666666666,148.75,119.66666666666667,1,16.0,116.0,53.0,0,-28.333333333333332,96.0,109.16666666666667,0,-43.25,94.0,147.0,1,27.0,80.0,156.0,0,117.5,235.2,123.8,0,7.866666666666667,138.2,133.33333333333331,0,19.75,144.375,165.75,0,-45.375,111.625,135.0,0,-43.5,87.25,131.75,0,-51.642857142857146,88.28571428571429,145.42857142857142,0,-76.42857142857143,69.64285714285714,138.42857142857142,0,-56.142857142857146,102.92857142857143,135.35714285714286,0,24.25,144.75,116.5,0,-45.888888888888886,119.22222222222223,111.55555555555556,0,-15.4,135.8,137.2,0,-20.8,135.6,131.2,0,-17.142857142857142,111.82142857142857,128.89285714285714
100542,1097212,134.25,46.055712745224,135.5,62.5,-135.48529411764707,1652.7002903683824,0.0,131.75,225.02941176470588,286.3215474719163,148.0,90.5,68,13.494,5.0392767155772935,60.471320586927526,0.373134328358209,0,0.0,6,0.08823529411764706,3,0.04411764705882353,0,0,40.09090909090909,145.67857142857142,114.70833333333333,3,15.666666666666666,152.33333333333334,119.33333333333333,4,82.75,142.25,80.75,0,-24.75,118.25,109.875,0,11.222222222222221,122.5,98.85714285714286,1,78.0,141.0,150.0,0,52.1,144.2,111.33333333333333,0,-8.666666666666666,148.75,119.66666666666667,0,-3.0,115.875,118.4375,1,-115.0,35.0,115.0,2,-55.5,104.0,170.0,1,94.0,186.0,161.0,1,657.0,751.0,122.0,0,7.866666666666667,138.2,133.33333333333331,2,-16.0,96.5,162.0,0,-45.375,111.625,135.0,1,-52.0,86.0,146.0,0,-51.642857142857146,88.28571428571429,145.42857142857142,0,-76.42857142857143,69.64285714285714,138.42857142857142,1,-44.0,153.0,134.0,0,24.25,144.75,116.5,1,0.0,143.0,88.0,0,-15.4,135.8,137.2,1,-46.0,147.0,165.0,0,-17.142857142857142,111.82142857142857,128.89285714285714
100542,1097242,121.44444444444444,37.95936749007962,121.0,60.0,47.27272727272727,114.18114866624789,0.0,133.5,169.9090909090909,97.24426091544805,139.5,79.0,45,7.545,5.964214711729622,71.57057654075547,0.29545454545454547,0,0.0,0,0.0,1,0.022222222222222223,1,0,40.09090909090909,145.67857142857142,114.70833333333333,2,0.0,123.5,149.0,0,89.20333333333333,150.89666666666668,73.99666666666667,0,-24.75,118.25,109.875,0,11.222222222222221,122.5,98.85714285714286,0,10.1,116.6,131.9,0,52.1,144.2,111.33333333333333,2,-55.5,97.5,90.5,0,-3.0,115.875,118.4375,1,-24.0,103.0,100.0,0,-43.25,94.0,147.0,0,21.645833333333332,132.39583333333334,164.89583333333334,0,117.5,235.2,123.8,1,0.0,148.0,139.0,0,19.75,144.375,165.75,2,-37.5,130.5,159.0,0,-43.5,87.25,131.75,1,-70.0,102.0,148.0,1,-51.0,74.0,155.0,1,-67.0,69.0,156.0,0,24.25,144.75,116.5,1,0.0,178.0,180.0,0,-15.4,135.8,137.2,0,-20.8,135.6,131.2,0,-17.142857142857142,111.82142857142857,128.89285714285714
100542,1097256,141.88888888888889,39.73880772627902,144.0,47.25,-10.0,78.13751786506408,-39.0,70.0,132.39622641509433,67.20184735293256,118.0,55.0,54,7.157,7.54506077965628,90.54072935587537,0.5849056603773585,0,0.0,4,0.07407407407407407,2,0.037037037037037035,0,0,40.09090909090909,145.67857142857142,114.70833333333333,2,65.5,216.0,168.0,3,78.66666666666667,144.33333333333334,82.33333333333333,0,-24.75,118.25,109.875,0,11.222222222222221,122.5,98.85714285714286,0,10.1,116.6,131.9,0,52.1,144.2,111.33333333333333,0,-8.666666666666666,148.75,119.66666666666667,0,-3.0,115.875,118.4375,0,-28.333333333333332,96.0,109.16666666666667,2,-26.5,88.5,148.5,4,9.25,155.25,160.75,1,-59.0,94.0,172.0,0,7.866666666666667,138.2,133.33333333333331,0,19.75,144.375,165.75,0,-45.375,111.625,135.0,2,-42.0,108.0,169.0,1,15.0,102.0,170.0,2,-68.0,70.5,168.0,0,-56.142857142857146,102.92857142857143,135.35714285714286,0,24.25,144.75,116.5,0,-45.888888888888886,119.22222222222223,111.55555555555556,1,0.0,175.0,152.0,0,-20.8,135.6,131.2,1,0.0,165.0,119.0
100542,1097268,137.2972972972973,40.08630207835365,133.0,53.0,-18.75,75.58305769887265,-35.0,63.0,119.22222222222223,68.13675428100915,102.5,63.75,37,4.405,8.39954597048808,100.79455164585698,0.6111111111111112,0,0.0,0,0.0,2,0.05405405405405406,0,0,40.09090909090909,145.67857142857142,114.70833333333333,1,-62.0,104.0,129.0,0,89.20333333333333,150.89666666666668,73.99666666666667,2,0.0,142.0,116.5,0,11.222222222222221,122.5,98.85714285714286,2,-12.5,93.0,115.5,0,52.1,144.2,111.33333333333333,1,51.0,261.0,121.0,0,-3.0,115.875,118.4375,1,-49.0,69.0,113.0,1,-40.0,126.0,176.0,1,0.0,69.0,183.0,0,117.5,235.2,123.8,1,32.0,201.0,137.0,0,19.75,144.375,165.75,0,-45.375,111.625,135.0,0,-43.5,87.25,131.75,1,-37.0,76.0,133.0,1,-82.0,68.0,149.0,0,-56.142857142857146,102.92857142857143,135.35714285714286,0,24.25,144.75,116.5,0,-45.888888888888886,119.22222222222223,111.55555555555556,1,-60.0,114.0,169.0,1,0.0,113.0,69.0,1,-29.0,104.0,163.0
100542,1097278,117.44827586206897,33.48348662158248,115.0,34.0,20.071428571428573,108.83110393482863,0.0,31.25,137.03571428571428,94.22749149298852,108.0,43.75,29,3.968,7.308467741935484,87.7016129032258,0.42857142857142855,0,0.0,0,0.0,1,0.034482758620689655,0,0,40.09090909090909,145.67857142857142,114.70833333333333,0,-10.555555555555555,127.3611111111111,141.19444444444443,0,89.20333333333333,150.89666666666668,73.99666666666667,0,-24.75,118.25,109.875,0,11.222222222222221,122.5,98.85714285714286,2,-23.5,98.5,122.0,0,52.1,144.2,111.33333333333333,1,0.0,115.0,133.0,0,-3.0,115.875,118.4375,1,0.0,84.0,84.0,1,-37.0,45.0,163.0,0,21.645833333333332,132.39583333333334,164.89583333333334,0,117.5,235.2,123.8,1,0.0,102.0,132.0,0,19.75,144.375,165.75,0,-45.375,111.625,135.0,0,-43.5,87.25,131.75,0,-51.642857142857146,88.28571428571429,145.42857142857142,0,-76.42857142857143,69.64285714285714,138.42857142857142,0,-56.142857142857146,102.92857142857143,135.35714285714286,0,24.25,144.75,116.5,1,-27.0,146.0,55.0,0,-15.4,135.8,137.2,0,-20.8,135.6,131.2,1,0.0,118.0,119.0
100545,1096962,117.35714285714286,67.06937468329464,100.0,26.0,6.814814814814815,79.42620009796983,8.0,72.0,124.96296296296296,51.26364785323857,112.0,56.0,28,3.47,8.069164265129682,96.82997118155619,0.4444444444444444,0,0.0,0,0.0,2,0.07142857142857142,0,0,40.09090909090909,145.67857142857142,114.70833333333333,0,-4.986111111111111,90.5138888888889,90.18055555555556,0,100.0,162.0,72.0,1,40.0,136.0,88.0,0,11.222222222222221,122.5,98.85714285714286,1,-8.0,80.0,112.0,0,52.1,144.2,111.33333333333333,2,4.0,112.0,96.0,1,8.0,120.0,96.0,0,26.229166666666664,98.79166666666667,75.875,0,-32.75,83.41666666666667,108.5,0,46.395833333333336,136.97916666666669,119.10416666666667,0,8.291666666666666,84.29166666666667,84.375,1,8.0,104.0,64.0,1,64.0,168.0,352.0,0,-11.285714285714286,99.85714285714286,97.0,1,-48.0,72.0,144.0,0,-39.2,65.6,99.2,0,-32.0,76.33333333333333,98.66666666666667,0,-45.0,73.66666666666667,114.33333333333333,0,50.6,145.0,109.6,0,2.0,107.14285714285714,84.42857142857143,0,-22.25,94.0,104.0,0,32.57142857142857,105.14285714285714,82.85714285714286,0,10.5,86.5,79.83333333333333
100545,1096972,100.11764705882354,45.060589736540784,88.0,32.0,62.63636363636363,126.74379267134252,40.0,118.0,162.87878787878788,126.74066998731621,136.0,88.0,34,5.471,6.214585998903308,74.57503198683969,0.42424242424242425,0,0.0,0,0.0,1,0.029411764705882353,0,0,40.09090909090909,145.67857142857142,114.70833333333333,1,-24.0,64.0,87.0,0,100.0,162.0,72.0,0,22.133333333333333,116.3,85.95,0,11.222222222222221,122.5,98.85714285714286,1,145.0,304.0,88.0,0,52.1,144.2,111.33333333333333,0,1.8333333333333333,97.83333333333333,102.72222222222223,3,50.0,146.0,109.33333333333333,0,26.229166666666664,98.79166666666667,75.875,1,-32.0,96.0,103.0,1,49.0,136.0,103.0,0,8.291666666666666,84.29166666666667,84.375,0,73.125,161.125,85.875,0,51.1875,142.25,202.375,1,-7.0,96.0,95.0,0,-38.666666666666664,76.83333333333333,117.95833333333333,1,-40.0,64.0,104.0,0,-32.0,76.33333333333333,98.66666666666667,0,-45.0,73.66666666666667,114.33333333333333,1,273.0,361.0,128.0,0,2.0,107.14285714285714,84.42857142857143,0,-22.25,94.0,104.0,0,32.57142857142857,105.14285714285714,82.85714285714286,0,10.5,86.5,79.83333333333333
100545,1096982,101.22413793103448,39.05877229538013,94.0,32.0,11.385964912280702,59.09337077611142,8.0,54.0,113.12280701754386,52.395282423046716,96.0,48.0,58,6.52,8.895705521472394,106.74846625766871,0.43859649122807015,0,0.0,0,0.0,1,0.017241379310344827,0,0,40.09090909090909,145.67857142857142,114.70833333333333,1,-22.0,88.0,104.0,0,100.0,162.0,72.0,1,8.0,96.0,93.0,0,11.222222222222221,122.5,98.85714285714286,2,116.0,232.0,104.0,0,52.1,144.2,111.33333333333333,2,8.0,88.0,116.0,2,13.0,113.0,83.0,0,26.229166666666664,98.79166666666667,75.875,1,-32.0,72.0,144.0,2,-8.0,75.0,92.0,1,24.0,88.0,88.0,1,-8.0,80.0,112.0,0,51.1875,142.25,202.375,2,-16.0,116.0,88.0,0,-38.666666666666664,76.83333333333333,117.95833333333333,0,-39.2,65.6,99.2,1,-40.0,80.0,112.0,2,-48.0,76.0,104.0,2,-12.0,84.0,100.0,0,2.0,107.14285714285714,84.42857142857143,1,-24.0,88.0,112.0,0,32.57142857142857,105.14285714285714,82.85714285714286,0,10.5,86.5,79.83333333333333
100545,1096997,110.91304347826087,132.66889581519925,79.0,32.0,46.54545454545455,139.71976084379736,20.0,45.75,158.86363636363637,151.98184564269076,96.0,62.0,23,3.575,6.433566433566433,77.2027972027972,0.3181818181818182,0,0.0,0,0.0,1,0.043478260869565216,0,0,40.09090909090909,145.67857142857142,114.70833333333333,2,3.5,83.5,80.5,0,100.0,162.0,72.0,1,-7.0,72.0,64.0,0,11.222222222222221,122.5,98.85714285714286,1,24.0,88.0,64.0,0,52.1,144.2,111.33333333333333,0,1.8333333333333333,97.83333333333333,102.72222222222223,0,6.142857142857143,113.57142857142857,92.61904761904762,1,8.0,72.0,56.0,0,-32.75,83.41666666666667,108.5,0,46.395833333333336,136.97916666666669,119.10416666666667,0,8.291666666666666,84.29166666666667,84.375,0,73.125,161.125,85.875,0,51.1875,142.25,202.375,0,-11.285714285714286,99.85714285714286,97.0,0,-38.666666666666664,76.83333333333333,117.95833333333333,1,-48.0,72.0,104.0,0,-32.0,76.33333333333333,98.66666666666667,0,-45.0,73.66666666666667,114.33333333333333,0,50.6,145.0,109.6,0,2.0,107.14285714285714,84.42857142857143,0,-22.25,94.0,104.0,0,32.57142857142857,105.14285714285714,82.85714285714286,1,32.0,96.0,79.0
100545,1097006,106.8,73.5886766651863,88.0,29.25,38.172413793103445,102.80549729213874,24.0,65.0,146.17241379310346,98.75293761340495,112.0,56.0,30,4.311,6.958942240779401,83.50730688935282,0.27586206896551724,0,0.0,0,0.0,3,0.1,0,0,40.09090909090909,145.67857142857142,114.70833333333333,0,-4.986111111111111,90.5138888888889,90.18055555555556,0,100.0,162.0,72.0,0,22.133333333333333,116.3,85.95,0,11.222222222222221,122.5,98.85714285714286,1,-16.0,80.0,96.0,0,52.1,144.2,111.33333333333333,0,1.8333333333333333,97.83333333333333,102.72222222222223,0,6.142857142857143,113.57142857142857,92.61904761904762,0,26.229166666666664,98.79166666666667,75.875,0,-32.75,83.41666666666667,108.5,0,46.395833333333336,136.97916666666669,119.10416666666667,1,16.0,112.0,72.0,1,57.0,129.0,55.0,2,23.5,112.0,156.0,0,-11.285714285714286,99.85714285714286,97.0,0,-38.666666666666664,76.83333333333333,117.95833333333333,0,-39.2,65.6,99.2,0,-32.0,76.33333333333333,98.66666666666667,1,-47.0,65.0,103.0,0,50.6,145.0,109.6,0,2.0,107.14285714285714,84.42857142857143,0,-22.25,94.0,104.0,0,32.57142857142857,105.14285714285714,82.85714285714286,0,10.5,86.5,79.83333333333333
100545,1097018,88.87301587301587,26.849073800047243,88.0,24.0,26.338709677419356,73.5588295501409,16.0,56.0,115.35483870967742,65.23879134335436,104.0,48.0,63,7.232,8.711283185840708,104.53539823008849,0.3548387096774194,0,0.0,1,0.015873015873015872,2,0.031746031746031744,0,0,40.09090909090909,145.67857142857142,114.70833333333333,2,0.0,88.0,84.0,0,100.0,162.0,72.0,3,5.333333333333333,82.66666666666667,85.33333333333333,0,11.222222222222221,122.5,98.85714285714286,3,-8.0,77.33333333333333,85.0,0,52.1,144.2,111.33333333333333,2,-15.0,80.0,92.0,2,12.0,88.0,80.0,1,24.0,96.0,80.0,1,-32.0,104.0,104.0,1,24.0,112.0,104.0,1,8.0,80.0,80.0,1,80.0,176.0,104.0,1,48.0,136.0,192.0,0,-11.285714285714286,99.85714285714286,97.0,2,-16.0,80.0,88.0,1,-16.0,64.0,88.0,1,-40.0,72.0,113.0,0,-45.0,73.66666666666667,114.33333333333333,0,50.6,145.0,109.6,2,-8.0,96.0,80.0,0,-22.25,94.0,104.0,1,16.0,88.0,56.0,0,10.5,86.5,79.83333333333333
100545,1097029,95.5,38.43175770115127,88.5,32.0,17.53191489361702,46.73868098896782,24.0,56.0,113.53191489361703,44.05405338601021,104.0,52.0,48,5.408,8.875739644970414,106.50887573964495,0.3617021276595745,0,0.0,0,0.0,1,0.020833333333333332,0,0,40.09090909090909,145.67857142857142,114.70833333333333,0,-4.986111111111111,90.5138888888889,90.18055555555556,0,100.0,162.0,72.0,1,7.0,111.0,96.0,0,11.222222222222221,122.5,98.85714285714286,2,36.5,168.5,72.0,0,52.1,144.2,111.33333333333333,2,19.5,96.5,92.5,0,6.142857142857143,113.57142857142857,92.61904761904762,1,48.0,128.0,64.0,2,-35.5,76.5,108.0,0,46.395833333333336,136.97916666666669,119.10416666666667,0,8.291666666666666,84.29166666666667,84.375,0,73.125,161.125,85.875,0,51.1875,142.25,202.375,1,-48.0,72.0,112.0,0,-38.666666666666664,76.83333333333333,117.95833333333333,0,-39.2,65.6,99.2,1,-32.0,64.0,96.0,0,-45.0,73.66666666666667,114.33333333333333,1,-32.0,80.0,120.0,1,-8.0,64.0,96.0,0,-22.25,94.0,104.0,1,32.0,104.0,88.0,2,15.5,83.5,80.5
100545,1097040,93.52941176470588,38.57058868384932,80.5,33.75,48.95522388059702,106.89434494010315,32.0,87.5,142.44776119402985,93.04697635291855,120.0,63.5,68,9.672,7.0306038047973525,84.36724565756823,0.29850746268656714,0,0.0,8,0.11764705882352941,3,0.04411764705882353,0,0,40.09090909090909,145.67857142857142,114.70833333333333,3,13.333333333333334,82.66666666666667,90.66666666666667,4,100.0,162.0,72.0,1,32.0,120.0,87.0,0,11.222222222222221,122.5,98.85714285714286,1,-23.0,64.0,72.0,0,52.1,144.2,111.33333333333333,0,1.8333333333333333,97.83333333333333,102.72222222222223,1,-56.0,96.0,112.0,1,16.0,88.0,72.0,0,-32.75,83.41666666666667,108.5,0,46.395833333333336,136.97916666666669,119.10416666666667,1,8.0,80.0,80.0,1,8.0,120.0,136.0,1,41.0,129.0,112.0,1,56.0,135.0,81.0,1,-40.0,96.0,72.0,0,-39.2,65.6,99.2,1,-39.0,89.0,71.0,0,-45.0,73.66666666666667,114.33333333333333,0,50.6,145.0,109.6,1,-22.0,89.0,79.0,0,-22.25,94.0,104.0,0,32.57142857142857,105.14285714285714,82.85714285714286,0,10.5,86.5,79.83333333333333
100545,1097063,94.58571428571429,34.129791283587195,88.0,30.5,31.579710144927535,81.90493000629615,23.0,80.0,126.2463768115942,73.87463054118881,111.0,57.0,70,8.8,7.954545454545454,95.45454545454545,0.391304347826087,0,0.0,1,0.014285714285714285,2,0.02857142857142857,0,0,40.09090909090909,145.67857142857142,114.70833333333333,2,-24.0,88.0,104.0,0,100.0,162.0,72.0,0,22.133333333333333,116.3,85.95,0,11.222222222222221,122.5,98.85714285714286,0,35.125,134.02777777777777,82.54166666666667,0,52.1,144.2,111.33333333333333,0,1.8333333333333333,97.83333333333333,102.72222222222223,0,6.142857142857143,113.57142857142857,92.61904761904762,0,26.229166666666664,98.79166666666667,75.875,0,-32.75,83.41666666666667,108.5,2,-0.5,79.5,100.5,3,2.3333333333333335,90.33333333333333,83.0,0,73.125,161.125,85.875,0,51.1875,142.25,202.375,1,-16.0,80.0,95.0,1,-41.0,80.0,121.0,2,-44.0,60.0,100.0,1,-25.0,81.0,112.0,0,-45.0,73.66666666666667,114.33333333333333,1,32.0,128.0,72.0,1,8.0,97.0,80.0,0,-22.25,94.0,104.0,2,16.0,88.0,92.0,1,-16.0,80.0,80.0
100545,1097081,103.41818181818182,65.26914652118033,88.0,40.0,34.370370370370374,96.63702539731138,24.0,78.0,138.07407407407408,91.78635657750169,112.0,62.0,55,7.544,7.290562036055143,87.48674443266172,0.3148148148148148,0,0.0,0,0.0,2,0.03636363636363636,0,0,40.09090909090909,145.67857142857142,114.70833333333333,2,-36.0,72.0,112.0,0,100.0,162.0,72.0,1,24.0,112.0,88.0,0,11.222222222222221,122.5,98.85714285714286,0,35.125,134.02777777777777,82.54166666666667,0,52.1,144.2,111.33333333333333,0,1.8333333333333333,97.83333333333333,102.72222222222223,1,8.0,104.0,88.0,0,26.229166666666664,98.79166666666667,75.875,1,-33.0,80.0,96.0,3,82.66666666666667,181.33333333333334,133.33333333333334,2,8.0,72.0,88.0,1,360.0,448.0,64.0,1,80.0,168.0,200.0,1,-40.0,96.0,112.0,1,-48.0,64.0,136.0,0,-39.2,65.6,99.2,0,-32.0,76.33333333333333,98.66666666666667,1,-40.0,80.0,136.0,0,50.6,145.0,109.6,2,4.0,100.0,80.0,1,-8.0,104.0,96.0,1,64.0,136.0,96.0,0,10.5,86.5,79.83333333333333
100545,1097110,99.47916666666667,46.17493439055677,88.0,32.0,35.702127659574465,74.45658877825616,24.0,72.5,135.59574468085106,57.5982637055342,128.0,52.5,48,6.453,7.438400743840074,89.26080892608088,0.2553191489361702,0,0.0,0,0.0,2,0.041666666666666664,0,0,40.09090909090909,145.67857142857142,114.70833333333333,1,8.0,104.0,88.0,0,100.0,162.0,72.0,0,22.133333333333333,116.3,85.95,0,11.222222222222221,122.5,98.85714285714286,1,7.0,87.0,73.0,0,52.1,144.2,111.33333333333333,1,-8.0,88.0,96.0,0,6.142857142857143,113.57142857142857,92.61904761904762,3,90.33333333333333,178.33333333333334,75.0,1,-32.0,72.0,96.0,1,24.0,120.0,120.0,1,-8.0,72.0,88.0,1,24.0,96.0,72.0,1,48.0,136.0,240.0,1,-8.0,104.0,96.0,1,-40.0,80.0,112.0,0,-39.2,65.6,99.2,0,-32.0,76.33333333333333,98.66666666666667,0,-45.0,73.66666666666667,114.33333333333333,0,50.6,145.0,109.6,1,-16.0,104.0,80.0,0,-22.25,94.0,104.0,1,24.0,88.0,88.0,0,10.5,86.5,79.83333333333333
100545,1097134,107.34375,46.50679343856658,96.0,42.75,32.285714285714285,100.296612260031,24.0,75.5,139.93650793650792,92.3186120318543,120.0,64.0,64,8.904,7.187780772686433,86.2533692722372,0.30158730158730157,0,0.0,0,0.0,2,0.03125,0,0,40.09090909090909,145.67857142857142,114.70833333333333,1,24.0,112.0,80.0,0,100.0,162.0,72.0,2,48.0,156.0,87.5,0,11.222222222222221,122.5,98.85714285714286,1,16.0,96.0,64.0,0,52.1,144.2,111.33333333333333,2,-24.0,100.0,104.0,1,8.0,128.0,80.0,2,4.0,76.0,84.0,0,-32.75,83.41666666666667,108.5,2,40.0,120.0,132.0,1,8.0,80.0,96.0,1,56.0,136.0,80.0,1,64.0,160.0,200.0,0,-11.285714285714286,99.85714285714286,97.0,1,-40.0,64.0,152.0,0,-39.2,65.6,99.2,1,-16.0,72.0,88.0,0,-45.0,73.66666666666667,114.33333333333333,0,50.6,145.0,109.6,1,56.0,200.0,96.0,1,-33.0,88.0,104.0,2,12.0,88.0,96.0,0,10.5,86.5,79.83333333333333
100545,1097166,114.10526315789474,36.3229588651616,104.0,36.0,-8.0,42.499673201357936,-8.0,54.0,106.66666666666667,33.83620677453205,104.0,46.0,19,2.024,9.387351778656127,112.64822134387352,0.6111111111111112,0,0.0,0,0.0,1,0.05263157894736842,0,0,40.09090909090909,145.67857142857142,114.70833333333333,1,8.0,104.0,72.0,0,100.0,162.0,72.0,1,64.0,192.0,88.0,0,11.222222222222221,122.5,98.85714285714286,2,36.0,120.0,92.0,0,52.1,144.2,111.33333333333333,2,-12.0,96.0,104.0,0,6.142857142857143,113.57142857142857,92.61904761904762,1,8.0,72.0,96.0,0,-32.75,83.41666666666667,108.5,0,46.395833333333336,136.97916666666669,119.10416666666667,0,8.291666666666666,84.29166666666667,84.375,0,73.125,161.125,85.875,0,51.1875,142.25,202.375,0,-11.285714285714286,99.85714285714286,97.0,0,-38.666666666666664,76.83333333333333,117.95833333333333,0,-39.2,65.6,99.2,0,-32.0,76.33333333333333,98.66666666666667,0,-45.0,73.66666666666667,114.33333333333333,1,-8.0,72.0,128.0,0,2.0,107.14285714285714,84.42857142857143,0,-22.25,94.0,104.0,0,32.57142857142857,105.14285714285714,82.85714285714286,0,10.5,86.5,79.83333333333333
100545,1097179,110.21428571428571,34.67847947611761,104.0,32.0,21.40740740740741,71.81006803405941,7.0,72.0,132.44444444444446,65.93281279051529,112.0,72.0,28,3.664,7.641921397379912,91.70305676855894,0.48148148148148145,0,0.0,0,0.0,1,0.03571428571428571,0,0,40.09090909090909,145.67857142857142,114.70833333333333,2,-32.0,88.0,92.0,0,100.0,162.0,72.0,0,22.133333333333333,116.3,85.95,0,11.222222222222221,122.5,98.85714285714286,0,35.125,134.02777777777777,82.54166666666667,0,52.1,144.2,111.33333333333333,1,-16.0,88.0,120.0,0,6.142857142857143,113.57142857142857,92.61904761904762,0,26.229166666666664,98.79166666666667,75.875,0,-32.75,83.41666666666667,108.5,0,46.395833333333336,136.97916666666669,119.10416666666667,0,8.291666666666666,84.29166666666667,84.375,0,73.125,161.125,85.875,0,51.1875,142.25,202.375,0,-11.285714285714286,99.85714285714286,97.0,0,-38.666666666666664,76.83333333333333,117.95833333333333,0,-39.2,65.6,99.2,0,-32.0,76.33333333333333,98.66666666666667,0,-45.0,73.66666666666667,114.33333333333333,0,50.6,145.0,109.6,0,2.0,107.14285714285714,84.42857142857143,0,-22.25,94.0,104.0,0,32.57142857142857,105.14285714285714,82.85714285714286,0,10.5,86.5,79.83333333333333
100545,1097193,102.08196721311475,42.72799791666043,96.0,32.0,27.283333333333335,59.683635855139464,24.0,82.0,129.33333333333334,51.883737550625845,118.0,72.0,61,7.864,7.756866734486267,93.08240081383519,0.3333333333333333,0,0.0,0,0.0,2,0.03278688524590164,1,0,40.09090909090909,145.67857142857142,114.70833333333333,3,21.333333333333332,112.0,88.0,0,100.0,162.0,72.0,3,0.0,85.33333333333333,82.66666666666667,0,11.222222222222221,122.5,98.85714285714286,2,96.0,211.5,68.5,0,52.1,144.2,111.33333333333333,2,60.0,132.0,104.0,0,6.142857142857143,113.57142857142857,92.61904761904762,2,11.5,80.0,80.0,0,-32.75,83.41666666666667,108.5,1,160.0,272.0,168.0,0,8.291666666666666,84.29166666666667,84.375,0,73.125,161.125,85.875,1,41.0,129.0,167.0,0,-11.285714285714286,99.85714285714286,97.0,3,-36.333333333333336,78.66666666666667,118.66666666666667,2,-48.0,68.0,100.0,0,-32.0,76.33333333333333,98.66666666666667,0,-45.0,73.66666666666667,114.33333333333333,0,50.6,145.0,109.6,0,2.0,107.14285714285714,84.42857142857143,1,-24.0,96.0,104.0,1,64.0,144.0,64.0,0,10.5,86.5,79.83333333333333
100561,1097064,155.69014084507043,51.73894154127187,157.0,64.0,93.52857142857142,214.3557604563412,40.5,136.75,249.62857142857143,196.49326934518442,192.0,93.0,71,17.601,4.033861712402705,48.40634054883245,0.34285714285714286,0,0.0,0,0.0,3,0.04225352112676056,0,0,40.09090909090909,145.67857142857142,114.70833333333333,1,-126.0,167.0,166.0,0,102.36388888888888,171.9027777777778,88.90555555555555,0,87.14583333333334,252.02083333333334,161.3125,0,11.222222222222221,122.5,98.85714285714286,1,9.0,188.0,65.0,0,52.1,144.2,111.33333333333333,1,-151.0,110.0,154.0,2,-90.0,88.0,154.5,0,43.714285714285715,132.85714285714286,227.38095238095235,1,77.0,182.0,136.0,0,35.1,177.3,169.6,1,-15.0,156.0,162.0,1,267.0,429.0,196.0,2,155.5,292.0,167.0,1,-26.0,110.0,116.0,1,-25.0,157.0,193.0,1,-105.0,142.0,154.0,0,-74.8125,106.875,151.875,0,87.53333333333333,228.53333333333336,122.93333333333335,1,34.0,186.0,105.0,0,17.958333333333336,192.875,81.29166666666667,0,-97.0,61.5,135.5,1,23.0,84.0,176.0,0,-105.66666666666667,116.66666666666667,160.33333333333334
100561,1097105,169.47540983606558,53.10694640044347,171.0,75.0,40.1,136.38446881274032,25.5,146.75,210.31666666666666,128.40164740203124,183.0,109.75,61,12.744,4.786566227244194,57.43879472693032,0.4166666666666667,0,0.0,1,0.01639344262295082,2,0.03278688524590164,0,0,40.09090909090909,145.67857142857142,114.70833333333333,1,-99.0,104.0,164.0,0,102.36388888888888,171.9027777777778,88.90555555555555,0,87.14583333333334,252.02083333333334,161.3125,0,11.222222222222221,122.5,98.85714285714286,1,-170.0,32.0,70.0,0,52.1,144.2,111.33333333333333,3,-68.0,131.66666666666666,142.0,1,-111.0,88.0,162.0,0,43.714285714285715,132.85714285714286,227.38095238095235,0,110.7,226.2,110.8,0,35.1,177.3,169.6,1,-59.0,162.0,144.0,3,49.666666666666664,200.66666666666666,211.0,1,69.0,233.0,207.0,0,28.5,134.4,144.7,0,-44.0,146.91666666666666,219.02777777777774,1,-100.0,178.0,208.0,1,-74.0,150.0,126.0,0,87.53333333333333,228.53333333333336,122.93333333333335,0,34.0,186.0,105.0,0,17.958333333333336,192.875,81.29166666666667,0,-97.0,61.5,135.5,0,59.22222222222222,125.66666666666667,141.22222222222223,0,-105.66666666666667,116.66666666666667,160.33333333333334
100561,1097143,169.22727272727272,67.6252587413513,154.5,62.75,32.19047619047619,108.78095905145437,32.0,146.0,201.8095238095238,101.48404474531196,176.0,98.0,22,4.43,4.966139954853274,59.59367945823928,0.38095238095238093,0,0.0,0,0.0,3,0.13636363636363635,0,0,40.09090909090909,145.67857142857142,114.70833333333333,0,-89.2051282051282,130.2179487179487,146.12820512820514,0,102.36388888888888,171.9027777777778,88.90555555555555,1,297.0,441.0,157.0,0,11.222222222222221,122.5,98.85714285714286,0,-40.25,128.35,85.15,0,52.1,144.2,111.33333333333333,0,-94.16666666666667,133.1851851851852,151.05555555555554,0,-81.81666666666666,123.46666666666667,173.15,0,43.714285714285715,132.85714285714286,227.38095238095235,0,110.7,226.2,110.8,0,35.1,177.3,169.6,1,-69.0,118.0,131.0,0,60.129629629629626,236.57407407407405,192.0,1,110.0,256.0,140.0,0,28.5,134.4,144.7,0,-44.0,146.91666666666666,219.02777777777774,0,-98.5,160.1875,203.5,1,-52.0,102.0,150.0,0,87.53333333333333,228.53333333333336,122.93333333333335,0,34.0,186.0,105.0,0,17.958333333333336,192.875,81.29166666666667,0,-97.0,61.5,135.5,0,59.22222222222222,125.66666666666667,141.22222222222223,0,-105.66666666666667,116.66666666666667,160.33333333333334
100561,1097154,147.38095238095238,52.05077758028229,153.0,80.5,43.516129032258064,121.1102859081653,39.0,153.0,191.2258064516129,109.44057444123297,169.0,77.5,63,11.983,5.257448051406159,63.0893766168739,0.4032258064516129,0,0.0,6,0.09523809523809523,1,0.015873015873015872,1,0,40.09090909090909,145.67857142857142,114.70833333333333,2,-36.0,153.0,111.5,5,93.6,164.0,88.6,1,31.0,183.0,203.0,0,11.222222222222221,122.5,98.85714285714286,1,-15.0,147.0,118.0,0,52.1,144.2,111.33333333333333,2,-78.5,136.0,149.0,1,-147.0,69.0,178.0,1,-31.0,87.0,255.0,0,110.7,226.2,110.8,0,35.1,177.3,169.6,0,-71.5,127.75,155.9,2,54.5,215.5,177.0,0,80.65151515151516,493.83333333333337,309.6363636363636,0,28.5,134.4,144.7,0,-44.0,146.91666666666666,219.02777777777774,1,-110.0,145.0,185.0,1,-99.0,115.0,186.0,0,87.53333333333333,228.53333333333336,122.93333333333335,0,34.0,186.0,105.0,1,31.0,187.0,59.0,1,-99.0,68.0,130.0,0,59.22222222222222,125.66666666666667,141.22222222222223,1,-112.0,73.0,159.0
100561,1097188,200.7450980392157,394.5636877012903,153.0,93.0,33.54,206.29020432390868,15.0,134.75,235.54,290.65527416511816,165.5,89.75,51,11.915,4.280318925723877,51.363827108686536,0.4,0,0.0,4,0.0784313725490196,1,0.0196078431372549,0,0,40.09090909090909,145.67857142857142,114.70833333333333,1,-114.0,98.0,177.0,3,103.33333333333333,162.66666666666666,67.33333333333333,1,-15.0,178.0,139.0,0,11.222222222222221,122.5,98.85714285714286,1,-49.0,90.0,61.0,0,52.1,144.2,111.33333333333333,1,-86.0,119.0,118.0,1,-71.0,138.0,164.0,1,-26.0,35.0,212.0,0,110.7,226.2,110.8,0,35.1,177.3,169.6,1,-50.0,102.0,193.0,1,0.0,198.0,169.0,1,-950.0,2017.0,153.0,1,78.0,170.0,198.0,1,-48.0,160.0,217.0,1,-71.0,133.0,237.0,0,-74.8125,106.875,151.875,0,87.53333333333333,228.53333333333336,122.93333333333335,0,34.0,186.0,105.0,0,17.958333333333336,192.875,81.29166666666667,0,-97.0,61.5,135.5,1,47.0,119.0,132.0,0,-105.66666666666667,116.66666666666667,160.33333333333334
100561,1097214,163.75,58.50770706252541,157.0,73.5,44.56363636363636,155.27579728708687,0.0,139.5,208.92727272727274,150.21970026300625,181.0,91.0,56,11.621,4.818862404268135,57.82634885121762,0.43636363636363634,0,0.0,0,0.0,1,0.017857142857142856,0,0,40.09090909090909,145.67857142857142,114.70833333333333,3,-82.66666666666667,122.33333333333333,144.0,0,102.36388888888888,171.9027777777778,88.90555555555555,2,-7.5,155.0,172.0,0,11.222222222222221,122.5,98.85714285714286,2,-68.0,104.0,84.0,0,52.1,144.2,111.33333333333333,1,-76.0,246.0,188.0,0,-81.81666666666666,123.46666666666667,173.15,3,93.66666666666667,194.0,230.66666666666666,2,93.5,183.5,106.5,0,35.1,177.3,169.6,1,-56.0,130.0,196.0,1,31.0,219.0,242.0,0,80.65151515151516,493.83333333333337,309.6363636363636,0,28.5,134.4,144.7,3,-34.0,182.0,219.66666666666666,2,-79.5,136.0,214.5,0,-74.8125,106.875,151.875,1,63.0,199.0,135.0,0,34.0,186.0,105.0,0,17.958333333333336,192.875,81.29166666666667,0,-97.0,61.5,135.5,1,140.0,203.0,137.0,0,-105.66666666666667,116.66666666666667,160.33333333333334
100561,1097239,155.0909090909091,50.8899964191116,153.0,62.5,14.703703703703704,103.2507967200235,-15.5,117.25,170.44444444444446,101.38187190330078,148.0,78.25,55,9.324,5.898755898755899,70.78507078507079,0.5370370370370371,0,0.0,0,0.0,2,0.03636363636363636,0,0,40.09090909090909,145.67857142857142,114.70833333333333,3,-70.0,113.66666666666667,150.0,0,102.36388888888888,171.9027777777778,88.90555555555555,2,8.0,144.5,153.5,0,11.222222222222221,122.5,98.85714285714286,2,-77.0,76.5,122.5,0,52.1,144.2,111.33333333333333,1,-83.0,71.0,115.0,2,-70.5,149.0,188.0,0,43.714285714285715,132.85714285714286,227.38095238095235,0,110.7,226.2,110.8,0,35.1,177.3,169.6,2,-88.0,134.5,159.0,1,78.0,255.0,141.0,1,281.0,458.0,259.0,1,16.0,105.0,147.0,0,-44.0,146.91666666666666,219.02777777777774,0,-98.5,160.1875,203.5,2,-93.5,100.0,125.0,1,218.0,352.0,99.0,0,34.0,186.0,105.0,0,17.958333333333336,192.875,81.29166666666667,0,-97.0,61.5,135.5,1,78.0,149.0,87.0,0,-105.66666666666667,116.66666666666667,160.33333333333334
100561,1097257,146.76923076923077,46.644020991763554,144.0,57.5,25.973684210526315,103.39258011708914,1.5,108.25,173.76315789473685,96.36674306510037,135.5,72.0,39,6.711,5.81135449262405,69.73625391148859,0.5,0,0.0,1,0.02564102564102564,1,0.02564102564102564,0,0,40.09090909090909,145.67857142857142,114.70833333333333,2,-50.5,169.5,133.5,0,102.36388888888888,171.9027777777778,88.90555555555555,0,87.14583333333334,252.02083333333334,161.3125,0,11.222222222222221,122.5,98.85714285714286,1,47.0,188.0,75.0,0,52.1,144.2,111.33333333333333,0,-94.16666666666667,133.1851851851852,151.05555555555554,0,-81.81666666666666,123.46666666666667,173.15,1,31.0,106.0,265.0,0,110.7,226.2,110.8,1,16.0,138.0,189.0,1,-90.0,133.0,143.0,1,-16.0,117.0,179.0,0,80.65151515151516,493.83333333333337,309.6363636363636,2,27.5,136.0,127.5,0,-44.0,146.91666666666666,219.02777777777774,0,-98.5,160.1875,203.5,0,-74.8125,106.875,151.875,1,31.0,206.0,137.0,0,34.0,186.0,105.0,2,-67.0,125.5,83.5,0,-97.0,61.5,135.5,0,59.22222222222222,125.66666666666667,141.22222222222223,0,-105.66666666666667,116.66666666666667,160.33333333333334
100561,1097272,162.9090909090909,55.93228322682493,158.0,63.0,83.34210526315789,161.81629875552179,51.0,155.0,246.98684210526315,149.0549610238357,192.0,135.5,77,18.878,4.07882190910054,48.94586290920649,0.32894736842105265,0,0.0,5,0.06493506493506493,4,0.05194805194805195,0,0,40.09090909090909,145.67857142857142,114.70833333333333,2,-100.0,140.0,145.0,4,107.25,165.75,67.0,3,102.66666666666667,273.6666666666667,158.0,0,11.222222222222221,122.5,98.85714285714286,2,21.5,162.0,95.0,0,52.1,144.2,111.33333333333333,2,-87.0,138.0,171.5,1,-139.0,64.0,172.0,3,53.333333333333336,149.0,225.0,2,177.0,321.5,88.5,0,35.1,177.3,169.6,1,-115.0,97.0,149.0,0,60.129629629629626,236.57407407407405,192.0,3,346.6666666666667,495.6666666666667,231.0,0,28.5,134.4,144.7,0,-44.0,146.91666666666666,219.02777777777774,1,-118.0,183.0,203.0,0,-74.8125,106.875,151.875,0,87.53333333333333,228.53333333333336,122.93333333333335,0,34.0,186.0,105.0,3,34.333333333333336,209.0,88.66666666666667,1,-95.0,55.0,141.0,0,59.22222222222222,125.66666666666667,141.22222222222223,0,-105.66666666666667,116.66666666666667,160.33333333333334
100561,1097295,155.0,61.60572462135681,146.0,85.0,53.020833333333336,142.12956084492848,13.0,143.0,208.875,129.64641417460544,167.0,105.0,49,10.14,4.832347140039447,57.98816568047337,0.3958333333333333,0,0.0,3,0.061224489795918366,1,0.02040816326530612,0,0,40.09090909090909,145.67857142857142,114.70833333333333,3,-86.0,174.33333333333334,155.66666666666666,1,93.0,165.0,92.0,0,87.14583333333334,252.02083333333334,161.3125,0,11.222222222222221,122.5,98.85714285714286,1,-143.0,80.0,93.0,0,52.1,144.2,111.33333333333333,1,-86.0,143.0,159.0,0,-81.81666666666666,123.46666666666667,173.15,0,43.714285714285715,132.85714285714286,227.38095238095235,0,110.7,226.2,110.8,1,10.0,121.0,144.0,0,-71.5,127.75,155.9,1,15.0,208.0,181.0,0,80.65151515151516,493.83333333333337,309.6363636363636,0,28.5,134.4,144.7,0,-44.0,146.91666666666666,219.02777777777774,2,-74.5,154.5,252.5,1,-54.0,91.0,156.0,0,87.53333333333333,228.53333333333336,122.93333333333335,0,34.0,186.0,105.0,0,17.958333333333336,192.875,81.29166666666667,0,-97.0,61.5,135.5,0,59.22222222222222,125.66666666666667,141.22222222222223,1,-122.0,193.0,193.0
100561,1097315,197.875,239.90294261429975,158.5,69.25,31.580645161290324,209.49613503148967,12.0,156.0,231.58064516129033,185.18931450284973,179.0,125.5,32,7.311,4.3769662152920255,52.52359458350431,0.4838709677419355,0,0.0,1,0.03125,4,0.125,0,0,40.09090909090909,145.67857142857142,114.70833333333333,1,-94.0,103.0,117.0,0,102.36388888888888,171.9027777777778,88.90555555555555,0,87.14583333333334,252.02083333333334,161.3125,0,11.222222222222221,122.5,98.85714285714286,0,-40.25,128.35,85.15,0,52.1,144.2,111.33333333333333,0,-94.16666666666667,133.1851851851852,151.05555555555554,0,-81.81666666666666,123.46666666666667,173.15,1,134.0,231.0,234.0,1,78.0,221.0,124.0,1,23.0,197.0,175.0,0,-71.5,127.75,155.9,0,60.129629629629626,236.57407407407405,192.0,1,300.0,442.0,1500.0,0,28.5,134.4,144.7,1,-58.0,134.0,197.0,0,-98.5,160.1875,203.5,1,-60.0,123.0,190.0,0,87.53333333333333,228.53333333333336,122.93333333333335,0,34.0,186.0,105.0,0,17.958333333333336,192.875,81.29166666666667,0,-97.0,61.5,135.5,1,62.0,138.0,142.0,0,-105.66666666666667,116.66666666666667,160.33333333333334
100561,1097327,155.265625,55.731006346192736,157.5,76.0,85.85714285714286,179.07689730222683,60.0,140.0,241.88888888888889,180.29456595101206,202.0,136.0,64,15.346,4.170467874364655,50.04561449237587,0.2698412698412698,0,0.0,3,0.046875,2,0.03125,0,0,40.09090909090909,145.67857142857142,114.70833333333333,1,-101.0,105.0,158.0,2,100.0,164.0,104.0,1,109.0,243.0,157.0,0,11.222222222222221,122.5,98.85714285714286,2,42.0,216.0,68.0,0,52.1,144.2,111.33333333333333,0,-94.16666666666667,133.1851851851852,151.05555555555554,1,-67.0,142.0,196.0,2,51.0,128.0,170.0,1,128.0,223.0,99.0,2,63.5,206.5,169.0,2,-75.0,125.0,138.0,0,60.129629629629626,236.57407407407405,192.0,1,130.0,326.0,160.0,0,28.5,134.4,144.7,1,-59.0,129.0,293.0,1,-130.0,210.0,174.0,0,-74.8125,106.875,151.875,0,87.53333333333333,228.53333333333336,122.93333333333335,0,34.0,186.0,105.0,0,17.958333333333336,192.875,81.29166666666667,0,-97.0,61.5,135.5,1,58.0,121.0,144.0,0,-105.66666666666667,116.66666666666667,160.33333333333334
100561,1097351,140.05128205128204,46.41559680281481,135.0,73.5,81.94736842105263,127.52274252656208,71.0,133.25,222.42105263157896,118.45688346819375,178.0,111.25,39,8.576,4.547574626865671,54.570895522388064,0.21052631578947367,0,0.0,4,0.10256410256410256,2,0.05128205128205128,0,0,40.09090909090909,145.67857142857142,114.70833333333333,1,-115.0,118.0,146.0,2,117.0,210.0,114.5,1,172.0,398.0,151.0,0,11.222222222222221,122.5,98.85714285714286,0,-40.25,128.35,85.15,0,52.1,144.2,111.33333333333333,0,-94.16666666666667,133.1851851851852,151.05555555555554,1,-55.0,152.0,226.0,0,43.714285714285715,132.85714285714286,227.38095238095235,0,110.7,226.2,110.8,0,35.1,177.3,169.6,1,-98.0,120.0,144.0,0,60.129629629629626,236.57407407407405,192.0,1,203.0,347.0,221.0,1,47.0,151.0,135.0,0,-44.0,146.91666666666666,219.02777777777774,0,-98.5,160.1875,203.5,0,-74.8125,106.875,151.875,3,94.66666666666667,225.66666666666666,107.66666666666667,0,34.0,186.0,105.0,2,73.5,250.0,94.0,0,-97.0,61.5,135.5,1,47.0,106.0,145.0,0,-105.66666666666667,116.66666666666667,160.33333333333334
100561,1097364,164.76470588235293,59.055337370743366,162.5,69.75,24.454545454545453,125.90065610079866,15.0,120.0,189.84848484848484,111.79990817259774,169.0,90.0,34,6.409,5.305039787798409,63.6604774535809,0.45454545454545453,0,0.0,0,0.0,3,0.08823529411764706,0,0,40.09090909090909,145.67857142857142,114.70833333333333,0,-89.2051282051282,130.2179487179487,146.12820512820514,0,102.36388888888888,171.9027777777778,88.90555555555555,0,87.14583333333334,252.02083333333334,161.3125,0,11.222222222222221,122.5,98.85714285714286,0,-40.25,128.35,85.15,0,52.1,144.2,111.33333333333333,1,-132.0,104.0,163.0,1,-70.0,134.0,149.0,0,43.714285714285715,132.85714285714286,227.38095238095235,0,110.7,226.2,110.8,1,63.0,224.0,171.0,0,-71.5,127.75,155.9,1,62.0,287.0,232.0,1,109.0,272.0,162.0,0,28.5,134.4,144.7,0,-44.0,146.91666666666666,219.02777777777774,0,-98.5,160.1875,203.5,1,-99.0,86.0,115.0,0,87.53333333333333,228.53333333333336,122.93333333333335,0,34.0,186.0,105.0,0,17.958333333333336,192.875,81.29166666666667,0,-97.0,61.5,135.5,1,31.0,90.0,161.0,1,-83.0,84.0,129.0
100561,1097378,151.06666666666666,54.70858149220183,150.5,65.0,59.559322033898304,154.364555427798,47.0,155.5,211.11864406779662,151.47333879024106,172.0,116.0,60,12.578,4.770233741453332,57.24280489743998,0.3220338983050847,0,0.0,0,0.0,3,0.05,0,0,40.09090909090909,145.67857142857142,114.70833333333333,2,-85.5,125.0,132.0,0,102.36388888888888,171.9027777777778,88.90555555555555,0,87.14583333333334,252.02083333333334,161.3125,0,11.222222222222221,122.5,98.85714285714286,0,-40.25,128.35,85.15,0,52.1,144.2,111.33333333333333,0,-94.16666666666667,133.1851851851852,151.05555555555554,3,2.3333333333333335,210.66666666666666,142.0,0,43.714285714285715,132.85714285714286,227.38095238095235,0,110.7,226.2,110.8,0,35.1,177.3,169.6,0,-71.5,127.75,155.9,0,60.129629629629626,236.57407407407405,192.0,2,133.0,293.5,206.0,0,28.5,134.4,144.7,2,-40.0,119.5,194.5,0,-98.5,160.1875,203.5,1,-67.0,88.0,167.0,1,31.0,160.0,136.0,0,34.0,186.0,105.0,0,17.958333333333336,192.875,81.29166666666667,0,-97.0,61.5,135.5,1,47.0,121.0,147.0,0,-105.66666666666667,116.66666666666667,160.33333333333334
100576,1097363,155.08196721311475,136.99841988821544,136.0,64.0,78.6,207.33565379194513,8.5,160.0,234.8,281.6372844635454,151.5,142.0,61,14.176,4.303047404063205,51.63656884875846,0.38333333333333336,0,0.0,6,0.09836065573770492,1,0.01639344262295082,0,0,40.09090909090909,145.67857142857142,114.70833333333333,1,-48.0,119.0,112.0,1,79.0,151.0,80.0,2,40.0,180.0,120.0,0,11.222222222222221,122.5,98.85714285714286,2,44.0,156.0,92.0,0,52.1,144.2,111.33333333333333,1,0.0,144.0,112.0,0,-6.5,140.38095238095238,131.14285714285714,1,0.0,96.0,160.0,0,-23.142857142857142,119.52380952380953,101.57142857142857,1,-32.0,103.0,169.0,1,-24.0,168.0,136.0,0,140.75,264.875,159.0,0,104.7,229.4,320.0,0,76.1,178.5,153.4,2,-59.5,104.5,187.5,2,-80.0,76.0,168.0,0,-24.444444444444443,115.88888888888889,110.16666666666667,0,-38.0,106.0,110.25,0,69.21428571428571,200.07142857142858,123.5,0,-19.666666666666668,138.83333333333334,110.66666666666667,0,52.75,156.08333333333334,128.58333333333334,1,0.0,88.0,135.0,2,76.0,244.0,140.0
100576,1097384,141.57142857142858,78.96296384928789,135.0,47.75,21.390243902439025,87.49491359398306,1.0,120.0,164.09756097560975,84.69941252367715,144.0,71.0,42,6.863,6.119772694157073,73.43727232988489,0.4146341463414634,0,0.0,3,0.07142857142857142,3,0.07142857142857142,0,0,40.09090909090909,145.67857142857142,114.70833333333333,0,-36.22727272727273,141.6818181818182,137.96969696969697,1,64.0,129.0,120.0,3,-45.333333333333336,104.0,168.0,0,11.222222222222221,122.5,98.85714285714286,1,40.0,184.0,72.0,0,52.1,144.2,111.33333333333333,1,-16.0,136.0,120.0,0,-6.5,140.38095238095238,131.14285714285714,0,11.869047619047619,109.96428571428571,174.77380952380955,1,-40.0,96.0,88.0,1,0.0,160.0,128.0,1,1.0,144.0,111.0,0,140.75,264.875,159.0,0,104.7,229.4,320.0,0,76.1,178.5,153.4,0,-58.3125,111.9375,174.4375,0,-79.94444444444444,129.3148148148148,163.92592592592592,1,-40.0,112.0,105.0,0,-38.0,106.0,110.25,0,69.21428571428571,200.07142857142858,123.5,0,-19.666666666666668,138.83333333333334,110.66666666666667,1,40.0,152.0,160.0,0,65.6,179.4,118.1,0,-6.125,165.5,141.4375
100576,1097395,131.3939393939394,40.295077821024094,128.0,39.0,13.25,74.22348011242804,8.5,76.0,145.0,66.63144903121949,131.5,60.75,33,4.76,6.932773109243698,83.19327731092437,0.3125,0,0.0,2,0.06060606060606061,1,0.030303030303030304,1,0,40.09090909090909,145.67857142857142,114.70833333333333,2,-60.0,131.5,128.0,0,80.0712962962963,149.83558201058202,78.54126984126985,2,4.0,168.0,143.5,0,11.222222222222221,122.5,98.85714285714286,1,-32.0,104.0,105.0,0,52.1,144.2,111.33333333333333,0,25.283333333333335,183.43333333333334,119.46666666666667,1,-65.0,96.0,129.0,1,0.0,105.0,175.0,0,-23.142857142857142,119.52380952380953,101.57142857142857,0,52.785714285714285,187.35714285714286,146.78571428571428,0,-21.083333333333332,153.5,138.41666666666666,0,140.75,264.875,159.0,0,104.7,229.4,320.0,0,76.1,178.5,153.4,1,-96.0,87.0,208.0,0,-79.94444444444444,129.3148148148148,163.92592592592592,0,-24.444444444444443,115.88888888888889,110.16666666666667,0,-38.0,106.0,110.25,0,69.21428571428571,200.07142857142858,123.5,0,-19.666666666666668,138.83333333333334,110.66666666666667,0,52.75,156.08333333333334,128.58333333333334,0,65.6,179.4,118.1,1,0.0,128.0,128.0
100576,1097400,124.46575342465754,35.64170336772499,128.0,55.0,44.73972602739726,164.7413936386576,24.0,136.0,211.17808219178082,263.7253834498569,144.0,120.0,73,13.241,5.513178762933314,66.15814515519976,0.375,0,0.0,10,0.136986301369863,2,0.0273972602739726,0,0,40.09090909090909,145.67857142857142,114.70833333333333,3,56.333333333333336,213.66666666666666,136.0,5,67.2,155.0,86.2,2,60.0,220.0,173.0,0,11.222222222222221,122.5,98.85714285714286,1,-40.0,129.0,120.0,0,52.1,144.2,111.33333333333333,2,84.0,224.0,135.5,0,-6.5,140.38095238095238,131.14285714285714,0,11.869047619047619,109.96428571428571,174.77380952380955,2,-44.0,72.0,112.0,1,328.0,431.0,160.0,1,-32.0,144.0,136.0,0,140.75,264.875,159.0,0,104.7,229.4,320.0,0,76.1,178.5,153.4,2,-88.0,76.0,156.0,0,-79.94444444444444,129.3148148148148,163.92592592592592,0,-24.444444444444443,115.88888888888889,110.16666666666667,0,-38.0,106.0,110.25,0,69.21428571428571,200.07142857142858,123.5,1,0.0,136.0,112.0,1,40.0,129.0,120.0,0,65.6,179.4,118.1,1,0.0,192.0,128.0
100576,1097415,131.5974025974026,41.01005886753194,128.0,48.0,64.97368421052632,165.09598274338944,40.0,129.25,197.46052631578948,147.87587618546078,160.0,108.75,77,15.071,5.1091500232234095,61.30980027868092,0.2894736842105263,0,0.0,4,0.05194805194805195,2,0.025974025974025976,0,0,40.09090909090909,145.67857142857142,114.70833333333333,2,20.0,196.0,124.5,0,80.0712962962963,149.83558201058202,78.54126984126985,2,-80.0,80.0,160.0,0,11.222222222222221,122.5,98.85714285714286,1,0.0,176.0,80.0,0,52.1,144.2,111.33333333333333,2,68.0,204.0,92.0,2,20.0,164.0,132.0,2,24.0,104.0,152.0,1,-16.0,128.0,96.0,0,52.785714285714285,187.35714285714286,146.78571428571428,1,-32.0,168.0,144.0,0,140.75,264.875,159.0,1,40.0,152.0,200.0,2,12.5,116.5,144.0,0,-58.3125,111.9375,174.4375,2,-92.0,128.0,172.0,0,-24.444444444444443,115.88888888888889,110.16666666666667,1,-40.0,112.0,112.0,1,72.0,192.0,144.0,0,-19.666666666666668,138.83333333333334,110.66666666666667,1,39.0,143.0,121.0,0,65.6,179.4,118.1,0,-6.125,165.5,141.4375
100576,1097440,135.17777777777778,43.55904747907087,128.5,48.0,45.59550561797753,96.04302864126603,24.0,97.0,181.93258426966293,89.3345935929787,152.0,81.0,90,16.224,5.547337278106509,66.5680473372781,0.3258426966292135,0,0.0,10,0.1111111111111111,1,0.011111111111111112,0,0,40.09090909090909,145.67857142857142,114.70833333333333,1,-72.0,120.0,167.0,4,76.0,137.75,68.0,3,51.0,210.66666666666666,165.33333333333334,0,11.222222222222221,122.5,98.85714285714286,1,-24.0,127.0,64.0,0,52.1,144.2,111.33333333333333,3,5.666666666666667,170.66666666666666,122.0,2,-39.5,128.0,136.0,0,11.869047619047619,109.96428571428571,174.77380952380955,0,-23.142857142857142,119.52380952380953,101.57142857142857,1,0.0,128.0,144.0,0,-21.083333333333332,153.5,138.41666666666666,0,140.75,264.875,159.0,0,104.7,229.4,320.0,0,76.1,178.5,153.4,1,-80.0,80.0,192.0,3,-45.0,178.33333333333334,186.33333333333334,1,0.0,136.0,96.0,1,-32.0,120.0,104.0,1,-16.0,112.0,112.0,0,-19.666666666666668,138.83333333333334,110.66666666666667,0,52.75,156.08333333333334,128.58333333333334,2,56.0,187.5,120.5,1,-48.0,128.0,160.0
100576,1097459,145.296875,88.1732456033823,128.0,50.25,40.84126984126984,146.78763478362757,16.0,112.5,186.28571428571428,132.3959224149628,152.0,88.0,64,11.872,5.390835579514825,64.6900269541779,0.3492063492063492,0,0.0,6,0.09375,2,0.03125,0,0,40.09090909090909,145.67857142857142,114.70833333333333,0,-36.22727272727273,141.6818181818182,137.96969696969697,3,79.66666666666667,143.66666666666666,64.0,0,-6.294871794871796,147.75641025641025,148.46153846153845,0,11.222222222222221,122.5,98.85714285714286,0,-16.27777777777778,131.77777777777777,94.3888888888889,0,52.1,144.2,111.33333333333333,3,64.0,245.0,128.0,0,-6.5,140.38095238095238,131.14285714285714,0,11.869047619047619,109.96428571428571,174.77380952380955,3,-64.0,98.66666666666667,112.0,0,52.785714285714285,187.35714285714286,146.78571428571428,0,-21.083333333333332,153.5,138.41666666666666,0,140.75,264.875,159.0,1,-40.0,103.0,552.0,1,48.0,152.0,128.0,0,-58.3125,111.9375,174.4375,1,-112.0,104.0,153.0,1,0.0,160.0,120.0,0,-38.0,106.0,110.25,1,72.0,200.0,80.0,0,-19.666666666666668,138.83333333333334,110.66666666666667,0,52.75,156.08333333333334,128.58333333333334,0,65.6,179.4,118.1,1,-57.0,96.0,152.0
100576,1097481,144.88888888888889,51.28820252078495,144.0,56.0,85.80645161290323,193.19185172071806,20.0,170.0,231.61290322580646,178.93811823110082,168.0,130.0,63,14.448,4.3604651162790695,52.325581395348834,0.3870967741935484,0,0.0,2,0.031746031746031744,2,0.031746031746031744,0,0,40.09090909090909,145.67857142857142,114.70833333333333,2,-52.0,148.0,156.0,0,80.0712962962963,149.83558201058202,78.54126984126985,2,-52.0,104.0,140.0,0,11.222222222222221,122.5,98.85714285714286,1,24.0,176.0,88.0,0,52.1,144.2,111.33333333333333,3,66.66666666666667,234.66666666666666,122.66666666666667,0,-6.5,140.38095238095238,131.14285714285714,1,16.0,104.0,200.0,1,40.0,184.0,96.0,1,1.0,154.0,143.0,0,-21.083333333333332,153.5,138.41666666666666,1,433.0,568.0,168.0,1,440.0,520.0,256.0,1,40.0,136.0,207.0,1,-71.0,112.0,167.0,2,-75.5,140.0,183.5,0,-24.444444444444443,115.88888888888889,110.16666666666667,0,-38.0,106.0,110.25,1,176.0,328.0,144.0,1,-23.0,153.0,111.0,0,52.75,156.08333333333334,128.58333333333334,0,65.6,179.4,118.1,1,0.0,200.0,152.0
100576,1097498,136.45679012345678,42.687219986671884,134.0,64.0,45.5375,123.60713407303803,1.0,114.5,182.8,111.87732120496986,151.0,90.0,81,14.696,5.511703864997278,66.14044637996733,0.4375,0,0.0,6,0.07407407407407407,1,0.012345679012345678,0,0,40.09090909090909,145.67857142857142,114.70833333333333,5,-38.0,133.0,137.0,2,80.5,148.0,67.5,2,-68.0,108.0,132.0,0,11.222222222222221,122.5,98.85714285714286,2,-8.0,124.0,80.0,0,52.1,144.2,111.33333333333333,1,-72.0,112.0,176.0,1,-32.0,112.0,176.0,4,57.75,151.75,171.75,1,-40.0,120.0,80.0,2,88.5,215.5,131.5,2,-55.5,96.0,175.5,2,-32.0,91.5,172.0,0,104.7,229.4,320.0,1,280.0,384.0,96.0,2,-88.0,100.0,180.0,0,-79.94444444444444,129.3148148148148,163.92592592592592,2,-15.5,120.0,99.5,0,-38.0,106.0,110.25,1,-24.0,144.0,160.0,0,-19.666666666666668,138.83333333333334,110.66666666666667,0,52.75,156.08333333333334,128.58333333333334,1,256.0,352.0,120.0,0,-6.125,165.5,141.4375
100576,1097520,122.44897959183673,54.0060696605785,120.0,40.0,37.479166666666664,92.12038988540425,1.0,99.75,160.0,84.4190934169121,140.0,82.0,49,7.799,6.282856776509808,75.3942813181177,0.3333333333333333,0,0.0,9,0.1836734693877551,1,0.02040816326530612,0,0,40.09090909090909,145.67857142857142,114.70833333333333,0,-36.22727272727273,141.6818181818182,137.96969696969697,5,129.4,199.8,81.6,1,0.0,128.0,144.0,0,11.222222222222221,122.5,98.85714285714286,1,-64.0,80.0,96.0,0,52.1,144.2,111.33333333333333,2,-19.5,148.0,83.5,3,-2.3333333333333335,149.33333333333334,104.0,0,11.869047619047619,109.96428571428571,174.77380952380955,0,-23.142857142857142,119.52380952380953,101.57142857142857,0,52.785714285714285,187.35714285714286,146.78571428571428,0,-21.083333333333332,153.5,138.41666666666666,0,140.75,264.875,159.0,0,104.7,229.4,320.0,0,76.1,178.5,153.4,0,-58.3125,111.9375,174.4375,0,-79.94444444444444,129.3148148148148,163.92592592592592,2,-48.0,84.0,120.0,0,-38.0,106.0,110.25,2,180.5,272.5,111.5,0,-19.666666666666668,138.83333333333334,110.66666666666667,0,52.75,156.08333333333334,128.58333333333334,0,65.6,179.4,118.1,0,-6.125,165.5,141.4375
100576,1097539,149.45238095238096,39.97392148755199,144.0,48.0,16.634146341463413,87.75457908907394,-16.0,120.0,165.65853658536585,73.62780815998656,136.0,112.0,42,6.959,6.035349906595775,72.42419887914932,0.5365853658536586,0,0.0,1,0.023809523809523808,2,0.047619047619047616,0,0,40.09090909090909,145.67857142857142,114.70833333333333,1,-64.0,144.0,176.0,0,80.0712962962963,149.83558201058202,78.54126984126985,1,-56.0,104.0,168.0,0,11.222222222222221,122.5,98.85714285714286,1,-48.0,120.0,128.0,0,52.1,144.2,111.33333333333333,1,72.0,216.0,103.0,0,-6.5,140.38095238095238,131.14285714285714,1,1.0,121.0,208.0,0,-23.142857142857142,119.52380952380953,101.57142857142857,0,52.785714285714285,187.35714285714286,146.78571428571428,0,-21.083333333333332,153.5,138.41666666666666,1,161.0,264.0,136.0,1,40.0,216.0,232.0,1,0.0,104.0,192.0,1,-16.0,144.0,112.0,2,-84.0,136.5,163.5,1,0.0,128.0,87.0,1,-16.0,104.0,104.0,0,69.21428571428571,200.07142857142858,123.5,0,-19.666666666666668,138.83333333333334,110.66666666666667,0,52.75,156.08333333333334,128.58333333333334,0,65.6,179.4,118.1,2,16.5,180.0,139.5
100576,1097555,158.8181818181818,119.057906599969,128.0,29.25,4.285714285714286,175.99598016435945,-32.0,79.0,167.23809523809524,139.16927163637976,128.0,70.0,22,3.584,6.138392857142857,73.66071428571429,0.5714285714285714,0,0.0,1,0.045454545454545456,2,0.09090909090909091,0,0,40.09090909090909,145.67857142857142,114.70833333333333,0,-36.22727272727273,141.6818181818182,137.96969696969697,0,80.0712962962963,149.83558201058202,78.54126984126985,1,-40.0,144.0,144.0,0,11.222222222222221,122.5,98.85714285714286,0,-16.27777777777778,131.77777777777777,94.3888888888889,0,52.1,144.2,111.33333333333333,0,25.283333333333335,183.43333333333334,119.46666666666667,0,-6.5,140.38095238095238,131.14285714285714,0,11.869047619047619,109.96428571428571,174.77380952380955,0,-23.142857142857142,119.52380952380953,101.57142857142857,0,52.785714285714285,187.35714285714286,146.78571428571428,0,-21.083333333333332,153.5,138.41666666666666,0,140.75,264.875,159.0,0,104.7,229.4,320.0,0,76.1,178.5,153.4,0,-58.3125,111.9375,174.4375,1,-63.0,145.0,128.0,1,-32.0,104.0,128.0,0,-38.0,106.0,110.25,0,69.21428571428571,200.07142857142858,123.5,0,-19.666666666666668,138.83333333333334,110.66666666666667,1,0.0,120.0,128.0,0,65.6,179.4,118.1,0,-6.125,165.5,141.4375
100576,1097562,145.70967741935485,65.6546161059904,129.0,36.5,18.233333333333334,104.58415537525535,-16.0,88.75,165.03333333333333,84.18292912197553,140.0,84.0,31,5.16,6.007751937984496,72.09302325581395,0.5333333333333333,0,0.0,0,0.0,2,0.06451612903225806,0,0,40.09090909090909,145.67857142857142,114.70833333333333,1,-64.0,88.0,136.0,0,80.0712962962963,149.83558201058202,78.54126984126985,0,-6.294871794871796,147.75641025641025,148.46153846153845,0,11.222222222222221,122.5,98.85714285714286,0,-16.27777777777778,131.77777777777777,94.3888888888889,0,52.1,144.2,111.33333333333333,0,25.283333333333335,183.43333333333334,119.46666666666667,0,-6.5,140.38095238095238,131.14285714285714,0,11.869047619047619,109.96428571428571,174.77380952380955,0,-23.142857142857142,119.52380952380953,101.57142857142857,1,-16.0,120.0,152.0,0,-21.083333333333332,153.5,138.41666666666666,0,140.75,264.875,159.0,0,104.7,229.4,320.0,0,76.1,178.5,153.4,0,-58.3125,111.9375,174.4375,1,-80.0,137.0,184.0,1,-32.0,103.0,112.0,0,-38.0,106.0,110.25,0,69.21428571428571,200.07142857142858,123.5,0,-19.666666666666668,138.83333333333334,110.66666666666667,1,89.0,184.0,119.0,0,65.6,179.4,118.1,2,-36.5,156.0,132.0
100576,1097577,138.63333333333333,227.67073934863822,115.5,46.25,51.258426966292134,115.13631667614821,32.0,98.0,190.5505617977528,237.5296556877584,136.0,89.0,90,17.039,5.2820001173777795,63.38400140853336,0.30337078651685395,0,0.0,14,0.15555555555555556,1,0.011111111111111112,0,0,40.09090909090909,145.67857142857142,114.70833333333333,1,-65.0,104.0,128.0,8,68.875,135.875,67.0,2,88.5,207.5,128.5,0,11.222222222222221,122.5,98.85714285714286,1,-88.0,72.0,104.0,0,52.1,144.2,111.33333333333333,0,25.283333333333335,183.43333333333334,119.46666666666667,3,-23.666666666666668,117.33333333333333,130.0,0,11.869047619047619,109.96428571428571,174.77380952380955,1,2.0,138.0,127.0,0,52.785714285714285,187.35714285714286,146.78571428571428,1,16.0,201.0,128.0,1,1.0,136.0,160.0,0,104.7,229.4,320.0,0,76.1,178.5,153.4,0,-58.3125,111.9375,174.4375,0,-79.94444444444444,129.3148148148148,163.92592592592592,2,-52.5,96.0,124.0,1,-64.0,88.0,121.0,1,24.0,152.0,113.0,2,-36.0,127.5,109.0,2,108.5,208.5,123.5,2,-23.0,125.5,119.0,0,-6.125,165.5,141.4375
100576,1097605,125.06422018348624,56.082062289384645,120.0,63.0,61.5462962962963,111.74196335831704,40.5,128.5,186.87962962962962,105.66672954717657,160.0,97.25,109,20.279,5.375018492036096,64.50022190443316,0.25925925925925924,0,0.0,24,0.22018348623853212,3,0.027522935779816515,0,0,40.09090909090909,145.67857142857142,114.70833333333333,6,-11.833333333333334,161.33333333333334,117.16666666666667,14,76.0,148.42857142857142,72.57142857142857,3,16.0,162.66666666666666,143.66666666666666,0,11.222222222222221,122.5,98.85714285714286,3,0.6666666666666666,133.33333333333334,103.66666666666667,0,52.1,144.2,111.33333333333333,0,25.283333333333335,183.43333333333334,119.46666666666667,1,97.0,216.0,111.0,3,-15.666666666666666,88.0,156.66666666666666,0,-23.142857142857142,119.52380952380953,101.57142857142857,0,52.785714285714285,187.35714285714286,146.78571428571428,0,-21.083333333333332,153.5,138.41666666666666,0,140.75,264.875,159.0,2,43.5,156.0,360.0,0,76.1,178.5,153.4,1,32.0,192.0,193.0,1,-88.0,119.0,137.0,0,-24.444444444444443,115.88888888888889,110.16666666666667,0,-38.0,106.0,110.25,0,69.21428571428571,200.07142857142858,123.5,0,-19.666666666666668,138.83333333333334,110.66666666666667,0,52.75,156.08333333333334,128.58333333333334,1,39.0,144.0,96.0,0,-6.125,165.5,141.4375
100580,1097405,90.35,32.13970804679678,81.5,35.25,42.20338983050848,109.02958386603414,16.0,94.5,132.11864406779662,102.72541724088538,114.0,84.5,60,7.911,7.58437618505878,91.01251422070536,0.3559322033898305,0,0.0,2,0.03333333333333333,1,0.016666666666666666,0,0,40.09090909090909,145.67857142857142,114.70833333333333,3,200.33333333333334,283.0,99.0,1,78.0,124.0,70.0,3,-17.333333333333332,94.33333333333333,69.66666666666667,0,11.222222222222221,122.5,98.85714285714286,2,-22.5,66.5,89.0,0,52.1,144.2,111.33333333333333,0,33.76388888888889,120.1388888888889,116.875,0,0.5555555555555556,86.66666666666667,133.11111111111111,2,-8.0,81.0,108.0,1,-53.0,114.0,120.0,2,16.0,114.5,116.0,1,15.0,118.0,131.0,0,34.666666666666664,157.66666666666666,91.66666666666667,0,19.25,149.88888888888889,212.1111111111111,1,-35.0,67.0,149.0,1,-33.0,60.0,66.0,0,-36.833333333333336,82.0,110.0,0,-53.25,103.125,96.375,1,-67.0,85.0,102.0,1,-36.0,75.0,74.0,0,-6.2,95.4,109.2,2,7.5,83.5,84.0,1,0.0,85.0,99.0,0,-16.285714285714285,70.28571428571429,129.0
100580,1097412,114.0,113.2844870227164,100.0,44.75,12.03225806451613,120.20130530958036,0.0,105.0,126.19354838709677,69.0948013332401,113.0,68.0,32,4.021,7.958219348420791,95.49863218104949,0.3548387096774194,0,0.0,3,0.09375,1,0.03125,0,0,40.09090909090909,145.67857142857142,114.70833333333333,1,93.0,149.0,88.0,1,78.0,143.0,71.0,1,-52.0,71.0,65.0,0,11.222222222222221,122.5,98.85714285714286,2,46.5,135.5,83.0,0,52.1,144.2,111.33333333333333,1,0.0,97.0,103.0,0,0.5555555555555556,86.66666666666667,133.11111111111111,1,-71.0,37.0,56.0,0,-30.772727272727273,92.03787878787878,101.34848484848484,1,0.0,113.0,119.0,0,-4.5,81.42857142857143,114.71428571428571,0,34.666666666666664,157.66666666666666,91.66666666666667,0,19.25,149.88888888888889,212.1111111111111,0,8.25925925925926,116.51851851851853,126.81481481481481,0,-7.2666666666666675,107.66666666666667,79.0,0,-36.833333333333336,82.0,110.0,0,-53.25,103.125,96.375,0,9.0,143.57142857142858,104.28571428571429,0,38.92857142857143,171.0,103.71428571428571,1,0.0,100.0,105.0,0,13.625,99.375,102.125,0,3.75,83.5,87.375,1,-16.0,54.0,113.0
100580,1097421,117.0909090909091,50.754049628763696,107.0,41.0,23.962962962962962,125.57718048231342,-16.0,68.0,141.0,120.56641016161699,99.0,64.25,55,7.734,7.111455908973364,85.33747090768038,0.5740740740740741,0,0.0,0,0.0,2,0.03636363636363636,0,0,40.09090909090909,145.67857142857142,114.70833333333333,1,-44.0,52.0,150.0,0,111.27638888888889,181.22083333333333,73.95972222222223,1,-38.0,96.0,100.0,0,11.222222222222221,122.5,98.85714285714286,0,-8.361111111111112,82.13888888888889,87.7638888888889,0,52.1,144.2,111.33333333333333,1,-15.0,52.0,134.0,1,-31.0,54.0,161.0,1,-66.0,53.0,116.0,1,-16.0,111.0,121.0,0,5.375,108.375,111.625,0,-4.5,81.42857142857143,114.71428571428571,0,34.666666666666664,157.66666666666666,91.66666666666667,0,19.25,149.88888888888889,212.1111111111111,1,0.0,93.0,135.0,0,-7.2666666666666675,107.66666666666667,79.0,1,-50.0,66.0,100.0,0,-53.25,103.125,96.375,0,9.0,143.57142857142858,104.28571428571429,1,-37.0,98.0,101.0,1,-15.0,92.0,93.0,0,13.625,99.375,102.125,0,3.75,83.5,87.375,1,-65.0,35.0,178.0
100580,1097430,109.61111111111111,64.0647579397327,103.5,39.25,84.05714285714286,166.64657946978565,46.0,93.5,194.82857142857142,151.74668472994927,145.0,92.0,36,6.888,5.2264808362369335,62.717770034843205,0.2571428571428571,0,0.0,3,0.08333333333333333,2,0.05555555555555555,0,0,40.09090909090909,145.67857142857142,114.70833333333333,1,17.0,104.0,149.0,0,111.27638888888889,181.22083333333333,73.95972222222223,1,-54.0,117.0,85.0,0,11.222222222222221,122.5,98.85714285714286,1,0.0,85.0,138.0,0,52.1,144.2,111.33333333333333,1,0.0,66.0,113.0,2,39.0,120.0,145.0,0,-3.5416666666666665,77.5,91.5,0,-30.772727272727273,92.03787878787878,101.34848484848484,0,5.375,108.375,111.625,0,-4.5,81.42857142857143,114.71428571428571,1,16.0,129.0,105.0,1,47.0,196.0,158.0,0,8.25925925925926,116.51851851851853,126.81481481481481,0,-7.2666666666666675,107.66666666666667,79.0,0,-36.833333333333336,82.0,110.0,0,-53.25,103.125,96.375,1,46.0,148.0,88.0,0,38.92857142857143,171.0,103.71428571428571,0,-6.2,95.4,109.2,0,13.625,99.375,102.125,0,3.75,83.5,87.375,0,-16.285714285714285,70.28571428571429,129.0
100580,1097443,111.63157894736842,38.65303672913835,102.0,46.0,27.571428571428573,134.91132764349558,0.0,70.25,139.91071428571428,124.6392332158404,102.0,52.0,57,7.907,7.20880232705198,86.50562792462375,0.48214285714285715,0,0.0,1,0.017543859649122806,1,0.017543859649122806,1,0,40.09090909090909,145.67857142857142,114.70833333333333,1,-35.0,72.0,113.0,0,111.27638888888889,181.22083333333333,73.95972222222223,2,-35.0,120.5,87.5,0,11.222222222222221,122.5,98.85714285714286,1,-33.0,69.0,101.0,0,52.1,144.2,111.33333333333333,1,0.0,53.0,149.0,1,-35.0,67.0,198.0,0,-3.5416666666666665,77.5,91.5,2,-74.5,83.5,132.5,0,5.375,108.375,111.625,1,-22.0,80.0,114.0,0,34.666666666666664,157.66666666666666,91.66666666666667,0,19.25,149.88888888888889,212.1111111111111,1,140.0,268.0,144.0,0,-7.2666666666666675,107.66666666666667,79.0,0,-36.833333333333336,82.0,110.0,2,-85.0,109.5,101.0,1,-39.0,115.0,105.0,0,38.92857142857143,171.0,103.71428571428571,0,-6.2,95.4,109.2,2,0.0,86.0,124.5,0,3.75,83.5,87.375,1,15.0,115.0,118.0
100580,1097455,117.95348837209302,42.18120020366843,113.0,61.5,6.904761904761905,110.14531732990385,-16.0,78.25,126.52380952380952,104.11148742602306,101.0,60.0,43,5.362,8.019395747855278,96.23274897426333,0.6190476190476191,0,0.0,0,0.0,4,0.09302325581395349,0,0,40.09090909090909,145.67857142857142,114.70833333333333,2,0.5,75.0,153.0,0,111.27638888888889,181.22083333333333,73.95972222222223,0,-9.861111111111109,111.41666666666667,84.77777777777779,0,11.222222222222221,122.5,98.85714285714286,0,-8.361111111111112,82.13888888888889,87.7638888888889,0,52.1,144.2,111.33333333333333,0,33.76388888888889,120.1388888888889,116.875,1,0.0,70.0,161.0,1,95.0,145.0,96.0,1,-66.0,71.0,133.0,0,5.375,108.375,111.625,0,-4.5,81.42857142857143,114.71428571428571,1,47.0,160.0,90.0,3,-74.0,78.33333333333333,175.66666666666666,3,71.33333333333333,212.66666666666666,152.33333333333334,0,-7.2666666666666675,107.66666666666667,79.0,0,-36.833333333333336,82.0,110.0,2,-52.0,101.0,99.5,1,268.0,352.0,115.0,1,-44.0,115.0,137.0,0,-6.2,95.4,109.2,0,13.625,99.375,102.125,0,3.75,83.5,87.375,0,-16.285714285714285,70.28571428571429,129.0
100580,1097462,113.80952380952381,46.46465020659105,111.5,45.5,18.951219512195124,86.98610800764493,0.0,67.0,132.5609756097561,87.43333314811719,118.0,54.0,42,5.557,7.558034910923159,90.69641893107793,0.4634146341463415,0,0.0,0,0.0,2,0.047619047619047616,0,0,40.09090909090909,145.67857142857142,114.70833333333333,2,-30.0,58.5,125.0,0,111.27638888888889,181.22083333333333,73.95972222222223,1,-37.0,99.0,120.0,0,11.222222222222221,122.5,98.85714285714286,1,-36.0,84.0,87.0,0,52.1,144.2,111.33333333333333,2,39.0,124.5,135.5,0,0.5555555555555556,86.66666666666667,133.11111111111111,1,-35.0,52.0,66.0,1,23.0,38.0,99.0,0,5.375,108.375,111.625,1,15.0,83.0,132.0,1,-41.0,112.0,103.0,1,94.0,226.0,163.0,1,-43.0,87.0,145.0,1,94.0,221.0,103.0,0,-36.833333333333336,82.0,110.0,0,-53.25,103.125,96.375,1,-54.0,101.0,130.0,0,38.92857142857143,171.0,103.71428571428571,0,-6.2,95.4,109.2,0,13.625,99.375,102.125,0,3.75,83.5,87.375,0,-16.285714285714285,70.28571428571429,129.0
100580,1097473,101.08474576271186,29.316674341181486,100.0,39.0,32.1551724137931,112.94640195519929,0.0,78.25,133.32758620689654,100.60598938964893,98.0,63.5,59,7.829,7.536083791033338,90.43300549240006,0.46551724137931033,0,0.0,3,0.05084745762711865,1,0.01694915254237288,0,0,40.09090909090909,145.67857142857142,114.70833333333333,3,169.66666666666666,242.33333333333334,115.0,1,78.0,116.0,71.0,1,-32.0,97.0,70.0,0,11.222222222222221,122.5,98.85714285714286,1,0.0,99.0,89.0,0,52.1,144.2,111.33333333333333,1,-16.0,68.0,130.0,1,-47.0,38.0,100.0,1,-50.0,39.0,137.0,1,-38.0,93.0,70.0,2,-25.5,93.5,124.0,0,-4.5,81.42857142857143,114.71428571428571,0,34.666666666666664,157.66666666666666,91.66666666666667,0,19.25,149.88888888888889,212.1111111111111,1,-35.0,69.0,129.0,1,-35.0,69.0,51.0,1,-54.0,83.0,87.0,0,-53.25,103.125,96.375,1,-37.0,89.0,104.0,0,38.92857142857143,171.0,103.71428571428571,1,-16.0,97.0,120.0,0,13.625,99.375,102.125,0,3.75,83.5,87.375,1,-49.0,38.0,127.0
100580,1097485,125.41379310344827,80.72751837845259,101.0,43.0,-3.107142857142857,101.51718337507283,-8.0,111.75,123.35714285714286,63.65600313162835,101.5,71.0,29,3.8,7.631578947368421,91.57894736842107,0.5,0,0.0,2,0.06896551724137931,3,0.10344827586206896,0,0,40.09090909090909,145.67857142857142,114.70833333333333,0,22.692307692307693,107.56410256410255,129.26923076923077,1,86.0,117.0,101.0,0,-9.861111111111109,111.41666666666667,84.77777777777779,0,11.222222222222221,122.5,98.85714285714286,0,-8.361111111111112,82.13888888888889,87.7638888888889,0,52.1,144.2,111.33333333333333,0,33.76388888888889,120.1388888888889,116.875,1,16.0,98.0,69.0,0,-3.5416666666666665,77.5,91.5,0,-30.772727272727273,92.03787878787878,101.34848484848484,0,5.375,108.375,111.625,0,-4.5,81.42857142857143,114.71428571428571,0,34.666666666666664,157.66666666666666,91.66666666666667,1,65.0,165.0,308.0,1,0.0,96.0,100.0,0,-7.2666666666666675,107.66666666666667,79.0,0,-36.833333333333336,82.0,110.0,1,-38.0,97.0,100.0,0,9.0,143.57142857142858,104.28571428571429,0,38.92857142857143,171.0,103.71428571428571,1,-81.0,35.0,96.0,0,13.625,99.375,102.125,0,3.75,83.5,87.375,0,-16.285714285714285,70.28571428571429,129.0
100580,1097493,95.97058823529412,38.501707597056956,90.5,45.75,31.82089552238806,84.92523935671335,0.0,82.5,128.59701492537314,82.7061079340383,112.0,65.5,68,8.658,7.854007854007855,94.24809424809426,0.31343283582089554,0,0.0,6,0.08823529411764706,1,0.014705882352941176,0,0,40.09090909090909,145.67857142857142,114.70833333333333,1,-25.0,44.0,157.0,5,96.6,152.6,65.4,2,-8.0,104.5,62.0,0,11.222222222222221,122.5,98.85714285714286,3,-7.333333333333333,74.66666666666667,72.66666666666667,0,52.1,144.2,111.33333333333333,2,-7.5,91.5,120.0,1,16.0,84.0,112.0,2,23.0,98.0,70.5,3,31.0,150.66666666666666,90.33333333333333,0,5.375,108.375,111.625,0,-4.5,81.42857142857143,114.71428571428571,0,34.666666666666664,157.66666666666666,91.66666666666667,0,19.25,149.88888888888889,212.1111111111111,0,8.25925925925926,116.51851851851853,126.81481481481481,1,0.0,118.0,54.0,0,-36.833333333333336,82.0,110.0,0,-53.25,103.125,96.375,0,9.0,143.57142857142858,104.28571428571429,2,171.5,318.0,115.5,0,-6.2,95.4,109.2,0,13.625,99.375,102.125,0,3.75,83.5,87.375,1,0.0,54.0,160.0
100580,1097502,105.63934426229508,38.97541586940361,101.0,41.0,30.3,108.31948116567027,0.0,82.25,136.0,99.0,112.0,70.25,61,8.262,7.38320019365771,88.5984023238925,0.3333333333333333,0,0.0,2,0.03278688524590164,3,0.04918032786885246,0,0,40.09090909090909,145.67857142857142,114.70833333333333,0,22.692307692307693,107.56410256410255,129.26923076923077,0,111.27638888888889,181.22083333333333,73.95972222222223,0,-9.861111111111109,111.41666666666667,84.77777777777779,0,11.222222222222221,122.5,98.85714285714286,2,-39.5,52.0,82.5,0,52.1,144.2,111.33333333333333,1,406.0,539.0,84.0,0,0.5555555555555556,86.66666666666667,133.11111111111111,1,0.0,67.0,115.0,1,0.0,116.0,76.0,2,31.0,112.5,87.5,2,-56.5,70.0,123.0,1,171.0,284.0,67.0,2,-63.5,59.0,180.0,0,8.25925925925926,116.51851851851853,126.81481481481481,0,-7.2666666666666675,107.66666666666667,79.0,1,-82.0,66.0,120.0,0,-53.25,103.125,96.375,0,9.0,143.57142857142858,104.28571428571429,1,47.0,193.0,99.0,1,81.0,153.0,132.0,0,13.625,99.375,102.125,1,0.0,103.0,37.0,0,-16.285714285714285,70.28571428571429,129.0
100580,1097519,97.39473684210526,41.67135799997796,92.0,46.5,40.13333333333333,98.24816650819608,16.0,96.0,138.12,92.84954998993443,112.0,81.0,76,10.412,7.2992700729927,87.5912408759124,0.30666666666666664,0,0.0,6,0.07894736842105263,1,0.013157894736842105,0,0,40.09090909090909,145.67857142857142,114.70833333333333,2,23.5,128.5,110.5,4,79.5,137.5,62.5,2,172.0,292.0,104.5,0,11.222222222222221,122.5,98.85714285714286,1,0.0,96.0,86.0,0,52.1,144.2,111.33333333333333,1,15.0,112.0,116.0,1,16.0,136.0,120.0,2,15.5,87.0,81.5,2,-47.0,61.5,96.0,0,5.375,108.375,111.625,0,-4.5,81.42857142857143,114.71428571428571,0,34.666666666666664,157.66666666666666,91.66666666666667,0,19.25,149.88888888888889,212.1111111111111,0,8.25925925925926,116.51851851851853,126.81481481481481,3,-62.333333333333336,70.33333333333333,121.0,1,0.0,80.0,120.0,1,-38.0,105.0,85.0,1,-54.0,115.0,86.0,0,38.92857142857143,171.0,103.71428571428571,0,-6.2,95.4,109.2,0,13.625,99.375,102.125,1,15.0,75.0,99.0,1,16.0,101.0,100.0
100580,1097537,92.28,30.846095376886847,83.0,41.0,24.708333333333332,79.66831195999796,15.0,54.25,116.45833333333333,74.0135005515135,96.5,51.0,25,2.9,8.620689655172415,103.44827586206897,0.4166666666666667,0,0.0,1,0.04,1,0.04,0,0,40.09090909090909,145.67857142857142,114.70833333333333,1,-44.0,53.0,169.0,0,111.27638888888889,181.22083333333333,73.95972222222223,1,15.0,90.0,69.0,0,11.222222222222221,122.5,98.85714285714286,2,-8.0,59.5,67.0,0,52.1,144.2,111.33333333333333,1,-15.0,58.0,75.0,0,0.5555555555555556,86.66666666666667,133.11111111111111,2,23.0,90.0,84.0,0,-30.772727272727273,92.03787878787878,101.34848484848484,0,5.375,108.375,111.625,1,41.0,100.0,115.0,1,15.0,130.0,55.0,0,19.25,149.88888888888889,212.1111111111111,0,8.25925925925926,116.51851851851853,126.81481481481481,0,-7.2666666666666675,107.66666666666667,79.0,0,-36.833333333333336,82.0,110.0,0,-53.25,103.125,96.375,0,9.0,143.57142857142858,104.28571428571429,1,156.0,263.0,82.0,0,-6.2,95.4,109.2,0,13.625,99.375,102.125,0,3.75,83.5,87.375,1,-15.0,95.0,107.0
100580,1097544,111.76635514018692,94.07837053543629,92.0,54.5,76.76415094339623,177.24540880163931,31.0,111.5,188.95283018867926,233.51992287336532,131.5,94.75,107,20.096,5.3244426751592355,63.893312101910816,0.32075471698113206,0,0.0,15,0.14018691588785046,2,0.018691588785046728,0,0,40.09090909090909,145.67857142857142,114.70833333333333,1,-15.0,69.0,128.0,9,262.0,467.22222222222223,86.0,1,0.0,97.0,85.0,0,11.222222222222221,122.5,98.85714285714286,1,-16.0,59.0,67.0,0,52.1,144.2,111.33333333333333,3,-27.333333333333332,66.33333333333333,110.66666666666667,1,31.0,113.0,132.0,1,31.0,98.0,84.0,4,-41.0,96.75,89.0,0,5.375,108.375,111.625,2,-24.0,64.0,106.0,0,34.666666666666664,157.66666666666666,91.66666666666667,1,47.0,175.0,288.0,1,-16.0,76.0,92.0,0,-7.2666666666666675,107.66666666666667,79.0,1,16.0,133.0,116.0,0,-53.25,103.125,96.375,0,9.0,143.57142857142858,104.28571428571429,0,38.92857142857143,171.0,103.71428571428571,0,-6.2,95.4,109.2,1,16.0,112.0,103.0,0,3.75,83.5,87.375,0,-16.285714285714285,70.28571428571429,129.0
100580,1097581,95.8157894736842,34.7781353447959,89.5,39.5,42.77333333333333,96.54837451879872,15.0,126.0,138.49333333333334,85.11723262000996,114.0,85.5,76,10.49,7.244995233555767,86.93994280266921,0.3466666666666667,0,0.0,12,0.15789473684210525,1,0.013157894736842105,0,0,40.09090909090909,145.67857142857142,114.70833333333333,1,-16.0,68.0,124.0,9,132.11111111111111,192.44444444444446,64.77777777777777,3,-32.0,58.666666666666664,99.66666666666667,0,11.222222222222221,122.5,98.85714285714286,2,15.5,105.5,91.0,0,52.1,144.2,111.33333333333333,3,26.0,114.33333333333333,132.33333333333334,0,0.5555555555555556,86.66666666666667,133.11111111111111,1,0.0,83.0,84.0,2,-57.0,77.0,88.0,0,5.375,108.375,111.625,1,0.0,55.0,82.0,1,0.0,131.0,130.0,0,19.25,149.88888888888889,212.1111111111111,2,-8.0,80.0,95.0,0,-7.2666666666666675,107.66666666666667,79.0,1,-51.0,64.0,117.0,0,-53.25,103.125,96.375,0,9.0,143.57142857142858,104.28571428571429,4,15.0,135.0,117.5,0,-6.2,95.4,109.2,1,31.0,116.0,97.0,2,0.0,71.0,114.5,0,-16.285714285714285,70.28571428571429,129.0
100773,1099602,106.58823529411765,34.92691330988757,101.0,51.0,-29.1875,33.96177768830719,-26.0,28.5,81.125,22.6546766695091,79.5,39.25,17,1.345,12.639405204460967,151.67286245353162,0.8125,0,0.0,0,0.0,1,0.058823529411764705,0,0,40.09090909090909,145.67857142857142,114.70833333333333,1,-26.0,84.0,77.0,0,69.80285714285715,125.70214285714285,61.30285714285715,0,21.4,115.15,82.6,0,11.222222222222221,122.5,98.85714285714286,0,-15.854166666666666,72.6875,74.8125,0,52.1,144.2,111.33333333333333,0,0.08333333333333348,91.0625,82.0,0,-7.785714285714286,93.14285714285714,67.57142857142857,0,12.5,78.5,102.72222222222223,0,-18.270833333333332,83.45833333333333,98.5,0,20.916666666666668,103.41666666666667,112.5,0,-42.0,74.33333333333333,81.0,1,1.0,59.0,100.0,0,-22.7,56.7,186.1,0,-34.666666666666664,73.66666666666667,103.0,0,-42.75,63.25,111.75,0,-48.25,72.0,102.0,1,-26.0,75.0,108.0,0,-22.0,74.5,108.875,0,36.69444444444445,119.63888888888887,92.8611111111111,0,37.333333333333336,155.0,90.0,0,-13.1,72.6,81.4,0,7.666666666666667,80.0,86.33333333333334,0,-9.875,97.375,114.5
100773,1099606,97.71621621621621,54.12361233980976,88.0,43.75,17.273972602739725,66.81179050116718,1.0,71.0,115.67123287671232,56.73153668502554,103.0,62.0,74,8.492,8.714083843617521,104.56900612341026,0.4520547945205479,0,0.0,3,0.04054054054054054,4,0.05405405405405406,0,0,40.09090909090909,145.67857142857142,114.70833333333333,1,-37.0,68.0,95.0,0,69.80285714285715,125.70214285714285,61.30285714285715,1,29.0,107.0,94.0,0,11.222222222222221,122.5,98.85714285714286,1,-2.0,97.0,69.0,0,52.1,144.2,111.33333333333333,3,7.666666666666667,119.0,88.0,1,-21.0,72.0,67.0,0,12.5,78.5,102.72222222222223,0,-18.270833333333332,83.45833333333333,98.5,1,1.0,68.0,131.0,0,-42.0,74.33333333333333,81.0,0,31.6,96.4,88.8,2,28.5,119.5,250.5,0,-34.666666666666664,73.66666666666667,103.0,1,-33.0,71.0,124.0,1,-29.0,97.0,63.0,0,-22.8,68.6,82.8,2,-14.0,66.0,112.5,0,36.69444444444445,119.63888888888887,92.8611111111111,1,89.0,247.0,104.0,1,-1.0,80.0,59.0,0,7.666666666666667,80.0,86.33333333333334,0,-9.875,97.375,114.5
100773,1099621,90.48148148148148,36.125676075047885,81.0,34.5,9.884615384615385,59.360908480424236,-0.5,65.25,102.07692307692308,45.09982353446892,92.5,48.5,27,2.7,10.0,120.0,0.5,0,0.0,0,0.0,1,0.037037037037037035,1,0,40.09090909090909,145.67857142857142,114.70833333333333,0,-24.55925925925926,89.24074074074073,85.5925925925926,0,69.80285714285715,125.70214285714285,61.30285714285715,0,21.4,115.15,82.6,0,11.222222222222221,122.5,98.85714285714286,0,-15.854166666666666,72.6875,74.8125,0,52.1,144.2,111.33333333333333,1,25.0,73.0,79.0,0,-7.785714285714286,93.14285714285714,67.57142857142857,1,17.0,98.0,87.0,0,-18.270833333333332,83.45833333333333,98.5,0,20.916666666666668,103.41666666666667,112.5,0,-42.0,74.33333333333333,81.0,1,36.0,115.0,74.0,0,-22.7,56.7,186.1,1,-79.0,33.0,78.0,0,-42.75,63.25,111.75,0,-48.25,72.0,102.0,0,-22.8,68.6,82.8,1,-34.0,84.0,112.0,1,157.0,235.0,70.0,0,37.333333333333336,155.0,90.0,0,-13.1,72.6,81.4,0,7.666666666666667,80.0,86.33333333333334,0,-9.875,97.375,114.5
100773,1099628,98.0,26.795522013948524,91.5,28.75,-10.529411764705882,46.052550094888495,-16.0,37.0,88.82352941176471,40.8112373424968,81.0,53.0,18,1.585,11.35646687697161,136.2776025236593,0.6470588235294118,0,0.0,0,0.0,1,0.05555555555555555,0,0,40.09090909090909,145.67857142857142,114.70833333333333,0,-24.55925925925926,89.24074074074073,85.5925925925926,0,69.80285714285715,125.70214285714285,61.30285714285715,0,21.4,115.15,82.6,0,11.222222222222221,122.5,98.85714285714286,0,-15.854166666666666,72.6875,74.8125,0,52.1,144.2,111.33333333333333,0,0.08333333333333348,91.0625,82.0,1,-29.0,81.0,63.0,0,12.5,78.5,102.72222222222223,0,-18.270833333333332,83.45833333333333,98.5,1,0.0,63.0,114.0,0,-42.0,74.33333333333333,81.0,0,31.6,96.4,88.8,0,-22.7,56.7,186.1,0,-34.666666666666664,73.66666666666667,103.0,0,-42.75,63.25,111.75,0,-48.25,72.0,102.0,0,-22.8,68.6,82.8,0,-22.0,74.5,108.875,0,36.69444444444445,119.63888888888887,92.8611111111111,0,37.333333333333336,155.0,90.0,0,-13.1,72.6,81.4,0,7.666666666666667,80.0,86.33333333333334,0,-9.875,97.375,114.5
100773,1099632,85.37777777777778,24.647099346025275,85.0,27.0,8.363636363636363,49.597054031414416,-1.0,51.0,93.88636363636364,46.848991407155914,87.0,40.25,45,4.21,10.688836104513065,128.26603325415675,0.5454545454545454,0,0.0,6,0.13333333333333333,1,0.022222222222222223,0,0,40.09090909090909,145.67857142857142,114.70833333333333,0,-24.55925925925926,89.24074074074073,85.5925925925926,4,63.25,119.75,54.75,1,0.0,91.0,57.0,0,11.222222222222221,122.5,98.85714285714286,2,-26.5,49.0,85.0,0,52.1,144.2,111.33333333333333,1,-1.0,94.0,59.0,0,-7.785714285714286,93.14285714285714,67.57142857142857,0,12.5,78.5,102.72222222222223,3,-26.0,87.0,120.66666666666667,2,14.0,79.5,97.5,0,-42.0,74.33333333333333,81.0,0,31.6,96.4,88.8,0,-22.7,56.7,186.1,1,-3.0,101.0,97.0,0,-42.75,63.25,111.75,0,-48.25,72.0,102.0,1,-24.0,54.0,77.0,0,-22.0,74.5,108.875,0,36.69444444444445,119.63888888888887,92.8611111111111,1,-1.0,100.0,93.0,0,-13.1,72.6,81.4,0,7.666666666666667,80.0,86.33333333333334,1,-1.0,86.0,91.0
100773,1099636,88.32142857142857,27.187252227348566,88.0,39.75,41.49090909090909,115.92393630421832,1.0,90.0,130.56363636363636,107.87766870376221,97.0,75.5,56,7.228,7.74764803541782,92.97177642501383,0.45454545454545453,0,0.0,4,0.07142857142857142,2,0.03571428571428571,0,0,40.09090909090909,145.67857142857142,114.70833333333333,3,-23.666666666666668,90.66666666666667,98.33333333333333,2,70.5,126.5,71.0,1,59.0,129.0,88.0,0,11.222222222222221,122.5,98.85714285714286,1,-2.0,92.0,56.0,0,52.1,144.2,111.33333333333333,0,0.08333333333333348,91.0625,82.0,0,-7.785714285714286,93.14285714285714,67.57142857142857,1,21.0,77.0,111.0,0,-18.270833333333332,83.45833333333333,98.5,2,113.5,226.0,92.5,2,-40.0,70.5,88.5,0,31.6,96.4,88.8,1,-27.0,40.0,109.0,0,-34.666666666666664,73.66666666666667,103.0,0,-42.75,63.25,111.75,0,-48.25,72.0,102.0,1,-15.0,86.0,68.0,0,-22.0,74.5,108.875,0,36.69444444444445,119.63888888888887,92.8611111111111,0,37.333333333333336,155.0,90.0,0,-13.1,72.6,81.4,0,7.666666666666667,80.0,86.33333333333334,0,-9.875,97.375,114.5
100773,1099649,93.16417910447761,28.03760641673718,92.0,31.0,5.909090909090909,59.96305106574337,-16.5,84.75,99.54545454545455,49.848309845874994,92.0,64.75,67,6.632,10.102533172496985,121.23039806996381,0.5909090909090909,0,0.0,7,0.1044776119402985,2,0.029850746268656716,0,0,40.09090909090909,145.67857142857142,114.70833333333333,2,-12.0,110.5,82.0,5,75.8,125.6,55.8,2,50.0,135.5,89.5,0,11.222222222222221,122.5,98.85714285714286,1,-39.0,62.0,93.0,0,52.1,144.2,111.33333333333333,0,0.08333333333333348,91.0625,82.0,2,22.5,102.0,75.0,0,12.5,78.5,102.72222222222223,1,-24.0,110.0,84.0,1,17.0,104.0,127.0,2,-35.0,72.5,104.5,0,31.6,96.4,88.8,0,-22.7,56.7,186.1,0,-34.666666666666664,73.66666666666667,103.0,1,-41.0,63.0,86.0,0,-48.25,72.0,102.0,0,-22.8,68.6,82.8,0,-22.0,74.5,108.875,3,19.666666666666668,96.33333333333333,90.66666666666667,0,37.333333333333336,155.0,90.0,2,-30.5,50.0,86.0,0,7.666666666666667,80.0,86.33333333333334,0,-9.875,97.375,114.5
100773,1099657,89.22222222222223,23.067266102251885,91.0,32.5,11.538461538461538,48.43570740145425,0.0,63.75,103.0,45.1373970825148,95.0,54.75,27,2.709,9.966777408637874,119.60132890365449,0.46153846153846156,0,0.0,1,0.037037037037037035,1,0.037037037037037035,0,0,40.09090909090909,145.67857142857142,114.70833333333333,2,-11.5,94.0,80.0,0,69.80285714285715,125.70214285714285,61.30285714285715,0,21.4,115.15,82.6,0,11.222222222222221,122.5,98.85714285714286,0,-15.854166666666666,72.6875,74.8125,0,52.1,144.2,111.33333333333333,2,11.5,91.5,74.0,1,-2.0,83.0,62.0,1,0.0,63.0,91.0,1,-37.0,71.0,76.0,0,20.916666666666668,103.41666666666667,112.5,0,-42.0,74.33333333333333,81.0,0,31.6,96.4,88.8,0,-22.7,56.7,186.1,0,-34.666666666666664,73.66666666666667,103.0,1,-58.0,47.0,95.0,0,-48.25,72.0,102.0,0,-22.8,68.6,82.8,0,-22.0,74.5,108.875,2,22.5,101.5,108.5,0,37.333333333333336,155.0,90.0,0,-13.1,72.6,81.4,0,7.666666666666667,80.0,86.33333333333334,0,-9.875,97.375,114.5
100773,1099662,88.14583333333333,31.63923565193838,83.0,47.0,9.74468085106383,46.7207494498265,-1.0,89.5,98.74468085106383,32.17073341917978,94.0,50.5,48,4.689,10.236724248240563,122.84069097888676,0.5106382978723404,0,0.0,8,0.16666666666666666,1,0.020833333333333332,0,0,40.09090909090909,145.67857142857142,114.70833333333333,0,-24.55925925925926,89.24074074074073,85.5925925925926,7,68.71428571428571,128.28571428571428,60.714285714285715,0,21.4,115.15,82.6,0,11.222222222222221,122.5,98.85714285714286,0,-15.854166666666666,72.6875,74.8125,0,52.1,144.2,111.33333333333333,0,0.08333333333333348,91.0625,82.0,2,-21.0,74.0,97.0,0,12.5,78.5,102.72222222222223,0,-18.270833333333332,83.45833333333333,98.5,1,-20.0,80.0,113.0,0,-42.0,74.33333333333333,81.0,0,31.6,96.4,88.8,0,-22.7,56.7,186.1,0,-34.666666666666664,73.66666666666667,103.0,0,-42.75,63.25,111.75,1,-38.0,73.0,124.0,1,-16.0,60.0,71.0,0,-22.0,74.5,108.875,0,36.69444444444445,119.63888888888887,92.8611111111111,0,37.333333333333336,155.0,90.0,0,-13.1,72.6,81.4,3,-1.6666666666666667,67.0,77.66666666666667,1,-7.0,117.0,126.0
100773,1099669,97.671875,35.456864060212304,95.5,38.0,18.396825396825395,97.59204685305824,-2.0,72.5,116.60317460317461,87.75354009637279,98.0,66.0,64,7.41,8.63697705802969,103.64372469635629,0.5555555555555556,0,0.0,0,0.0,2,0.03125,1,0,40.09090909090909,145.67857142857142,114.70833333333333,5,-26.2,101.0,87.0,0,69.80285714285715,125.70214285714285,61.30285714285715,2,0.0,127.5,86.5,0,11.222222222222221,122.5,98.85714285714286,2,-51.0,35.5,67.0,0,52.1,144.2,111.33333333333333,0,0.08333333333333348,91.0625,82.0,0,-7.785714285714286,93.14285714285714,67.57142857142857,3,42.0,113.0,123.0,3,-27.666666666666668,44.666666666666664,102.33333333333333,0,20.916666666666668,103.41666666666667,112.5,0,-42.0,74.33333333333333,81.0,0,31.6,96.4,88.8,1,-76.0,58.0,244.0,1,-22.0,87.0,134.0,0,-42.75,63.25,111.75,0,-48.25,72.0,102.0,0,-22.8,68.6,82.8,0,-22.0,74.5,108.875,2,-15.0,67.0,109.0,1,24.0,118.0,73.0,0,-13.1,72.6,81.4,0,7.666666666666667,80.0,86.33333333333334,0,-9.875,97.375,114.5
100773,1099681,102.46,52.86670407733018,101.0,39.75,15.408163265306122,117.75604640091032,-2.0,49.0,118.48979591836735,102.77995565105007,105.0,62.0,50,5.878,8.506294658046954,102.07553589656345,0.5714285714285714,0,0.0,0,0.0,1,0.02,0,0,40.09090909090909,145.67857142857142,114.70833333333333,1,-45.0,81.0,104.0,0,69.80285714285715,125.70214285714285,61.30285714285715,2,61.0,146.5,91.0,0,11.222222222222221,122.5,98.85714285714286,0,-15.854166666666666,72.6875,74.8125,0,52.1,144.2,111.33333333333333,2,-21.5,89.0,82.5,0,-7.785714285714286,93.14285714285714,67.57142857142857,0,12.5,78.5,102.72222222222223,2,-16.0,88.5,106.0,0,20.916666666666668,103.41666666666667,112.5,0,-42.0,74.33333333333333,81.0,1,27.0,99.0,87.0,0,-22.7,56.7,186.1,0,-34.666666666666664,73.66666666666667,103.0,0,-42.75,63.25,111.75,0,-48.25,72.0,102.0,0,-22.8,68.6,82.8,0,-22.0,74.5,108.875,0,36.69444444444445,119.63888888888887,92.8611111111111,0,37.333333333333336,155.0,90.0,1,-2.0,63.0,115.0,0,7.666666666666667,80.0,86.33333333333334,0,-9.875,97.375,114.5
100773,1099688,108.1304347826087,63.41602070785946,96.0,24.0,-18.545454545454547,50.23917999541364,-22.0,51.25,91.27272727272727,58.666377096705844,78.0,50.0,23,2.079,11.063011063011063,132.75613275613276,0.7272727272727273,0,0.0,0,0.0,2,0.08695652173913043,0,0,40.09090909090909,145.67857142857142,114.70833333333333,0,-24.55925925925926,89.24074074074073,85.5925925925926,0,69.80285714285715,125.70214285714285,61.30285714285715,1,-18.0,91.0,93.0,0,11.222222222222221,122.5,98.85714285714286,2,-6.0,81.0,103.5,0,52.1,144.2,111.33333333333333,2,-21.0,78.5,99.5,0,-7.785714285714286,93.14285714285714,67.57142857142857,0,12.5,78.5,102.72222222222223,1,22.0,117.0,95.0,0,20.916666666666668,103.41666666666667,112.5,1,-51.0,80.0,50.0,0,31.6,96.4,88.8,1,-1.0,49.0,169.0,0,-34.666666666666664,73.66666666666667,103.0,0,-42.75,63.25,111.75,0,-48.25,72.0,102.0,0,-22.8,68.6,82.8,0,-22.0,74.5,108.875,1,35.0,138.0,113.0,0,37.333333333333336,155.0,90.0,0,-13.1,72.6,81.4,0,7.666666666666667,80.0,86.33333333333334,0,-9.875,97.375,114.5
100773,1099694,89.42105263157895,27.06843009233998,87.0,39.0,7.821428571428571,42.84194671066178,1.0,47.0,97.85714285714286,38.03308173317604,88.5,49.75,57,5.535,10.29810298102981,123.57723577235772,0.48214285714285715,0,0.0,1,0.017543859649122806,1,0.017543859649122806,0,0,40.09090909090909,145.67857142857142,114.70833333333333,3,-11.666666666666666,106.0,71.0,0,69.80285714285715,125.70214285714285,61.30285714285715,1,1.0,102.0,71.0,0,11.222222222222221,122.5,98.85714285714286,3,2.6666666666666665,85.0,68.0,0,52.1,144.2,111.33333333333333,1,27.0,106.0,96.0,1,-2.0,129.0,47.0,3,-6.0,62.0,108.33333333333333,1,-15.0,51.0,92.0,0,20.916666666666668,103.41666666666667,112.5,0,-42.0,74.33333333333333,81.0,0,31.6,96.4,88.8,0,-22.7,56.7,186.1,0,-34.666666666666664,73.66666666666667,103.0,0,-42.75,63.25,111.75,1,-55.0,56.0,120.0,0,-22.8,68.6,82.8,0,-22.0,74.5,108.875,1,1.0,80.0,66.0,0,37.333333333333336,155.0,90.0,1,-30.0,76.0,78.0,0,7.666666666666667,80.0,86.33333333333334,1,-1.0,119.0,95.0
100773,1099703,86.33870967741936,31.3018311060732,85.5,36.75,25.540983606557376,81.50944303545788,-2.0,87.0,112.27868852459017,74.81214312486824,97.0,54.0,62,6.911,8.971205324844451,107.65446389813341,0.5081967213114754,0,0.0,10,0.16129032258064516,2,0.03225806451612903,0,0,40.09090909090909,145.67857142857142,114.70833333333333,0,-24.55925925925926,89.24074074074073,85.5925925925926,8,70.75,128.375,64.25,1,50.0,97.0,73.0,0,11.222222222222221,122.5,98.85714285714286,0,-15.854166666666666,72.6875,74.8125,0,52.1,144.2,111.33333333333333,0,0.08333333333333348,91.0625,82.0,0,-7.785714285714286,93.14285714285714,67.57142857142857,0,12.5,78.5,102.72222222222223,2,-22.5,98.5,112.0,0,20.916666666666668,103.41666666666667,112.5,0,-42.0,74.33333333333333,81.0,1,19.0,77.0,90.0,1,-38.0,17.0,158.0,0,-34.666666666666664,73.66666666666667,103.0,0,-42.75,63.25,111.75,0,-48.25,72.0,102.0,1,-33.0,68.0,90.0,1,-24.0,71.0,86.0,0,36.69444444444445,119.63888888888887,92.8611111111111,0,37.333333333333336,155.0,90.0,1,-2.0,94.0,69.0,1,17.0,93.0,95.0,0,-9.875,97.375,114.5
100773,1099712,91.17391304347827,25.675486827293568,87.0,31.5,6.888888888888889,66.20682147540796,-2.0,65.0,98.86666666666666,56.20383537723303,83.0,57.0,46,4.504,10.213143872113678,122.55772646536413,0.6,0,0.0,0,0.0,1,0.021739130434782608,0,0,40.09090909090909,145.67857142857142,114.70833333333333,1,-28.0,68.0,76.0,0,69.80285714285715,125.70214285714285,61.30285714285715,1,-18.0,125.0,83.0,0,11.222222222222221,122.5,98.85714285714286,1,-3.0,80.0,57.0,0,52.1,144.2,111.33333333333333,2,-27.0,77.5,78.0,1,-2.0,111.0,62.0,1,1.0,58.0,96.0,0,-18.270833333333332,83.45833333333333,98.5,0,20.916666666666668,103.41666666666667,112.5,0,-42.0,74.33333333333333,81.0,1,75.0,132.0,93.0,0,-22.7,56.7,186.1,0,-34.666666666666664,73.66666666666667,103.0,1,-39.0,72.0,142.0,1,-71.0,62.0,101.0,0,-22.8,68.6,82.8,1,-16.0,77.0,125.0,0,36.69444444444445,119.63888888888887,92.8611111111111,0,37.333333333333336,155.0,90.0,0,-13.1,72.6,81.4,0,7.666666666666667,80.0,86.33333333333334,2,-30.5,67.5,146.0
100852,1100443,122.56862745098039,28.86496954343725,120.0,33.0,72.24,122.71830507304117,42.0,122.0,194.22,110.65085449285965,175.5,97.75,51,9.863,5.1708405150562715,62.05008618067525,0.26,0,0.0,1,0.0196078431372549,2,0.0392156862745098,0,0,40.09090909090909,145.67857142857142,114.70833333333333,1,2.0,128.0,114.0,0,140.0,200.0,66.0,2,41.5,151.5,122.5,0,11.222222222222221,122.5,98.85714285714286,2,-5.0,117.5,101.0,0,52.1,144.2,111.33333333333333,2,55.0,189.5,130.0,1,-24.0,74.0,104.0,1,-6.0,92.0,126.0,1,108.0,212.0,120.0,1,29.0,148.0,92.0,2,26.5,137.0,132.5,1,63.0,188.0,119.0,1,145.0,259.0,187.0,0,33.25,168.6875,117.1875,1,-7.0,145.0,97.0,0,-59.5,114.5,134.0,0,-44.5,119.25,125.75,0,76.5,190.375,115.75,0,56.3,161.0,102.4,0,24.166666666666668,133.91666666666666,118.91666666666667,0,96.0,240.0,126.5,0,151.66666666666666,239.5,131.66666666666666,0,72.25,206.75,119.875
100852,1100461,121.54761904761905,22.50312399577359,119.0,26.0,62.68292682926829,72.86085603843247,61.0,108.0,184.6341463414634,69.37130780245162,176.0,91.0,42,7.675,5.472312703583062,65.66775244299676,0.24390243902439024,0,0.0,0,0.0,1,0.023809523809523808,0,0,40.09090909090909,145.67857142857142,114.70833333333333,2,-11.5,108.5,121.5,0,140.0,200.0,66.0,0,112.1,229.7,122.3,0,11.222222222222221,122.5,98.85714285714286,1,99.0,224.0,150.0,0,52.1,144.2,111.33333333333333,0,21.416666666666668,149.25,117.58333333333333,1,3.0,129.0,103.0,0,38.166666666666664,155.83333333333334,151.55555555555554,0,99.57142857142857,188.14285714285714,133.35714285714286,1,59.0,183.0,113.0,1,44.0,140.0,141.0,1,52.0,155.0,111.0,0,172.3,286.6,221.4,1,98.0,207.0,124.0,0,-23.6,150.4,127.6,0,-59.5,114.5,134.0,1,-40.0,94.0,123.0,1,73.0,209.0,114.0,0,56.3,161.0,102.4,1,63.0,176.0,109.0,0,96.0,240.0,126.5,1,61.0,137.0,134.0,0,72.25,206.75,119.875
100852,1100474,125.48387096774194,23.638228971024386,124.0,18.5,112.1,150.3306023403086,84.0,214.5,237.76666666666668,147.76144813704133,209.0,177.25,31,7.253,4.274093478560595,51.289121742727154,0.26666666666666666,0,0.0,0,0.0,1,0.03225806451612903,1,0,40.09090909090909,145.67857142857142,114.70833333333333,0,-3.1875,119.75,109.0625,0,140.0,200.0,66.0,1,238.0,325.0,115.0,0,11.222222222222221,122.5,98.85714285714286,1,-20.0,95.0,116.0,0,52.1,144.2,111.33333333333333,0,21.416666666666668,149.25,117.58333333333333,2,272.0,388.5,101.0,0,38.166666666666664,155.83333333333334,151.55555555555554,0,99.57142857142857,188.14285714285714,133.35714285714286,0,49.75,177.07142857142858,108.5,0,11.866666666666667,133.83333333333331,120.35,0,75.0,188.85714285714286,143.14285714285714,0,172.3,286.6,221.4,0,33.25,168.6875,117.1875,0,-23.6,150.4,127.6,0,-59.5,114.5,134.0,3,-32.0,137.0,115.0,0,76.5,190.375,115.75,0,56.3,161.0,102.4,0,24.166666666666668,133.91666666666666,118.91666666666667,0,96.0,240.0,126.5,0,151.66666666666666,239.5,131.66666666666666,0,72.25,206.75,119.875
100852,1100493,129.76470588235293,29.53866740346149,123.0,27.25,77.33333333333333,98.31540668643542,81.0,133.0,207.96969696969697,79.17280098025893,214.0,123.0,34,6.964,4.882251579551982,58.58701895462377,0.24242424242424243,0,0.0,0,0.0,2,0.058823529411764705,0,0,40.09090909090909,145.67857142857142,114.70833333333333,0,-3.1875,119.75,109.0625,0,140.0,200.0,66.0,0,112.1,229.7,122.3,0,11.222222222222221,122.5,98.85714285714286,0,-21.55,102.3,117.95,0,52.1,144.2,111.33333333333333,0,21.416666666666668,149.25,117.58333333333333,2,-15.5,112.0,105.0,0,38.166666666666664,155.83333333333334,151.55555555555554,0,99.57142857142857,188.14285714285714,133.35714285714286,0,49.75,177.07142857142858,108.5,2,-4.5,141.0,103.0,0,75.0,188.85714285714286,143.14285714285714,0,172.3,286.6,221.4,0,33.25,168.6875,117.1875,1,-41.0,168.0,158.0,0,-59.5,114.5,134.0,1,-47.0,120.0,126.0,0,76.5,190.375,115.75,0,56.3,161.0,102.4,0,24.166666666666668,133.91666666666666,118.91666666666667,0,96.0,240.0,126.5,1,345.0,426.0,137.0,0,72.25,206.75,119.875
100852,1100498,120.8,20.376020765159772,120.0,24.0,85.95454545454545,88.50679340784436,92.5,124.5,206.54545454545453,84.05827376546435,196.0,83.75,45,9.218,4.881753091776958,58.581037101323496,0.1590909090909091,0,0.0,0,0.0,1,0.022222222222222223,0,0,40.09090909090909,145.67857142857142,114.70833333333333,2,13.0,131.5,103.0,0,140.0,200.0,66.0,1,96.0,225.0,136.0,0,11.222222222222221,122.5,98.85714285714286,1,-54.0,82.0,119.0,0,52.1,144.2,111.33333333333333,0,21.416666666666668,149.25,117.58333333333333,2,147.5,263.0,117.5,1,77.0,196.0,123.0,2,115.5,197.5,145.5,1,46.0,188.0,125.0,1,-21.0,102.0,142.0,1,169.0,268.0,103.0,0,172.3,286.6,221.4,1,3.0,166.0,121.0,0,-23.6,150.4,127.6,0,-59.5,114.5,134.0,0,-44.5,119.25,125.75,0,76.5,190.375,115.75,2,87.5,205.0,82.0,1,-36.0,89.0,107.0,0,96.0,240.0,126.5,1,93.0,196.0,139.0,0,72.25,206.75,119.875
100852,1100519,124.41379310344827,21.614996775673276,125.0,21.0,77.64285714285714,100.28930091266476,74.0,80.5,201.96428571428572,98.1003429959262,189.0,60.75,29,5.782,5.0155655482532,60.18678657903839,0.14285714285714285,0,0.0,0,0.0,1,0.034482758620689655,0,0,40.09090909090909,145.67857142857142,114.70833333333333,0,-3.1875,119.75,109.0625,0,140.0,200.0,66.0,0,112.1,229.7,122.3,0,11.222222222222221,122.5,98.85714285714286,1,-45.0,66.0,129.0,0,52.1,144.2,111.33333333333333,0,21.416666666666668,149.25,117.58333333333333,1,39.0,169.0,128.0,1,58.0,187.0,180.0,1,89.0,161.0,131.0,0,49.75,177.07142857142858,108.5,0,11.866666666666667,133.83333333333331,120.35,0,75.0,188.85714285714286,143.14285714285714,0,172.3,286.6,221.4,0,33.25,168.6875,117.1875,0,-23.6,150.4,127.6,1,-62.0,118.0,149.0,0,-44.5,119.25,125.75,1,76.0,179.0,107.0,0,56.3,161.0,102.4,0,24.166666666666668,133.91666666666666,118.91666666666667,0,96.0,240.0,126.5,0,151.66666666666666,239.5,131.66666666666666,1,5.0,154.0,114.0
100852,1100533,132.89285714285714,25.386075043662203,128.0,24.25,61.0,86.22580175845795,81.0,135.5,194.8148148148148,71.28401048546323,209.0,110.5,28,5.382,5.202526941657377,62.43032329988852,0.2962962962962963,0,0.0,0,0.0,2,0.07142857142857142,0,0,40.09090909090909,145.67857142857142,114.70833333333333,0,-3.1875,119.75,109.0625,0,140.0,200.0,66.0,1,191.0,336.0,107.0,0,11.222222222222221,122.5,98.85714285714286,0,-21.55,102.3,117.95,0,52.1,144.2,111.33333333333333,0,21.416666666666668,149.25,117.58333333333333,0,38.666666666666664,162.16666666666666,105.83333333333333,1,39.0,156.0,168.0,2,109.5,211.5,137.0,0,49.75,177.07142857142858,108.5,1,2.0,128.0,114.0,0,75.0,188.85714285714286,143.14285714285714,0,172.3,286.6,221.4,0,33.25,168.6875,117.1875,0,-23.6,150.4,127.6,1,-31.0,137.0,115.0,2,-52.5,123.0,124.5,0,76.5,190.375,115.75,0,56.3,161.0,102.4,0,24.166666666666668,133.91666666666666,118.91666666666667,0,96.0,240.0,126.5,1,160.0,270.0,130.0,0,72.25,206.75,119.875
100852,1100541,136.05555555555554,113.80488772076444,119.5,38.25,95.74285714285715,241.0092283778057,64.0,141.0,231.82857142857142,196.32589316371545,174.0,99.0,36,8.249,4.364165353376166,52.369984240514,0.2571428571428571,0,0.0,2,0.05555555555555555,4,0.1111111111111111,0,0,40.09090909090909,145.67857142857142,114.70833333333333,1,-37.0,102.0,79.0,1,140.0,200.0,66.0,0,112.1,229.7,122.3,0,11.222222222222221,122.5,98.85714285714286,0,-21.55,102.3,117.95,0,52.1,144.2,111.33333333333333,0,21.416666666666668,149.25,117.58333333333333,0,38.666666666666664,162.16666666666666,105.83333333333333,0,38.166666666666664,155.83333333333334,151.55555555555554,1,100.0,186.0,135.0,1,21.0,146.0,97.0,1,24.0,151.0,102.0,1,44.0,142.0,128.0,2,126.5,231.0,464.0,1,-35.0,100.0,107.0,0,-23.6,150.4,127.6,0,-59.5,114.5,134.0,0,-44.5,119.25,125.75,0,76.5,190.375,115.75,1,29.0,108.0,86.0,1,19.0,116.0,130.0,0,96.0,240.0,126.5,1,120.0,215.0,125.0,0,72.25,206.75,119.875
100852,1100560,123.93333333333334,20.387795913786814,124.0,19.0,77.11363636363636,91.38684406737679,70.5,105.0,200.8181818181818,84.30687255693084,197.0,103.5,45,8.97,5.016722408026755,60.20066889632106,0.20454545454545456,0,0.0,0,0.0,1,0.022222222222222223,0,0,40.09090909090909,145.67857142857142,114.70833333333333,1,16.0,138.0,130.0,0,140.0,200.0,66.0,0,112.1,229.7,122.3,0,11.222222222222221,122.5,98.85714285714286,0,-21.55,102.3,117.95,0,52.1,144.2,111.33333333333333,2,40.5,175.0,131.5,1,-51.0,81.0,113.0,0,38.166666666666664,155.83333333333334,151.55555555555554,1,90.0,192.0,131.0,1,121.0,256.0,120.0,0,11.866666666666667,133.83333333333331,120.35,1,73.0,203.0,205.0,0,172.3,286.6,221.4,2,56.5,186.5,122.5,0,-23.6,150.4,127.6,0,-59.5,114.5,134.0,1,-32.0,128.0,136.0,0,76.5,190.375,115.75,1,68.0,167.0,102.0,2,30.0,151.5,115.5,0,96.0,240.0,126.5,0,151.66666666666666,239.5,131.66666666666666,0,72.25,206.75,119.875
100852,1100572,131.22222222222223,31.61848185890221,128.0,21.5,70.53846153846153,109.53019631738748,54.0,135.5,202.3846153846154,96.21653341175386,181.5,119.5,27,5.377,5.02138739073833,60.25664868885997,0.34615384615384615,0,0.0,0,0.0,3,0.1111111111111111,0,0,40.09090909090909,145.67857142857142,114.70833333333333,0,-3.1875,119.75,109.0625,0,140.0,200.0,66.0,0,112.1,229.7,122.3,0,11.222222222222221,122.5,98.85714285714286,0,-21.55,102.3,117.95,0,52.1,144.2,111.33333333333333,1,-17.0,116.0,122.0,0,38.666666666666664,162.16666666666666,105.83333333333333,0,38.166666666666664,155.83333333333334,151.55555555555554,0,99.57142857142857,188.14285714285714,133.35714285714286,0,49.75,177.07142857142858,108.5,1,22.0,153.0,113.0,1,41.0,169.0,214.0,1,129.0,242.0,157.0,0,33.25,168.6875,117.1875,1,-35.0,133.0,115.0,0,-59.5,114.5,134.0,0,-44.5,119.25,125.75,0,76.5,190.375,115.75,0,56.3,161.0,102.4,0,24.166666666666668,133.91666666666666,118.91666666666667,0,96.0,240.0,126.5,0,151.66666666666666,239.5,131.66666666666666,0,72.25,206.75,119.875
100852,1100582,122.05,17.79599674084034,118.5,19.5,66.53846153846153,75.79386557744365,63.0,95.0,188.10256410256412,70.49306016826705,177.0,81.5,40,7.477,5.349739200213989,64.19687040256787,0.1794871794871795,0,0.0,0,0.0,2,0.05,0,0,40.09090909090909,145.67857142857142,114.70833333333333,0,-3.1875,119.75,109.0625,0,140.0,200.0,66.0,0,112.1,229.7,122.3,0,11.222222222222221,122.5,98.85714285714286,1,-72.0,74.0,90.0,0,52.1,144.2,111.33333333333333,1,32.0,136.0,114.0,0,38.666666666666664,162.16666666666666,105.83333333333333,1,51.0,176.0,120.0,0,99.57142857142857,188.14285714285714,133.35714285714286,0,49.75,177.07142857142858,108.5,0,11.866666666666667,133.83333333333331,120.35,1,83.0,197.0,122.0,1,215.0,330.0,168.0,1,90.0,229.0,98.0,0,-23.6,150.4,127.6,0,-59.5,114.5,134.0,0,-44.5,119.25,125.75,0,76.5,190.375,115.75,1,58.0,177.0,129.0,0,24.166666666666668,133.91666666666666,118.91666666666667,1,160.0,310.0,119.0,0,151.66666666666666,239.5,131.66666666666666,0,72.25,206.75,119.875
100852,1100596,118.94736842105263,20.348215191899385,115.0,28.0,80.91071428571429,126.72767157312934,60.5,122.25,200.125,120.37813376724908,175.5,94.75,57,11.311,5.0393422332242945,60.47210679869154,0.19642857142857142,0,0.0,0,0.0,1,0.017543859649122806,0,0,40.09090909090909,145.67857142857142,114.70833333333333,2,-6.5,113.0,125.0,0,140.0,200.0,66.0,0,112.1,229.7,122.3,0,11.222222222222221,122.5,98.85714285714286,1,-46.0,64.0,119.0,0,52.1,144.2,111.33333333333333,1,3.0,128.0,102.0,0,38.666666666666664,162.16666666666666,105.83333333333333,1,87.0,206.0,174.0,0,99.57142857142857,188.14285714285714,133.35714285714286,4,44.25,161.5,103.5,2,3.0,133.0,114.0,0,75.0,188.85714285714286,143.14285714285714,0,172.3,286.6,221.4,1,-19.0,118.0,126.0,1,-27.0,146.0,159.0,1,-73.0,101.0,131.0,0,-44.5,119.25,125.75,0,76.5,190.375,115.75,0,56.3,161.0,102.4,1,16.0,124.0,107.0,1,32.0,170.0,134.0,0,151.66666666666666,239.5,131.66666666666666,2,204.0,340.0,117.5
100852,1100608,117.79591836734694,24.26888458191845,116.0,26.0,68.29166666666667,105.73511682764413,53.0,154.5,185.47916666666666,94.82901050121154,160.0,125.0,49,9.05,5.414364640883978,64.97237569060773,0.3333333333333333,0,0.0,0,0.0,2,0.04081632653061224,0,0,40.09090909090909,145.67857142857142,114.70833333333333,2,2.0,132.5,96.5,0,140.0,200.0,66.0,1,-6.0,111.0,131.0,0,11.222222222222221,122.5,98.85714285714286,2,-17.0,103.0,108.5,0,52.1,144.2,111.33333333333333,0,21.416666666666668,149.25,117.58333333333333,1,-26.0,112.0,85.0,1,-5.0,100.0,125.0,1,85.0,157.0,134.0,0,49.75,177.07142857142858,108.5,1,25.0,133.0,116.0,0,75.0,188.85714285714286,143.14285714285714,1,246.0,371.0,131.0,1,2.0,145.0,117.0,0,-23.6,150.4,127.6,0,-59.5,114.5,134.0,2,-40.5,130.0,116.5,2,81.0,182.5,131.0,0,56.3,161.0,102.4,0,24.166666666666668,133.91666666666666,118.91666666666667,0,96.0,240.0,126.5,1,131.0,193.0,125.0,1,33.0,152.0,128.0
100852,1100623,120.09302325581395,20.69244773306207,120.0,24.5,48.642857142857146,88.80042401994739,39.0,110.0,168.71428571428572,83.13307911738511,150.0,98.5,43,7.207,5.96642153461912,71.59705841542944,0.2857142857142857,0,0.0,0,0.0,1,0.023255813953488372,0,0,40.09090909090909,145.67857142857142,114.70833333333333,2,-3.5,104.5,103.5,0,140.0,200.0,66.0,0,112.1,229.7,122.3,0,11.222222222222221,122.5,98.85714285714286,1,-36.0,96.0,121.0,0,52.1,144.2,111.33333333333333,0,21.416666666666668,149.25,117.58333333333333,1,3.0,131.0,96.0,1,22.0,143.0,159.0,0,99.57142857142857,188.14285714285714,133.35714285714286,0,49.75,177.07142857142858,108.5,0,11.866666666666667,133.83333333333331,120.35,0,75.0,188.85714285714286,143.14285714285714,0,172.3,286.6,221.4,0,33.25,168.6875,117.1875,0,-23.6,150.4,127.6,1,-55.0,104.0,134.0,1,-72.0,101.0,157.0,1,76.0,191.0,111.0,1,39.0,148.0,113.0,0,24.166666666666668,133.91666666666666,118.91666666666667,0,96.0,240.0,126.5,0,151.66666666666666,239.5,131.66666666666666,1,47.0,181.0,120.0
100852,1100638,123.95161290322581,23.133154129499687,121.5,24.5,90.49180327868852,119.66916457135983,74.0,115.0,214.52459016393442,112.15454889547188,198.0,100.0,62,13.205,4.695191215448694,56.34229458538433,0.18032786885245902,0,0.0,1,0.016129032258064516,1,0.016129032258064516,0,0,40.09090909090909,145.67857142857142,114.70833333333333,0,-3.1875,119.75,109.0625,0,140.0,200.0,66.0,0,112.1,229.7,122.3,0,11.222222222222221,122.5,98.85714285714286,2,-19.5,101.5,126.0,0,52.1,144.2,111.33333333333333,1,15.0,151.0,106.0,0,38.666666666666664,162.16666666666666,105.83333333333333,2,20.5,146.5,189.0,0,99.57142857142857,188.14285714285714,133.35714285714286,1,28.0,157.0,109.0,3,-2.3333333333333335,120.33333333333333,126.0,0,75.0,188.85714285714286,143.14285714285714,0,172.3,286.6,221.4,2,70.5,198.0,122.0,1,-8.0,160.0,109.0,2,-76.5,112.5,141.0,1,-40.0,121.0,108.0,0,76.5,190.375,115.75,0,56.3,161.0,102.4,1,53.0,147.0,145.0,0,96.0,240.0,126.5,0,151.66666666666666,239.5,131.66666666666666,0,72.25,206.75,119.875
100898,1101058,141.60416666666666,154.3554798162526,102.0,25.25,291.7659574468085,467.61951312351215,112.0,499.0,435.0425531914894,455.3633086559313,252.0,471.5,48,20.51,2.3403217942467087,28.0838615309605,0.14893617021276595,0,0.0,3,0.0625,3,0.0625,1,0,40.09090909090909,145.67857142857142,114.70833333333333,0,80.3111111111111,212.66666666666666,116.8037037037037,1,68.0,152.0,92.0,0,273.6416666666667,380.85,108.38333333333333,0,11.222222222222221,122.5,98.85714285714286,0,8.033333333333335,124.0,111.31666666666668,0,52.1,144.2,111.33333333333333,0,144.61111111111111,259.27777777777777,119.05555555555556,0,111.25,226.75,110.35,0,99.70833333333333,204.16666666666666,100.91666666666667,0,64.27777777777777,178.90740740740742,131.3148148148148,0,310.375,428.1875,136.5,0,219.33333333333334,325.6666666666667,84.0,0,496.1,607.3,118.4,2,298.0,406.0,536.0,0,303.0,389.3333333333333,102.33333333333333,2,31.0,200.5,158.0,1,48.0,164.0,123.0,1,142.0,242.0,108.0,2,126.5,228.5,92.0,0,235.5,345.3333333333333,118.0,0,80.4,207.4,92.6,0,157.75,263.5,128.5,0,143.0,247.75,107.75,1,61.0,169.0,116.0
100898,1101076,115.01754385964912,40.42514903706762,108.0,49.0,197.60714285714286,252.1743075286438,124.5,219.75,312.9642857142857,237.680229681883,217.5,188.0,57,17.622,3.2345931222335715,38.81511746680286,0.10714285714285714,0,0.0,1,0.017543859649122806,1,0.017543859649122806,0,0,40.09090909090909,145.67857142857142,114.70833333333333,2,-27.5,185.5,105.5,0,69.0,148.5,69.0,1,222.0,320.0,136.0,0,11.222222222222221,122.5,98.85714285714286,1,38.0,174.0,148.0,0,52.1,144.2,111.33333333333333,1,56.0,200.0,100.0,0,111.25,226.75,110.35,0,99.70833333333333,204.16666666666666,100.91666666666667,2,59.0,173.0,125.0,1,325.0,425.0,136.0,1,34.0,141.0,84.0,0,496.1,607.3,118.4,0,238.5,340.5,632.0,0,303.0,389.3333333333333,102.33333333333333,1,-70.0,125.0,147.0,1,-56.0,140.0,124.0,2,237.5,307.5,76.0,1,88.0,180.0,112.0,1,442.0,554.0,116.0,0,80.4,207.4,92.6,1,139.0,247.0,112.0,1,300.0,335.0,108.0,1,26.0,143.0,87.0
100898,1101095,124.53846153846153,53.76282013066619,118.0,55.25,175.13725490196077,194.3974117886128,125.0,197.0,301.03921568627453,186.4443312579076,261.0,190.5,52,15.408,3.374870197300104,40.49844236760125,0.11764705882352941,0,0.0,0,0.0,1,0.019230769230769232,1,0,40.09090909090909,145.67857142857142,114.70833333333333,1,83.0,239.0,180.0,0,69.0,148.5,69.0,0,273.6416666666667,380.85,108.38333333333333,0,11.222222222222221,122.5,98.85714285714286,0,8.033333333333335,124.0,111.31666666666668,0,52.1,144.2,111.33333333333333,1,366.0,482.0,114.0,1,633.0,735.0,43.0,0,99.70833333333333,204.16666666666666,100.91666666666667,1,43.0,163.0,144.0,1,678.0,798.0,176.0,0,219.33333333333334,325.6666666666667,84.0,0,496.1,607.3,118.4,0,238.5,340.5,632.0,1,914.0,958.0,116.0,0,-43.86666666666666,110.48333333333332,128.01666666666668,1,1.0,177.0,111.0,2,188.5,286.0,82.0,0,114.875,207.0,101.25,1,153.0,261.0,120.0,1,-16.0,144.0,132.0,1,214.0,294.0,163.0,0,143.0,247.75,107.75,2,166.5,284.0,108.0
100898,1101108,116.26,59.26780238881816,107.5,27.0,178.69387755102042,204.2966234930937,111.0,167.0,295.44897959183675,197.00326954963077,222.0,179.0,50,14.569,3.431944539776237,41.183334477314844,0.08163265306122448,0,0.0,0,0.0,1,0.02,0,0,40.09090909090909,145.67857142857142,114.70833333333333,3,55.0,175.0,98.66666666666667,0,69.0,148.5,69.0,2,497.0,593.0,101.5,0,11.222222222222221,122.5,98.85714285714286,2,19.0,120.5,102.0,0,52.1,144.2,111.33333333333333,1,48.0,136.0,116.0,1,21.0,128.0,144.0,2,97.0,199.0,108.0,2,81.0,185.0,123.5,1,156.0,268.0,152.0,0,219.33333333333334,325.6666666666667,84.0,0,496.1,607.3,118.4,0,238.5,340.5,632.0,1,34.0,134.0,112.0,2,-82.0,94.0,130.0,0,21.166666666666668,152.33333333333334,127.5,0,168.2,251.7,93.6,1,138.0,222.0,96.0,0,235.5,345.3333333333333,118.0,0,80.4,207.4,92.6,0,157.75,263.5,128.5,0,143.0,247.75,107.75,0,159.25,265.1666666666667,108.5
100898,1101126,114.7741935483871,46.49884471504111,108.0,32.0,170.86885245901638,208.60665593092457,100.0,224.0,286.21311475409834,201.6307381876622,202.0,213.0,62,17.539,3.534979189235418,42.41975027082502,0.11475409836065574,0,0.0,2,0.03225806451612903,1,0.016129032258064516,0,0,40.09090909090909,145.67857142857142,114.70833333333333,5,179.8,285.0,109.4,0,69.0,148.5,69.0,2,41.5,137.0,124.0,0,11.222222222222221,122.5,98.85714285714286,2,34.5,142.5,108.5,0,52.1,144.2,111.33333333333333,0,144.61111111111111,259.27777777777777,119.05555555555556,2,1.5,122.5,125.5,2,26.0,132.0,116.0,0,64.27777777777777,178.90740740740742,131.3148148148148,0,310.375,428.1875,136.5,0,219.33333333333334,325.6666666666667,84.0,2,379.5,471.5,117.0,0,238.5,340.5,632.0,1,13.0,116.0,36.0,2,-57.0,82.0,117.5,0,21.166666666666668,152.33333333333334,127.5,0,168.2,251.7,93.6,1,131.0,207.0,103.0,0,235.5,345.3333333333333,118.0,1,283.0,411.0,124.0,1,104.0,223.0,115.0,0,143.0,247.75,107.75,0,159.25,265.1666666666667,108.5
100898,1101148,139.71428571428572,136.17710557077004,105.0,17.25,113.85185185185185,103.28590442130137,108.0,127.0,256.22222222222223,104.13073454337682,239.0,126.5,28,6.986,4.008016032064129,48.09619238476954,0.07407407407407407,0,0.0,0,0.0,2,0.07142857142857142,0,0,40.09090909090909,145.67857142857142,114.70833333333333,0,80.3111111111111,212.66666666666666,116.8037037037037,0,69.0,148.5,69.0,1,285.0,388.0,96.0,0,11.222222222222221,122.5,98.85714285714286,1,36.0,132.0,91.0,0,52.1,144.2,111.33333333333333,2,84.0,186.0,97.5,1,48.0,148.0,103.0,1,119.0,239.0,107.0,0,64.27777777777777,178.90740740740742,131.3148148148148,0,310.375,428.1875,136.5,0,219.33333333333334,325.6666666666667,84.0,1,287.0,387.0,132.0,1,179.0,275.0,728.0,0,303.0,389.3333333333333,102.33333333333333,1,19.0,130.0,120.0,0,21.166666666666668,152.33333333333334,127.5,0,168.2,251.7,93.6,0,114.875,207.0,101.25,0,235.5,345.3333333333333,118.0,0,80.4,207.4,92.6,0,157.75,263.5,128.5,0,143.0,247.75,107.75,0,159.25,265.1666666666667,108.5
100898,1101165,119.96,50.258117752259686,108.0,16.0,68.91666666666667,148.71951134789126,37.0,92.25,190.0,144.1003701128719,157.0,73.5,25,4.653,5.372877713303246,64.47453255963894,0.20833333333333334,0,0.0,0,0.0,1,0.04,0,0,40.09090909090909,145.67857142857142,114.70833333333333,0,80.3111111111111,212.66666666666666,116.8037037037037,0,69.0,148.5,69.0,1,119.0,239.0,120.0,0,11.222222222222221,122.5,98.85714285714286,2,-26.0,96.0,117.5,0,52.1,144.2,111.33333333333333,1,146.0,250.0,104.0,0,111.25,226.75,110.35,0,99.70833333333333,204.16666666666666,100.91666666666667,1,50.0,170.0,144.0,0,310.375,428.1875,136.5,0,219.33333333333334,325.6666666666667,84.0,0,496.1,607.3,118.4,0,238.5,340.5,632.0,0,303.0,389.3333333333333,102.33333333333333,0,-43.86666666666666,110.48333333333332,128.01666666666668,0,21.166666666666668,152.33333333333334,127.5,0,168.2,251.7,93.6,0,114.875,207.0,101.25,0,235.5,345.3333333333333,118.0,1,-7.0,136.0,88.0,0,157.75,263.5,128.5,0,143.0,247.75,107.75,1,14.0,110.0,112.0
100898,1101173,119.0,52.417395331448255,111.5,19.0,93.30434782608695,149.20672405369518,69.0,82.5,214.52173913043478,143.89575621902472,172.0,68.0,24,5.002,4.798080767692923,57.57696921231508,0.17391304347826086,0,0.0,0,0.0,1,0.041666666666666664,0,0,40.09090909090909,145.67857142857142,114.70833333333333,0,80.3111111111111,212.66666666666666,116.8037037037037,0,69.0,148.5,69.0,2,139.5,263.5,105.5,0,11.222222222222221,122.5,98.85714285714286,2,-43.5,62.0,103.5,0,52.1,144.2,111.33333333333333,0,144.61111111111111,259.27777777777777,119.05555555555556,1,20.0,156.0,116.0,1,40.0,148.0,112.0,1,36.0,172.0,124.0,0,310.375,428.1875,136.5,0,219.33333333333334,325.6666666666667,84.0,1,575.0,691.0,115.0,0,238.5,340.5,632.0,0,303.0,389.3333333333333,102.33333333333333,0,-43.86666666666666,110.48333333333332,128.01666666666668,0,21.166666666666668,152.33333333333334,127.5,0,168.2,251.7,93.6,0,114.875,207.0,101.25,0,235.5,345.3333333333333,118.0,0,80.4,207.4,92.6,0,157.75,263.5,128.5,0,143.0,247.75,107.75,0,159.25,265.1666666666667,108.5
100898,1101183,145.64285714285714,144.569611084002,112.0,34.0,111.96296296296296,247.0083941415879,46.0,120.5,260.6296296296296,257.30759055869703,167.0,111.5,28,7.101,3.943106604703563,47.31727925644275,0.2962962962962963,0,0.0,0,0.0,1,0.03571428571428571,0,0,40.09090909090909,145.67857142857142,114.70833333333333,3,31.666666666666668,167.66666666666666,112.0,0,69.0,148.5,69.0,1,172.0,284.0,111.0,0,11.222222222222221,122.5,98.85714285714286,1,-7.0,104.0,112.0,0,52.1,144.2,111.33333333333333,0,144.61111111111111,259.27777777777777,119.05555555555556,0,111.25,226.75,110.35,1,83.0,195.0,80.0,0,64.27777777777777,178.90740740740742,131.3148148148148,1,46.0,150.0,136.0,0,219.33333333333334,325.6666666666667,84.0,0,496.1,607.3,118.4,0,238.5,340.5,632.0,0,303.0,389.3333333333333,102.33333333333333,3,-39.666666666666664,101.33333333333333,138.66666666666666,0,21.166666666666668,152.33333333333334,127.5,0,168.2,251.7,93.6,0,114.875,207.0,101.25,0,235.5,345.3333333333333,118.0,0,80.4,207.4,92.6,0,157.75,263.5,128.5,1,56.0,152.0,104.0,0,159.25,265.1666666666667,108.5
100898,1101193,112.74,81.88108694930717,108.0,40.0,199.3877551020408,183.72492929915865,141.0,284.0,313.44897959183675,177.9504702042047,259.0,266.0,50,15.407,3.2452781203349126,38.94333744401896,0.08163265306122448,0,0.0,2,0.04,1,0.02,0,0,40.09090909090909,145.67857142857142,114.70833333333333,0,80.3111111111111,212.66666666666666,116.8037037037037,0,69.0,148.5,69.0,4,348.25,459.0,91.0,0,11.222222222222221,122.5,98.85714285714286,1,-12.0,120.0,119.0,0,52.1,144.2,111.33333333333333,0,144.61111111111111,259.27777777777777,119.05555555555556,1,157.0,273.0,128.0,0,99.70833333333333,204.16666666666666,100.91666666666667,0,64.27777777777777,178.90740740740742,131.3148148148148,0,310.375,428.1875,136.5,1,587.0,695.0,56.0,0,496.1,607.3,118.4,0,238.5,340.5,632.0,0,303.0,389.3333333333333,102.33333333333333,0,-43.86666666666666,110.48333333333332,128.01666666666668,0,21.166666666666668,152.33333333333334,127.5,2,103.0,201.0,98.0,0,114.875,207.0,101.25,0,235.5,345.3333333333333,118.0,0,80.4,207.4,92.6,2,174.0,290.0,124.0,1,122.0,262.0,119.0,0,159.25,265.1666666666667,108.5
100898,1101212,111.1,32.94171620706284,104.0,34.5,207.3448275862069,300.30378594442743,117.0,165.0,318.0344827586207,302.3826626528187,217.0,202.0,30,9.346,3.209929381553606,38.51915257864327,0.10344827586206896,0,0.0,1,0.03333333333333333,0,0.0,0,0,40.09090909090909,145.67857142857142,114.70833333333333,0,80.3111111111111,212.66666666666666,116.8037037037037,0,69.0,148.5,69.0,0,273.6416666666667,380.85,108.38333333333333,0,11.222222222222221,122.5,98.85714285714286,0,8.033333333333335,124.0,111.31666666666668,0,52.1,144.2,111.33333333333333,0,144.61111111111111,259.27777777777777,119.05555555555556,1,4.0,140.0,120.0,1,192.0,276.0,95.0,2,96.5,190.0,123.5,2,922.5,1079.0,128.0,0,219.33333333333334,325.6666666666667,84.0,1,951.0,1071.0,128.0,0,238.5,340.5,632.0,1,282.0,386.0,103.0,1,-107.0,76.0,91.0,1,76.0,171.0,183.0,1,170.0,222.0,104.0,0,114.875,207.0,101.25,1,50.0,151.0,118.0,0,80.4,207.4,92.6,0,157.75,263.5,128.5,0,143.0,247.75,107.75,0,159.25,265.1666666666667,108.5
100898,1101228,110.5657894736842,40.251294691931726,108.0,32.0,179.30666666666667,212.37909334228002,124.0,135.0,290.5466666666667,214.5293324673549,236.0,160.5,76,21.851,3.478101688709899,41.73722026451879,0.13333333333333333,0,0.0,3,0.039473684210526314,1,0.013157894736842105,1,0,40.09090909090909,145.67857142857142,114.70833333333333,2,78.5,172.5,96.0,1,81.0,177.0,44.0,3,299.6666666666667,409.0,106.33333333333333,0,11.222222222222221,122.5,98.85714285714286,3,-17.0,97.33333333333333,108.0,0,52.1,144.2,111.33333333333333,1,107.0,259.0,160.0,1,88.0,192.0,116.0,1,99.0,199.0,84.0,3,72.0,194.66666666666666,150.33333333333334,1,55.0,147.0,116.0,0,219.33333333333334,325.6666666666667,84.0,0,496.1,607.3,118.4,0,238.5,340.5,632.0,1,578.0,593.0,124.0,1,-56.0,108.0,116.0,0,21.166666666666668,152.33333333333334,127.5,0,168.2,251.7,93.6,2,98.5,190.5,104.0,2,436.0,578.0,122.0,1,142.0,238.0,15.0,0,157.75,263.5,128.5,1,94.0,242.0,100.0,0,159.25,265.1666666666667,108.5
100898,1101252,115.1,31.20827881615176,112.0,35.0,200.0,242.07156806985122,99.0,222.0,315.08474576271186,235.59073160495024,219.0,226.0,60,18.706,3.2075269966855555,38.49032396022667,0.1016949152542373,0,0.0,1,0.016666666666666666,1,0.016666666666666666,0,0,40.09090909090909,145.67857142857142,114.70833333333333,3,258.3333333333333,370.3333333333333,131.66666666666666,0,69.0,148.5,69.0,2,612.5,716.0,92.5,0,11.222222222222221,122.5,98.85714285714286,3,58.333333333333336,191.66666666666666,103.66666666666667,0,52.1,144.2,111.33333333333333,1,116.0,236.0,136.0,1,98.0,201.0,84.0,3,141.66666666666666,245.33333333333334,105.33333333333333,2,58.0,175.5,143.5,1,130.0,266.0,124.0,0,219.33333333333334,325.6666666666667,84.0,1,288.0,416.0,100.0,0,238.5,340.5,632.0,1,-3.0,149.0,123.0,0,-43.86666666666666,110.48333333333332,128.01666666666668,1,-32.0,76.0,102.0,0,168.2,251.7,93.6,1,125.0,220.0,87.0,1,213.0,297.0,112.0,0,80.4,207.4,92.6,0,157.75,263.5,128.5,0,143.0,247.75,107.75,1,645.0,747.0,84.0
100898,1101274,110.57377049180327,30.34579886465689,106.0,37.0,206.43333333333334,256.66881167934855,105.5,165.0,317.85,256.33128466888314,221.5,182.25,61,19.131,3.188542156709006,38.26250588050807,0.08333333333333333,0,0.0,7,0.11475409836065574,1,0.01639344262295082,0,0,40.09090909090909,145.67857142857142,114.70833333333333,2,71.0,191.0,110.0,3,75.0,147.0,72.0,0,273.6416666666667,380.85,108.38333333333333,0,11.222222222222221,122.5,98.85714285714286,0,8.033333333333335,124.0,111.31666666666668,0,52.1,144.2,111.33333333333333,2,-21.5,92.5,136.0,1,42.0,172.0,124.0,0,99.70833333333333,204.16666666666666,100.91666666666667,0,64.27777777777777,178.90740740740742,131.3148148148148,2,170.5,292.5,124.0,1,37.0,141.0,112.0,0,496.1,607.3,118.4,0,238.5,340.5,632.0,0,303.0,389.3333333333333,102.33333333333333,2,-18.0,123.0,127.0,1,90.0,186.0,122.0,0,168.2,251.7,93.6,2,141.0,241.0,116.0,1,119.0,231.0,120.0,1,0.0,108.0,104.0,0,157.75,263.5,128.5,0,143.0,247.75,107.75,0,159.25,265.1666666666667,108.5
100898,1101295,113.93333333333334,70.20680562136093,106.0,25.0,185.36363636363637,217.61184072366214,101.5,209.5,299.8863636363636,217.08923761157962,211.5,236.0,45,13.283,3.3877889031092376,40.65346683731085,0.13636363636363635,0,0.0,4,0.08888888888888889,1,0.022222222222222223,0,0,40.09090909090909,145.67857142857142,114.70833333333333,1,-7.0,128.0,108.0,2,52.0,118.0,68.0,0,273.6416666666667,380.85,108.38333333333333,0,11.222222222222221,122.5,98.85714285714286,0,8.033333333333335,124.0,111.31666666666668,0,52.1,144.2,111.33333333333333,1,400.0,492.0,108.0,0,111.25,226.75,110.35,0,99.70833333333333,204.16666666666666,100.91666666666667,1,83.0,187.0,104.0,0,310.375,428.1875,136.5,0,219.33333333333334,325.6666666666667,84.0,0,496.1,607.3,118.4,0,238.5,340.5,632.0,0,303.0,389.3333333333333,102.33333333333333,1,-59.0,65.0,135.0,0,21.166666666666668,152.33333333333334,127.5,0,168.2,251.7,93.6,1,71.0,167.0,100.0,0,235.5,345.3333333333333,118.0,0,80.4,207.4,92.6,0,157.75,263.5,128.5,0,143.0,247.75,107.75,1,43.0,138.0,144.0
100899,1101063,101.46153846153847,53.679412160909784,103.5,38.5,4.48,72.47958057273787,2.0,37.0,107.2,71.99777774348317,92.0,36.0,26,2.785,9.33572710951526,112.02872531418312,0.32,0,0.0,0,0.0,2,0.07692307692307693,0,0,40.09090909090909,145.67857142857142,114.70833333333333,1,3.0,107.0,31.0,0,75.22813852813853,139.84061147186148,63.44577922077922,0,18.975,87.95,80.35,0,11.222222222222221,122.5,98.85714285714286,0,-8.416666666666666,73.22916666666667,74.29166666666667,0,52.1,144.2,111.33333333333333,0,107.5,213.0,68.5,1,5.0,72.0,103.0,0,6.638888888888889,74.1111111111111,79.3888888888889,0,-26.8,78.4,71.4,1,29.0,60.0,141.0,0,7.928571428571429,95.78571428571429,73.21428571428571,0,49.42857142857143,119.42857142857143,104.64285714285714,0,117.25,182.5,172.25,1,1.0,108.0,112.0,0,44.75,108.625,86.25,0,34.1,108.5,74.0,1,-36.0,92.0,70.0,0,-32.125,89.95833333333333,90.41666666666667,0,51.75,111.125,92.375,1,-35.0,65.0,107.0,0,-25.791666666666668,67.89583333333333,66.89583333333333,0,-38.285714285714285,61.642857142857146,76.28571428571429,0,9.0,97.75,69.25
100899,1101068,94.01234567901234,43.65846511249876,74.0,38.0,32.45,76.72986706622136,7.5,62.25,127.2125,73.71731373123956,109.0,65.0,81,10.211,7.932621682499265,95.19146018999119,0.2125,0,0.0,5,0.06172839506172839,3,0.037037037037037035,0,0,40.09090909090909,145.67857142857142,114.70833333333333,0,-1.7833333333333332,79.66666666666666,62.225,3,53.666666666666664,111.33333333333333,57.0,2,6.0,75.0,85.5,0,11.222222222222221,122.5,98.85714285714286,1,-35.0,71.0,106.0,0,52.1,144.2,111.33333333333333,1,2.0,109.0,67.0,1,11.0,81.0,70.0,0,6.638888888888889,74.1111111111111,79.3888888888889,0,-26.8,78.4,71.4,3,33.0,116.33333333333333,103.33333333333333,1,12.0,81.0,104.0,2,193.0,261.0,143.5,0,117.25,182.5,172.25,0,-36.0,67.75,81.5,0,44.75,108.625,86.25,0,34.1,108.5,74.0,0,-32.5,91.9,77.8,0,-32.125,89.95833333333333,90.41666666666667,0,51.75,111.125,92.375,1,2.0,106.0,32.0,1,-38.0,33.0,71.0,1,-34.0,34.0,69.0,1,2.0,69.0,68.0
100899,1101084,89.29545454545455,27.587529746620323,75.5,35.5,5.651162790697675,43.4820913260825,4.0,58.5,94.46511627906976,35.45147278549789,85.0,38.0,44,4.172,10.546500479386387,126.55800575263666,0.27906976744186046,0,0.0,0,0.0,2,0.045454545454545456,0,0,40.09090909090909,145.67857142857142,114.70833333333333,1,4.0,76.0,70.0,0,75.22813852813853,139.84061147186148,63.44577922077922,1,2.0,74.0,68.0,0,11.222222222222221,122.5,98.85714285714286,0,-8.416666666666666,73.22916666666667,74.29166666666667,0,52.1,144.2,111.33333333333333,0,107.5,213.0,68.5,2,8.5,77.5,70.5,1,4.0,70.0,69.0,0,-26.8,78.4,71.4,0,41.833333333333336,105.88888888888887,112.47222222222223,0,7.928571428571429,95.78571428571429,73.21428571428571,1,2.0,72.0,102.0,0,117.25,182.5,172.25,0,-36.0,67.75,81.5,2,48.0,103.0,88.0,1,39.0,108.0,72.0,1,3.0,106.0,67.0,0,-32.125,89.95833333333333,90.41666666666667,0,51.75,111.125,92.375,1,-40.0,105.0,36.0,2,-15.0,88.5,68.0,0,-38.285714285714285,61.642857142857146,76.28571428571429,0,9.0,97.75,69.25
100899,1101087,82.625,20.941510809872337,74.5,38.5,12.193548387096774,46.646522087855814,7.0,14.0,93.96774193548387,52.07282981151076,82.0,41.5,32,3.022,10.589013898080742,127.06816677696891,0.1935483870967742,0,0.0,0,0.0,1,0.03125,2,0,40.09090909090909,145.67857142857142,114.70833333333333,1,6.0,71.0,65.0,0,75.22813852813853,139.84061147186148,63.44577922077922,2,-3.0,62.0,73.5,0,11.222222222222221,122.5,98.85714285714286,2,3.5,77.0,86.0,0,52.1,144.2,111.33333333333333,1,213.0,317.0,70.0,2,-30.5,35.5,80.0,1,7.0,82.0,65.0,1,-30.0,61.0,109.0,1,6.0,80.0,103.0,0,7.928571428571429,95.78571428571429,73.21428571428571,0,49.42857142857143,119.42857142857143,104.64285714285714,0,117.25,182.5,172.25,0,-36.0,67.75,81.5,0,44.75,108.625,86.25,1,23.0,133.0,73.0,0,-32.5,91.9,77.8,0,-32.125,89.95833333333333,90.41666666666667,2,35.0,114.5,91.5,1,7.0,110.0,59.0,0,-25.791666666666668,67.89583333333333,66.89583333333333,0,-38.285714285714285,61.642857142857146,76.28571428571429,0,9.0,97.75,69.25
100899,1101091,83.0,28.627467839360452,71.0,37.5,30.217391304347824,65.47914139947238,19.0,75.5,113.54347826086956,57.00446455503331,103.0,49.75,47,5.291,8.883008883008882,106.5961065961066,0.2608695652173913,0,0.0,3,0.06382978723404255,2,0.0425531914893617,0,0,40.09090909090909,145.67857142857142,114.70833333333333,2,-17.5,71.5,68.5,2,43.0,100.5,51.0,1,65.0,132.0,103.0,0,11.222222222222221,122.5,98.85714285714286,1,19.0,88.0,74.0,0,52.1,144.2,111.33333333333333,0,107.5,213.0,68.5,1,-36.0,70.0,70.0,0,6.638888888888889,74.1111111111111,79.3888888888889,0,-26.8,78.4,71.4,0,41.833333333333336,105.88888888888887,112.47222222222223,0,7.928571428571429,95.78571428571429,73.21428571428571,1,19.0,87.0,106.0,1,144.0,209.0,141.0,1,-30.0,41.0,65.0,0,44.75,108.625,86.25,0,34.1,108.5,74.0,0,-32.5,91.9,77.8,1,-37.0,106.0,71.0,0,51.75,111.125,92.375,0,-9.333333333333334,103.16666666666667,66.5,0,-25.791666666666668,67.89583333333333,66.89583333333333,0,-38.285714285714285,61.642857142857146,76.28571428571429,0,9.0,97.75,69.25
100899,1101100,91.35,20.278745030203424,104.0,35.25,37.84615384615385,107.28145070185377,14.0,80.5,128.84615384615384,105.3111478895871,108.0,62.5,40,5.13,7.7972709551656925,93.5672514619883,0.28205128205128205,0,0.0,1,0.025,1,0.025,0,0,40.09090909090909,145.67857142857142,114.70833333333333,3,-18.333333333333332,84.66666666666667,69.0,0,75.22813852813853,139.84061147186148,63.44577922077922,1,14.0,81.0,104.0,0,11.222222222222221,122.5,98.85714285714286,1,-37.0,67.0,40.0,0,52.1,144.2,111.33333333333333,0,107.5,213.0,68.5,0,-3.3,78.46666666666667,71.85,1,26.0,66.0,104.0,0,-26.8,78.4,71.4,0,41.833333333333336,105.88888888888887,112.47222222222223,0,7.928571428571429,95.78571428571429,73.21428571428571,0,49.42857142857143,119.42857142857143,104.64285714285714,0,117.25,182.5,172.25,0,-36.0,67.75,81.5,0,44.75,108.625,86.25,2,36.0,123.0,87.5,0,-32.5,91.9,77.8,2,-19.5,86.5,72.0,0,51.75,111.125,92.375,0,-9.333333333333334,103.16666666666667,66.5,0,-25.791666666666668,67.89583333333333,66.89583333333333,1,-36.0,68.0,39.0,1,2.0,107.0,67.0
100899,1101105,95.45901639344262,50.29146972301933,72.0,38.0,43.15,102.61218657320062,9.5,51.25,138.95,101.78841207786537,109.0,68.0,61,8.412,7.251545411317165,87.01854493580598,0.18333333333333332,0,0.0,9,0.14754098360655737,5,0.08196721311475409,0,0,40.09090909090909,145.67857142857142,114.70833333333333,0,-1.7833333333333332,79.66666666666666,62.225,7,114.28571428571429,178.71428571428572,64.85714285714286,1,12.0,84.0,70.0,0,11.222222222222221,122.5,98.85714285714286,1,4.0,74.0,67.0,0,52.1,144.2,111.33333333333333,0,107.5,213.0,68.5,2,2.0,88.5,66.0,0,6.638888888888889,74.1111111111111,79.3888888888889,1,2.0,106.0,68.0,2,151.0,234.0,122.5,1,1.0,69.0,68.0,0,49.42857142857143,119.42857142857143,104.64285714285714,2,72.0,165.0,193.0,0,-36.0,67.75,81.5,0,44.75,108.625,86.25,0,34.1,108.5,74.0,2,-16.5,88.5,70.0,0,-32.125,89.95833333333333,90.41666666666667,0,51.75,111.125,92.375,1,3.0,109.0,68.0,2,-18.0,84.0,86.0,1,-68.0,72.0,99.0,0,9.0,97.75,69.25
100899,1101114,81.2,29.094844904209406,70.5,37.25,28.743589743589745,75.55426575841517,8.0,44.5,110.25641025641026,71.35132218016237,103.0,51.5,40,4.369,9.155413138017854,109.86495765621423,0.20512820512820512,0,0.0,6,0.15,1,0.025,0,0,40.09090909090909,145.67857142857142,114.70833333333333,0,-1.7833333333333332,79.66666666666666,62.225,4,43.5,103.5,52.5,0,18.975,87.95,80.35,0,11.222222222222221,122.5,98.85714285714286,0,-8.416666666666666,73.22916666666667,74.29166666666667,0,52.1,144.2,111.33333333333333,0,107.5,213.0,68.5,0,-3.3,78.46666666666667,71.85,0,6.638888888888889,74.1111111111111,79.3888888888889,1,-37.0,101.0,41.0,0,41.833333333333336,105.88888888888887,112.47222222222223,1,20.0,91.0,105.0,0,49.42857142857143,119.42857142857143,104.64285714285714,0,117.25,182.5,172.25,0,-36.0,67.75,81.5,2,62.0,127.5,74.0,1,37.0,70.0,69.0,1,-38.0,104.0,71.0,0,-32.125,89.95833333333333,90.41666666666667,0,51.75,111.125,92.375,0,-9.333333333333334,103.16666666666667,66.5,0,-25.791666666666668,67.89583333333333,66.89583333333333,0,-38.285714285714285,61.642857142857146,76.28571428571429,0,9.0,97.75,69.25
100899,1101116,88.70270270270271,25.02416655184178,79.0,41.0,-6.277777777777778,35.35267639649171,3.5,43.5,81.91666666666667,29.428231909738194,73.0,35.0,37,3.056,12.107329842931938,145.28795811518324,0.3611111111111111,0,0.0,0,0.0,1,0.02702702702702703,1,0,40.09090909090909,145.67857142857142,114.70833333333333,1,9.0,77.0,69.0,0,75.22813852813853,139.84061147186148,63.44577922077922,1,1.0,69.0,69.0,0,11.222222222222221,122.5,98.85714285714286,0,-8.416666666666666,73.22916666666667,74.29166666666667,0,52.1,144.2,111.33333333333333,0,107.5,213.0,68.5,1,4.0,59.0,74.0,0,6.638888888888889,74.1111111111111,79.3888888888889,1,-35.0,54.0,70.0,1,25.0,65.0,109.0,0,7.928571428571429,95.78571428571429,73.21428571428571,1,85.0,159.0,148.0,0,117.25,182.5,172.25,0,-36.0,67.75,81.5,1,41.0,106.0,113.0,0,34.1,108.5,74.0,0,-32.5,91.9,77.8,0,-32.125,89.95833333333333,90.41666666666667,0,51.75,111.125,92.375,1,7.0,124.0,97.0,1,-35.0,31.0,70.0,1,-42.0,69.0,79.0,0,9.0,97.75,69.25
100899,1101122,88.29629629629629,48.649780034381344,71.0,35.5,31.807692307692307,87.68607433986365,10.5,52.75,120.92307692307692,67.73586885095727,98.5,44.75,27,3.211,8.408595453129866,100.90314543755841,0.23076923076923078,0,0.0,1,0.037037037037037035,3,0.1111111111111111,0,0,40.09090909090909,145.67857142857142,114.70833333333333,0,-1.7833333333333332,79.66666666666666,62.225,0,75.22813852813853,139.84061147186148,63.44577922077922,2,87.0,155.5,86.0,0,11.222222222222221,122.5,98.85714285714286,0,-8.416666666666666,73.22916666666667,74.29166666666667,0,52.1,144.2,111.33333333333333,0,107.5,213.0,68.5,0,-3.3,78.46666666666667,71.85,0,6.638888888888889,74.1111111111111,79.3888888888889,0,-26.8,78.4,71.4,0,41.833333333333336,105.88888888888887,112.47222222222223,2,12.5,98.5,68.5,0,49.42857142857143,119.42857142857143,104.64285714285714,1,222.0,253.0,178.0,0,-36.0,67.75,81.5,0,44.75,108.625,86.25,0,34.1,108.5,74.0,0,-32.5,91.9,77.8,0,-32.125,89.95833333333333,90.41666666666667,0,51.75,111.125,92.375,0,-9.333333333333334,103.16666666666667,66.5,3,-10.333333333333334,82.66666666666667,44.666666666666664,0,-38.285714285714285,61.642857142857146,76.28571428571429,0,9.0,97.75,69.25
100899,1101128,86.10126582278481,30.071894838157206,76.0,37.5,37.84615384615385,73.90813371204041,7.0,61.5,123.6923076923077,65.92717576941217,107.0,65.25,79,9.754,8.099241336887431,97.19089604264917,0.16666666666666666,0,0.0,8,0.10126582278481013,1,0.012658227848101266,0,0,40.09090909090909,145.67857142857142,114.70833333333333,1,2.0,72.0,67.0,4,25.0,94.25,70.5,0,18.975,87.95,80.35,0,11.222222222222221,122.5,98.85714285714286,0,-8.416666666666666,73.22916666666667,74.29166666666667,0,52.1,144.2,111.33333333333333,0,107.5,213.0,68.5,0,-3.3,78.46666666666667,71.85,0,6.638888888888889,74.1111111111111,79.3888888888889,1,-34.0,70.0,69.0,0,41.833333333333336,105.88888888888887,112.47222222222223,1,1.0,107.0,68.0,1,1.0,79.0,61.0,0,117.25,182.5,172.25,1,-79.0,55.0,78.0,0,44.75,108.625,86.25,0,34.1,108.5,74.0,0,-32.5,91.9,77.8,3,-36.0,98.33333333333333,112.66666666666667,1,5.0,73.0,104.0,0,-9.333333333333334,103.16666666666667,66.5,1,1.0,105.0,33.0,1,-35.0,69.0,109.0,0,9.0,97.75,69.25
100899,1101138,91.0,26.185082329169138,96.0,42.0,-2.125,28.103547373952637,4.0,18.0,89.25,24.140992108859155,80.0,37.5,41,3.646,11.24520021941854,134.94240263302248,0.25,0,0.0,0,0.0,1,0.024390243902439025,0,0,40.09090909090909,145.67857142857142,114.70833333333333,4,2.0,93.0,66.25,0,75.22813852813853,139.84061147186148,63.44577922077922,2,3.0,73.0,67.0,0,11.222222222222221,122.5,98.85714285714286,1,3.0,70.0,68.0,0,52.1,144.2,111.33333333333333,0,107.5,213.0,68.5,0,-3.3,78.46666666666667,71.85,3,4.333333333333333,75.33333333333333,85.66666666666667,0,-26.8,78.4,71.4,1,7.0,80.0,96.0,1,7.0,119.0,30.0,0,49.42857142857143,119.42857142857143,104.64285714285714,0,117.25,182.5,172.25,0,-36.0,67.75,81.5,0,44.75,108.625,86.25,0,34.1,108.5,74.0,0,-32.5,91.9,77.8,0,-32.125,89.95833333333333,90.41666666666667,0,51.75,111.125,92.375,0,-9.333333333333334,103.16666666666667,66.5,2,-38.5,68.0,90.0,0,-38.285714285714285,61.642857142857146,76.28571428571429,0,9.0,97.75,69.25
100899,1101146,87.05882352941177,37.27082219177907,73.0,36.0,58.76190476190476,98.92139965981879,26.5,85.5,146.04761904761904,93.69859285952417,108.0,92.5,85,12.336,6.8904020752269775,82.68482490272373,0.14285714285714285,0,0.0,17,0.2,4,0.047058823529411764,1,0,40.09090909090909,145.67857142857142,114.70833333333333,1,6.0,71.0,53.0,11,61.27272727272727,125.72727272727273,67.9090909090909,0,18.975,87.95,80.35,0,11.222222222222221,122.5,98.85714285714286,2,-16.5,66.5,72.0,0,52.1,144.2,111.33333333333333,0,107.5,213.0,68.5,3,-26.0,80.66666666666667,71.0,2,5.5,77.0,84.0,0,-26.8,78.4,71.4,0,41.833333333333336,105.88888888888887,112.47222222222223,1,2.0,105.0,69.0,1,2.0,71.0,68.0,0,117.25,182.5,172.25,0,-36.0,67.75,81.5,0,44.75,108.625,86.25,0,34.1,108.5,74.0,2,-75.0,69.0,111.0,2,-36.0,69.0,106.0,0,51.75,111.125,92.375,0,-9.333333333333334,103.16666666666667,66.5,0,-25.791666666666668,67.89583333333333,66.89583333333333,2,-18.0,52.5,69.0,1,9.0,125.0,71.0
100899,1101163,89.2,24.383601046605072,92.5,35.5,79.53846153846153,134.33708962499963,42.0,94.0,169.30769230769232,131.58504198487657,124.0,76.0,40,6.67,5.997001499250375,71.9640179910045,0.10256410256410256,0,0.0,8,0.2,1,0.025,0,0,40.09090909090909,145.67857142857142,114.70833333333333,0,-1.7833333333333332,79.66666666666666,62.225,5,35.6,109.2,71.8,0,18.975,87.95,80.35,0,11.222222222222221,122.5,98.85714285714286,0,-8.416666666666666,73.22916666666667,74.29166666666667,0,52.1,144.2,111.33333333333333,0,107.5,213.0,68.5,2,26.0,111.5,83.0,0,6.638888888888889,74.1111111111111,79.3888888888889,0,-26.8,78.4,71.4,0,41.833333333333336,105.88888888888887,112.47222222222223,0,7.928571428571429,95.78571428571429,73.21428571428571,0,49.42857142857143,119.42857142857143,104.64285714285714,0,117.25,182.5,172.25,0,-36.0,67.75,81.5,0,44.75,108.625,86.25,0,34.1,108.5,74.0,0,-32.5,91.9,77.8,0,-32.125,89.95833333333333,90.41666666666667,1,120.0,179.0,103.0,0,-9.333333333333334,103.16666666666667,66.5,0,-25.791666666666668,67.89583333333333,66.89583333333333,0,-38.285714285714285,61.642857142857146,76.28571428571429,0,9.0,97.75,69.25
100899,1101171,87.61842105263158,35.35681543220381,71.5,35.0,34.733333333333334,98.4536890567788,7.0,39.5,122.57333333333334,89.28384300769217,104.0,45.0,76,9.264,8.203799654576857,98.44559585492229,0.22666666666666666,0,0.0,4,0.05263157894736842,2,0.02631578947368421,0,0,40.09090909090909,145.67857142857142,114.70833333333333,2,-14.0,73.5,63.5,2,225.5,295.5,72.0,4,2.75,74.0,77.5,0,11.222222222222221,122.5,98.85714285714286,3,-8.333333333333334,72.33333333333333,81.33333333333333,0,52.1,144.2,111.33333333333333,0,107.5,213.0,68.5,1,3.0,109.0,31.0,3,-7.0,74.33333333333333,68.66666666666667,0,-26.8,78.4,71.4,0,41.833333333333336,105.88888888888887,112.47222222222223,0,7.928571428571429,95.78571428571429,73.21428571428571,1,44.0,107.0,104.0,1,31.0,103.0,177.0,1,-36.0,67.0,71.0,1,28.0,98.0,70.0,2,35.5,108.5,68.5,0,-32.5,91.9,77.8,0,-32.125,89.95833333333333,90.41666666666667,1,47.0,78.0,71.0,0,-9.333333333333334,103.16666666666667,66.5,2,-52.5,51.0,72.5,1,-35.0,67.0,70.0,1,23.0,90.0,71.0
100904,1101112,127.3103448275862,100.19605038959467,104.0,47.0,192.33333333333334,574.3251756691564,3.0,152.0,320.0,578.7475621898901,127.0,199.5,29,13.846,2.094467716307959,25.133612595695507,0.39285714285714285,1,0.03571428571428571,0,0.0,2,0.06896551724137931,0,0,40.09090909090909,145.67857142857142,114.70833333333333,3,28.0,126.66666666666667,57.666666666666664,0,227.54305555555555,290.80694444444447,63.704166666666666,1,-24.0,31.0,111.0,0,11.222222222222221,122.5,98.85714285714286,1,-60.0,44.0,75.0,0,52.1,144.2,111.33333333333333,0,-12.071428571428571,100.42857142857143,81.35714285714286,0,4.35,104.05,76.7,0,-3.25,83.70833333333334,87.02083333333333,0,124.95454545454545,179.0,111.22727272727273,0,94.45454545454545,184.6818181818182,117.5909090909091,0,14.027777777777779,100.5,66.0,1,811.0,906.0,126.0,0,346.8333333333333,433.5,244.83333333333334,1,0.0,81.0,55.0,1,-48.0,71.0,104.0,0,-31.333333333333332,63.333333333333336,134.66666666666666,1,3.0,189.0,132.0,1,111.0,177.0,81.0,0,215.42592592592595,281.7037037037037,71.64814814814815,0,-31.0,88.0,136.0,0,28.1,108.8,78.8,0,15.0,78.8,91.5,0,259.0,393.3333333333333,85.33333333333333
100904,1101130,141.0,386.994832006837,79.0,43.75,137.6326530612245,197.1735684026506,64.0,138.0,280.6530612244898,413.85364419944347,161.0,129.0,50,13.794,3.6247643903146294,43.49717268377555,0.16326530612244897,0,0.0,0,0.0,2,0.04,1,0,40.09090909090909,145.67857142857142,114.70833333333333,1,0.0,88.0,71.0,0,227.54305555555555,290.80694444444447,63.704166666666666,0,69.40833333333333,140.48333333333332,99.48333333333333,0,11.222222222222221,122.5,98.85714285714286,0,-22.375,79.91666666666667,97.85416666666667,0,52.1,144.2,111.33333333333333,2,-11.5,116.5,87.5,2,12.5,120.5,67.5,0,-3.25,83.70833333333334,87.02083333333333,1,79.0,136.0,96.0,1,97.0,168.0,71.0,0,14.027777777777779,100.5,66.0,0,235.95833333333334,322.25,142.25,1,704.0,800.0,200.0,0,-34.333333333333336,76.88888888888889,97.88888888888889,0,-41.25,64.16666666666667,106.25,1,-38.0,72.0,159.0,0,61.375,148.625,88.75,3,142.0,201.66666666666666,72.0,1,192.0,257.0,65.0,0,-31.0,88.0,136.0,0,28.1,108.8,78.8,2,-15.5,68.5,107.0,1,377.0,536.0,87.0
100904,1101143,90.70833333333333,86.32326799433756,79.0,39.25,122.09859154929578,193.44039770121702,63.0,126.5,213.5211267605634,198.7939593801943,136.0,127.5,72,15.2,4.736842105263158,56.842105263157904,0.18309859154929578,0,0.0,6,0.08333333333333333,3,0.041666666666666664,1,0,40.09090909090909,145.67857142857142,114.70833333333333,4,-3.5,86.25,70.25,3,85.33333333333333,133.33333333333334,53.333333333333336,3,47.333333333333336,116.33333333333333,96.33333333333333,0,11.222222222222221,122.5,98.85714285714286,2,-39.5,56.5,108.5,0,52.1,144.2,111.33333333333333,0,-12.071428571428571,100.42857142857143,81.35714285714286,0,4.35,104.05,76.7,3,-11.0,82.66666666666667,87.66666666666667,1,312.0,384.0,64.0,0,94.45454545454545,184.6818181818182,117.5909090909091,1,40.0,120.0,48.0,1,359.0,431.0,128.0,2,240.5,332.5,247.5,0,-34.333333333333336,76.88888888888889,97.88888888888889,2,-44.0,51.0,100.0,0,-31.333333333333332,63.333333333333336,134.66666666666666,0,61.375,148.625,88.75,0,118.4,172.33333333333331,77.1,1,119.0,176.0,48.0,0,-31.0,88.0,136.0,1,2.0,66.0,62.0,1,32.0,104.0,97.0,0,259.0,393.3333333333333,85.33333333333333
100904,1101160,88.71052631578948,63.37354084056185,76.5,41.25,106.8108108108108,218.02514581453832,40.0,145.0,196.3783783783784,213.33533448050954,144.0,125.0,38,7.323,5.189130137921617,62.2695616550594,0.32432432432432434,0,0.0,2,0.05263157894736842,1,0.02631578947368421,0,0,40.09090909090909,145.67857142857142,114.70833333333333,1,-56.0,40.0,88.0,1,961.0,1018.0,54.0,1,-24.0,46.0,105.0,0,11.222222222222221,122.5,98.85714285714286,1,-24.0,81.0,104.0,0,52.1,144.2,111.33333333333333,0,-12.071428571428571,100.42857142857143,81.35714285714286,1,-32.0,80.0,64.0,2,-24.5,64.5,84.0,1,167.0,205.0,112.0,0,94.45454545454545,184.6818181818182,117.5909090909091,2,35.5,143.0,60.5,0,235.95833333333334,322.25,142.25,0,346.8333333333333,433.5,244.83333333333334,1,-22.0,90.0,70.0,0,-41.25,64.16666666666667,106.25,0,-31.333333333333332,63.333333333333336,134.66666666666666,1,104.0,152.0,56.0,0,118.4,172.33333333333331,77.1,1,210.0,266.0,38.0,0,-31.0,88.0,136.0,0,28.1,108.8,78.8,1,-24.0,32.0,112.0,0,259.0,393.3333333333333,85.33333333333333
100904,1101169,90.43636363636364,38.68650863561124,88.0,46.5,77.05555555555556,119.2369903869735,56.0,128.5,167.12962962962962,112.58281664431092,136.0,131.25,55,9.135,6.0207991242474,72.2495894909688,0.25925925925925924,0,0.0,4,0.07272727272727272,1,0.01818181818181818,1,0,40.09090909090909,145.67857142857142,114.70833333333333,3,-33.0,73.66666666666667,85.33333333333333,3,87.66666666666667,128.33333333333334,42.666666666666664,1,65.0,153.0,103.0,0,11.222222222222221,122.5,98.85714285714286,1,-16.0,87.0,88.0,0,52.1,144.2,111.33333333333333,1,-15.0,89.0,47.0,1,224.0,336.0,72.0,1,3.0,91.0,111.0,2,127.5,183.5,156.5,1,15.0,118.0,97.0,0,14.027777777777779,100.5,66.0,0,235.95833333333334,322.25,142.25,0,346.8333333333333,433.5,244.83333333333334,1,-14.0,69.0,103.0,2,-44.5,64.0,112.5,0,-31.333333333333332,63.333333333333336,134.66666666666666,0,61.375,148.625,88.75,2,140.0,196.0,100.5,0,215.42592592592595,281.7037037037037,71.64814814814815,0,-31.0,88.0,136.0,0,28.1,108.8,78.8,0,15.0,78.8,91.5,0,259.0,393.3333333333333,85.33333333333333
100904,1101181,92.19402985074628,43.95833807988397,88.0,45.5,144.0151515151515,275.5404327380319,63.5,103.0,236.84848484848484,278.90164674721876,147.5,114.5,67,15.682,4.272414232878459,51.26897079454151,0.10606060606060606,0,0.0,1,0.014925373134328358,1,0.014925373134328358,0,0,40.09090909090909,145.67857142857142,114.70833333333333,4,-3.75,96.0,86.75,0,227.54305555555555,290.80694444444447,63.704166666666666,2,88.5,156.0,95.0,0,11.222222222222221,122.5,98.85714285714286,2,44.5,164.5,88.0,0,52.1,144.2,111.33333333333333,2,48.0,167.0,64.0,1,88.0,177.0,56.0,2,-3.5,84.5,86.5,0,124.95454545454545,179.0,111.22727272727273,1,257.0,334.0,127.0,0,14.027777777777779,100.5,66.0,0,235.95833333333334,322.25,142.25,0,346.8333333333333,433.5,244.83333333333334,0,-34.333333333333336,76.88888888888889,97.88888888888889,1,-24.0,96.0,121.0,0,-31.333333333333332,63.333333333333336,134.66666666666666,0,61.375,148.625,88.75,1,104.0,151.0,64.0,0,215.42592592592595,281.7037037037037,71.64814814814815,0,-31.0,88.0,136.0,1,0.0,73.0,71.0,0,15.0,78.8,91.5,1,0.0,101.0,56.0
100904,1101199,99.13636363636364,62.5520114163518,72.5,68.5,171.09302325581396,241.39245416555426,89.0,309.0,271.6046511627907,231.7317153204184,161.0,289.0,44,11.719,3.754586568819865,45.05503882583839,0.23255813953488372,0,0.0,7,0.1590909090909091,3,0.06818181818181818,0,0,40.09090909090909,145.67857142857142,114.70833333333333,0,-3.767857142857143,95.04166666666666,68.92857142857143,6,127.16666666666667,179.66666666666666,54.166666666666664,0,69.40833333333333,140.48333333333332,99.48333333333333,0,11.222222222222221,122.5,98.85714285714286,0,-22.375,79.91666666666667,97.85416666666667,0,52.1,144.2,111.33333333333333,0,-12.071428571428571,100.42857142857143,81.35714285714286,0,4.35,104.05,76.7,0,-3.25,83.70833333333334,87.02083333333333,1,71.0,127.0,145.0,1,96.0,233.0,128.0,1,23.0,87.0,64.0,0,235.95833333333334,322.25,142.25,0,346.8333333333333,433.5,244.83333333333334,1,-89.0,56.0,120.0,0,-41.25,64.16666666666667,106.25,0,-31.333333333333332,63.333333333333336,134.66666666666666,1,-24.0,151.0,135.0,0,118.4,172.33333333333331,77.1,3,213.33333333333334,306.6666666666667,58.333333333333336,0,-31.0,88.0,136.0,0,28.1,108.8,78.8,0,15.0,78.8,91.5,0,259.0,393.3333333333333,85.33333333333333
100904,1101210,87.55737704918033,47.567906452435665,82.0,39.0,124.6,216.4659480534217,52.0,142.25,212.83333333333334,217.64804667679013,138.0,154.0,61,12.817,4.7593040493095105,57.11164859171412,0.13333333333333333,0,0.0,2,0.03278688524590164,1,0.01639344262295082,1,0,40.09090909090909,145.67857142857142,114.70833333333333,3,-11.666666666666666,80.0,77.66666666666667,0,227.54305555555555,290.80694444444447,63.704166666666666,2,193.0,259.0,91.0,0,11.222222222222221,122.5,98.85714285714286,0,-22.375,79.91666666666667,97.85416666666667,0,52.1,144.2,111.33333333333333,0,-12.071428571428571,100.42857142857143,81.35714285714286,2,-23.5,73.0,86.5,1,-97.0,23.0,98.0,1,112.0,183.0,73.0,1,34.0,139.0,96.0,0,14.027777777777779,100.5,66.0,1,184.0,280.0,243.0,0,346.8333333333333,433.5,244.83333333333334,2,-7.0,93.0,75.0,0,-41.25,64.16666666666667,106.25,0,-31.333333333333332,63.333333333333336,134.66666666666666,1,49.0,96.0,88.0,0,118.4,172.33333333333331,77.1,2,56.5,132.0,76.0,0,-31.0,88.0,136.0,0,28.1,108.8,78.8,0,15.0,78.8,91.5,0,259.0,393.3333333333333,85.33333333333333
100904,1101227,112.68656716417911,102.5107506492046,88.0,59.5,118.71212121212122,212.48941258127854,80.5,144.5,231.9090909090909,240.0449911915332,161.0,125.25,67,15.385,4.354891127721807,52.25869353266168,0.2727272727272727,0,0.0,12,0.1791044776119403,6,0.08955223880597014,0,0,40.09090909090909,145.67857142857142,114.70833333333333,3,-10.0,88.33333333333333,40.0,9,84.77777777777777,134.22222222222223,49.666666666666664,0,69.40833333333333,140.48333333333332,99.48333333333333,0,11.222222222222221,122.5,98.85714285714286,0,-22.375,79.91666666666667,97.85416666666667,0,52.1,144.2,111.33333333333333,0,-12.071428571428571,100.42857142857143,81.35714285714286,0,4.35,104.05,76.7,0,-3.25,83.70833333333334,87.02083333333333,0,124.95454545454545,179.0,111.22727272727273,1,215.0,229.0,160.0,2,-31.0,61.5,70.5,0,235.95833333333334,322.25,142.25,1,96.0,168.0,287.0,1,-24.0,96.0,146.0,0,-41.25,64.16666666666667,106.25,0,-31.333333333333332,63.333333333333336,134.66666666666666,1,104.0,167.0,58.0,0,118.4,172.33333333333331,77.1,0,215.42592592592595,281.7037037037037,71.64814814814815,0,-31.0,88.0,136.0,1,73.0,129.0,70.0,0,15.0,78.8,91.5,0,259.0,393.3333333333333,85.33333333333333
100904,1101239,97.62962962962963,37.76092579832725,97.0,48.0,70.35,158.6746750429948,36.0,130.0,168.5,153.5070845270667,121.0,92.75,81,13.536,5.98404255319149,71.80851063829788,0.35,0,0.0,7,0.08641975308641975,1,0.012345679012345678,0,0,40.09090909090909,145.67857142857142,114.70833333333333,1,-32.0,104.0,97.0,6,80.0,126.5,49.0,4,148.25,237.0,110.0,0,11.222222222222221,122.5,98.85714285714286,3,-18.333333333333332,91.0,127.33333333333333,0,52.1,144.2,111.33333333333333,2,-30.0,73.5,94.0,2,-11.5,97.0,76.0,1,80.0,152.0,88.0,1,120.0,167.0,129.0,2,44.0,140.5,110.5,3,24.666666666666668,119.0,69.0,3,87.66666666666667,184.0,145.66666666666666,0,346.8333333333333,433.5,244.83333333333334,1,-48.0,80.0,104.0,0,-41.25,64.16666666666667,106.25,1,-56.0,64.0,143.0,1,48.0,121.0,121.0,0,118.4,172.33333333333331,77.1,2,76.0,160.0,72.5,1,-31.0,88.0,136.0,2,80.0,219.0,107.5,0,15.0,78.8,91.5,1,400.0,543.0,113.0
100904,1101255,118.6,89.41147257802785,104.0,47.5,65.20588235294117,215.0695892047317,-8.0,128.75,185.14705882352942,242.4662659802561,111.5,90.75,35,6.368,5.4962311557788945,65.95477386934672,0.5,0,0.0,6,0.17142857142857143,1,0.02857142857142857,0,0,40.09090909090909,145.67857142857142,114.70833333333333,1,-17.0,63.0,80.0,5,170.0,329.6,156.0,2,100.0,192.0,91.5,0,11.222222222222221,122.5,98.85714285714286,3,-41.666666666666664,59.333333333333336,127.0,0,52.1,144.2,111.33333333333333,0,-12.071428571428571,100.42857142857143,81.35714285714286,1,-64.0,23.0,81.0,0,-3.25,83.70833333333334,87.02083333333333,1,88.0,134.0,128.0,1,32.0,152.0,119.0,0,14.027777777777779,100.5,66.0,1,32.0,112.0,120.0,0,346.8333333333333,433.5,244.83333333333334,0,-34.333333333333336,76.88888888888889,97.88888888888889,0,-41.25,64.16666666666667,106.25,0,-31.333333333333332,63.333333333333336,134.66666666666666,0,61.375,148.625,88.75,0,118.4,172.33333333333331,77.1,0,215.42592592592595,281.7037037037037,71.64814814814815,0,-31.0,88.0,136.0,0,28.1,108.8,78.8,0,15.0,78.8,91.5,0,259.0,393.3333333333333,85.33333333333333
100904,1101264,83.4423076923077,56.688559916827906,70.0,40.25,100.90196078431373,162.78582764611244,71.0,109.5,184.88235294117646,151.5907347599183,137.0,77.5,52,9.485,5.482340537691091,65.7880864522931,0.21568627450980393,0,0.0,7,0.1346153846153846,2,0.038461538461538464,0,0,40.09090909090909,145.67857142857142,114.70833333333333,2,-22.0,77.5,58.0,5,224.4,276.8,50.8,0,69.40833333333333,140.48333333333332,99.48333333333333,0,11.222222222222221,122.5,98.85714285714286,0,-22.375,79.91666666666667,97.85416666666667,0,52.1,144.2,111.33333333333333,1,-70.0,26.0,78.0,1,-23.0,64.0,64.0,0,-3.25,83.70833333333334,87.02083333333333,1,65.0,120.0,113.0,1,40.0,101.0,112.0,0,14.027777777777779,100.5,66.0,1,25.0,129.0,137.0,0,346.8333333333333,433.5,244.83333333333334,1,-42.0,71.0,104.0,1,-64.0,24.0,111.0,0,-31.333333333333332,63.333333333333336,134.66666666666666,1,96.0,145.0,64.0,1,95.0,136.0,68.0,2,76.0,151.0,92.0,0,-31.0,88.0,136.0,0,28.1,108.8,78.8,1,40.0,96.0,72.0,0,259.0,393.3333333333333,85.33333333333333
100904,1101273,84.23529411764706,30.939275271493667,81.0,31.0,64.5,230.04890784352793,8.0,59.0,150.5625,228.9639624345936,90.5,46.75,17,2.464,6.89935064935065,82.79220779220779,0.375,0,0.0,0,0.0,1,0.058823529411764705,0,0,40.09090909090909,145.67857142857142,114.70833333333333,1,1.0,90.0,39.0,0,227.54305555555555,290.80694444444447,63.704166666666666,1,32.0,71.0,80.0,0,11.222222222222221,122.5,98.85714285714286,1,-24.0,56.0,65.0,0,52.1,144.2,111.33333333333333,0,-12.071428571428571,100.42857142857143,81.35714285714286,0,4.35,104.05,76.7,1,26.0,91.0,54.0,0,124.95454545454545,179.0,111.22727272727273,0,94.45454545454545,184.6818181818182,117.5909090909091,0,14.027777777777779,100.5,66.0,1,39.0,120.0,121.0,0,346.8333333333333,433.5,244.83333333333334,0,-34.333333333333336,76.88888888888889,97.88888888888889,1,-23.0,79.0,89.0,1,0.0,54.0,102.0,0,61.375,148.625,88.75,0,118.4,172.33333333333331,77.1,0,215.42592592592595,281.7037037037037,71.64814814814815,0,-31.0,88.0,136.0,0,28.1,108.8,78.8,0,15.0,78.8,91.5,0,259.0,393.3333333333333,85.33333333333333
100904,1101279,98.75294117647059,93.68054677621527,87.0,39.0,118.72619047619048,223.48720807062273,60.0,113.75,218.0,284.5098123674003,144.0,96.25,85,18.367,4.627865193009201,55.53438231611041,0.20238095238095238,0,0.0,1,0.011764705882352941,1,0.011764705882352941,0,0,40.09090909090909,145.67857142857142,114.70833333333333,6,91.16666666666667,198.16666666666666,58.333333333333336,0,227.54305555555555,290.80694444444447,63.704166666666666,2,68.0,143.5,112.0,0,11.222222222222221,122.5,98.85714285714286,0,-22.375,79.91666666666667,97.85416666666667,0,52.1,144.2,111.33333333333333,1,-31.0,79.0,103.0,1,-55.0,38.0,72.0,1,1.0,81.0,87.0,2,72.0,112.5,111.0,1,88.0,192.0,130.0,2,-8.0,72.5,84.0,3,350.0,416.0,117.33333333333333,0,346.8333333333333,433.5,244.83333333333334,1,-63.0,56.0,104.0,0,-41.25,64.16666666666667,106.25,0,-31.333333333333332,63.333333333333336,134.66666666666666,1,111.0,168.0,56.0,0,118.4,172.33333333333331,77.1,3,139.0,194.66666666666666,59.0,0,-31.0,88.0,136.0,2,-14.5,57.0,83.5,0,15.0,78.8,91.5,0,259.0,393.3333333333333,85.33333333333333
100904,1101297,97.19148936170212,62.40895949654486,87.0,48.5,149.0,223.04902950969634,87.5,175.25,247.08695652173913,205.66052929069434,171.5,152.5,47,11.422,4.1148660479775865,49.37839257573104,0.10869565217391304,0,0.0,1,0.02127659574468085,1,0.02127659574468085,0,0,40.09090909090909,145.67857142857142,114.70833333333333,1,16.0,119.0,56.0,0,227.54305555555555,290.80694444444447,63.704166666666666,0,69.40833333333333,140.48333333333332,99.48333333333333,0,11.222222222222221,122.5,98.85714285714286,0,-22.375,79.91666666666667,97.85416666666667,0,52.1,144.2,111.33333333333333,1,25.0,152.0,96.0,1,-72.0,32.0,128.0,0,-3.25,83.70833333333334,87.02083333333333,1,161.0,217.0,96.0,1,121.0,225.0,143.0,0,14.027777777777779,100.5,66.0,0,235.95833333333334,322.25,142.25,0,346.8333333333333,433.5,244.83333333333334,0,-34.333333333333336,76.88888888888889,97.88888888888889,0,-41.25,64.16666666666667,106.25,0,-31.333333333333332,63.333333333333336,134.66666666666666,0,61.375,148.625,88.75,0,118.4,172.33333333333331,77.1,1,857.0,892.0,136.0,0,-31.0,88.0,136.0,0,28.1,108.8,78.8,2,42.5,93.5,69.5,0,259.0,393.3333333333333,85.33333333333333
100994,1101809,64.3103448275862,19.54147392929637,64.0,24.0,267.25,302.0610894930267,112.5,319.0,331.85714285714283,302.711993519266,192.5,311.0,29,9.348,3.1022678647839106,37.22721437740692,0.0,0,0.0,5,0.1724137931034483,0,0.0,0,14,182.21428571428572,246.21428571428572,65.85714285714286,0,16.0,124.38888888888889,103.5,3,119.33333333333333,184.0,75.0,0,50.0,155.0,100.1875,4,60.25,122.5,71.5,0,8.5,110.0,96.0,3,617.3333333333334,683.3333333333334,67.66666666666667,0,20.5,134.0,104.0,0,23.0,135.1818181818182,104.0,0,24.5,112.0,104.375,0,52.25,144.0,106.5,0,59.0,165.0,119.10416666666667,0,22.1,130.4,98.5,0,66.28571428571429,187.5,114.6,0,472.0,520.0,776.0,0,48.0,150.0,103.0,0,-15.466666666666669,117.4,113.88888888888889,0,-30.214285714285715,116.0,120.0,0,-20.75,119.25,101.33333333333333,0,37.25,153.0,107.66666666666667,0,74.0,178.0,103.71428571428571,0,16.0,134.28571428571428,97.0,0,35.75,133.5,106.66666666666667,0,64.5,160.0,99.6875,0,10.5,131.16666666666666,104.33333333333333
100994,1101834,70.6,75.05517970133707,59.5,14.5,275.53061224489795,305.7847783908537,129.0,288.0,346.7551020408163,300.64410654542985,208.0,294.0,50,17.143,2.9166423613136554,34.99970833576387,0.02040816326530612,0,0.0,0,0.0,1,0.02,1,31,188.41935483870967,250.3548387096774,59.58064516129032,0,16.0,124.38888888888889,103.5,0,124.31448412698411,171.45238095238096,60.598214285714285,0,50.0,155.0,100.1875,8,390.125,443.75,61.875,0,8.5,110.0,96.0,8,458.125,520.0,59.75,0,20.5,134.0,104.0,0,23.0,135.1818181818182,104.0,0,24.5,112.0,104.375,0,52.25,144.0,106.5,0,59.0,165.0,119.10416666666667,0,22.1,130.4,98.5,0,66.28571428571429,187.5,114.6,0,472.0,520.0,776.0,0,48.0,150.0,103.0,0,-15.466666666666669,117.4,113.88888888888889,0,-30.214285714285715,116.0,120.0,0,-20.75,119.25,101.33333333333333,0,37.25,153.0,107.66666666666667,0,74.0,178.0,103.71428571428571,0,16.0,134.28571428571428,97.0,0,35.75,133.5,106.66666666666667,0,64.5,160.0,99.6875,0,10.5,131.16666666666666,104.33333333333333
100994,1101865,58.79120879120879,14.509198661248357,56.0,12.0,412.35555555555555,585.0913568003455,112.0,504.0,471.35555555555555,584.5308719365588,176.0,524.0,91,42.462,2.143092647543686,25.71711177052423,0.0,0,0.0,13,0.14285714285714285,0,0.0,0,47,252.0,312.27659574468083,59.0,0,16.0,124.38888888888889,103.5,7,226.42857142857142,276.7142857142857,55.714285714285715,0,50.0,155.0,100.1875,12,283.4166666666667,344.0833333333333,62.583333333333336,0,8.5,110.0,96.0,12,724.8333333333334,787.4166666666666,61.083333333333336,0,20.5,134.0,104.0,0,23.0,135.1818181818182,104.0,0,24.5,112.0,104.375,0,52.25,144.0,106.5,0,59.0,165.0,119.10416666666667,0,22.1,130.4,98.5,0,66.28571428571429,187.5,114.6,0,472.0,520.0,776.0,0,48.0,150.0,103.0,0,-15.466666666666669,117.4,113.88888888888889,0,-30.214285714285715,116.0,120.0,0,-20.75,119.25,101.33333333333333,0,37.25,153.0,107.66666666666667,0,74.0,178.0,103.71428571428571,0,16.0,134.28571428571428,97.0,0,35.75,133.5,106.66666666666667,0,64.5,160.0,99.6875,0,10.5,131.16666666666666,104.33333333333333
100994,1101922,69.73076923076923,13.3547965808535,72.0,21.75,121.04,72.44500258817028,104.0,40.0,191.96,75.14970658625353,176.0,72.0,26,4.839,5.3730109526761725,64.47613143211406,0.0,0,0.0,0,0.0,0,0.0,2,15,125.4,193.0,67.13333333333334,0,16.0,124.38888888888889,103.5,0,124.31448412698411,171.45238095238096,60.598214285714285,0,50.0,155.0,100.1875,5,107.2,182.2,76.8,0,8.5,110.0,96.0,5,121.8,198.6,65.4,0,20.5,134.0,104.0,0,23.0,135.1818181818182,104.0,0,24.5,112.0,104.375,0,52.25,144.0,106.5,0,59.0,165.0,119.10416666666667,0,22.1,130.4,98.5,0,66.28571428571429,187.5,114.6,0,472.0,520.0,776.0,0,48.0,150.0,103.0,0,-15.466666666666669,117.4,113.88888888888889,0,-30.214285714285715,116.0,120.0,0,-20.75,119.25,101.33333333333333,0,37.25,153.0,107.66666666666667,0,74.0,178.0,103.71428571428571,0,16.0,134.28571428571428,97.0,0,35.75,133.5,106.66666666666667,0,64.5,160.0,99.6875,0,10.5,131.16666666666666,104.33333333333333
100994,1101932,92.3170731707317,130.88972066896443,64.0,17.0,232.75,451.92730333539265,100.0,98.0,325.975,441.84247687948704,172.0,115.75,41,13.191,3.1081798195739516,37.29815783488742,0.05,0,0.0,9,0.21951219512195122,2,0.04878048780487805,0,20,112.05,182.2,65.9,0,16.0,124.38888888888889,103.5,8,111.125,163.0,53.875,0,50.0,155.0,100.1875,3,104.0,154.66666666666666,69.0,0,8.5,110.0,96.0,3,294.6666666666667,363.6666666666667,68.33333333333333,0,20.5,134.0,104.0,0,23.0,135.1818181818182,104.0,0,24.5,112.0,104.375,0,52.25,144.0,106.5,0,59.0,165.0,119.10416666666667,0,22.1,130.4,98.5,0,66.28571428571429,187.5,114.6,0,472.0,520.0,776.0,0,48.0,150.0,103.0,0,-15.466666666666669,117.4,113.88888888888889,0,-30.214285714285715,116.0,120.0,0,-20.75,119.25,101.33333333333333,0,37.25,153.0,107.66666666666667,0,74.0,178.0,103.71428571428571,0,16.0,134.28571428571428,97.0,0,35.75,133.5,106.66666666666667,0,64.5,160.0,99.6875,0,10.5,131.16666666666666,104.33333333333333
100994,1101945,104.20588235294117,158.8474627936693,64.0,16.0,124.39393939393939,204.931021564898,96.0,40.0,230.3030303030303,182.41652052518225,160.0,80.0,34,7.728,4.399585921325052,52.79503105590062,0.06060606060606061,0,0.0,2,0.058823529411764705,2,0.058823529411764705,1,14,88.57142857142857,156.07142857142858,64.57142857142857,0,16.0,124.38888888888889,103.5,1,88.0,112.0,72.0,0,50.0,155.0,100.1875,7,88.14285714285714,149.71428571428572,71.85714285714286,0,8.5,110.0,96.0,6,190.66666666666666,266.5,68.0,0,20.5,134.0,104.0,0,23.0,135.1818181818182,104.0,0,24.5,112.0,104.375,0,52.25,144.0,106.5,0,59.0,165.0,119.10416666666667,0,22.1,130.4,98.5,0,66.28571428571429,187.5,114.6,1,472.0,520.0,776.0,0,48.0,150.0,103.0,0,-15.466666666666669,117.4,113.88888888888889,0,-30.214285714285715,116.0,120.0,0,-20.75,119.25,101.33333333333333,0,37.25,153.0,107.66666666666667,0,74.0,178.0,103.71428571428571,0,16.0,134.28571428571428,97.0,0,35.75,133.5,106.66666666666667,0,64.5,160.0,99.6875,0,10.5,131.16666666666666,104.33333333333333
100994,1101964,66.38461538461539,16.163611212107693,64.0,16.0,224.89473684210526,427.69780215977164,112.0,112.25,291.9736842105263,426.65963797376037,180.0,109.0,39,11.135,3.502469690166143,42.02963628199372,0.0,0,0.0,3,0.07692307692307693,0,0.0,1,19,243.57894736842104,312.8421052631579,62.578947368421055,0,16.0,124.38888888888889,103.5,1,81.0,121.0,55.0,0,50.0,155.0,100.1875,7,104.42857142857143,166.0,77.14285714285714,0,8.5,110.0,96.0,7,257.2857142857143,333.42857142857144,78.71428571428571,0,20.5,134.0,104.0,0,23.0,135.1818181818182,104.0,0,24.5,112.0,104.375,0,52.25,144.0,106.5,0,59.0,165.0,119.10416666666667,0,22.1,130.4,98.5,0,66.28571428571429,187.5,114.6,0,472.0,520.0,776.0,0,48.0,150.0,103.0,0,-15.466666666666669,117.4,113.88888888888889,0,-30.214285714285715,116.0,120.0,0,-20.75,119.25,101.33333333333333,0,37.25,153.0,107.66666666666667,0,74.0,178.0,103.71428571428571,0,16.0,134.28571428571428,97.0,0,35.75,133.5,106.66666666666667,0,64.5,160.0,99.6875,0,10.5,131.16666666666666,104.33333333333333
100994,1101981,62.10769230769231,13.963824775714707,64.0,15.0,277.15625,364.16536502794645,116.0,234.0,339.359375,363.5585994370225,179.5,253.75,65,21.775,2.985074626865672,35.82089552238806,0.0,0,0.0,1,0.015384615384615385,0,0.0,0,38,191.68421052631578,253.71052631578948,60.28947368421053,0,16.0,124.38888888888889,103.5,0,124.31448412698411,171.45238095238096,60.598214285714285,0,50.0,155.0,100.1875,12,145.58333333333334,203.91666666666666,67.75,0,8.5,110.0,96.0,12,655.5833333333334,723.3333333333334,63.083333333333336,0,20.5,134.0,104.0,0,23.0,135.1818181818182,104.0,0,24.5,112.0,104.375,0,52.25,144.0,106.5,0,59.0,165.0,119.10416666666667,0,22.1,130.4,98.5,0,66.28571428571429,187.5,114.6,0,472.0,520.0,776.0,0,48.0,150.0,103.0,0,-15.466666666666669,117.4,113.88888888888889,0,-30.214285714285715,116.0,120.0,0,-20.75,119.25,101.33333333333333,0,37.25,153.0,107.66666666666667,0,74.0,178.0,103.71428571428571,0,16.0,134.28571428571428,97.0,0,35.75,133.5,106.66666666666667,0,64.5,160.0,99.6875,0,10.5,131.16666666666666,104.33333333333333
100994,1102006,59.95,16.96508669788241,63.5,15.25,264.8474576271187,409.9393429111405,120.0,136.0,324.864406779661,411.6114449507917,184.0,128.0,60,19.223,3.1212609894397336,37.455131873276805,0.0,0,0.0,2,0.03333333333333333,0,0.0,1,36,122.5,183.13888888888889,60.5,0,16.0,124.38888888888889,103.5,0,124.31448412698411,171.45238095238096,60.598214285714285,0,50.0,155.0,100.1875,10,114.9,174.9,60.6,0,8.5,110.0,96.0,9,913.2222222222222,972.5555555555555,60.111111111111114,0,20.5,134.0,104.0,0,23.0,135.1818181818182,104.0,0,24.5,112.0,104.375,0,52.25,144.0,106.5,0,59.0,165.0,119.10416666666667,0,22.1,130.4,98.5,0,66.28571428571429,187.5,114.6,0,472.0,520.0,776.0,0,48.0,150.0,103.0,0,-15.466666666666669,117.4,113.88888888888889,0,-30.214285714285715,116.0,120.0,0,-20.75,119.25,101.33333333333333,0,37.25,153.0,107.66666666666667,0,74.0,178.0,103.71428571428571,0,16.0,134.28571428571428,97.0,0,35.75,133.5,106.66666666666667,0,64.5,160.0,99.6875,0,10.5,131.16666666666666,104.33333333333333
100994,1102029,63.53488372093023,15.696761386022756,64.0,16.0,242.54761904761904,415.9298362522305,120.0,74.0,306.64285714285717,414.19611305277505,180.5,88.0,43,12.919,3.328430993110922,39.941171917331054,0.0,0,0.0,0,0.0,0,0.0,1,24,196.875,258.9583333333333,61.708333333333336,0,16.0,124.38888888888889,103.5,0,124.31448412698411,171.45238095238096,60.598214285714285,0,50.0,155.0,100.1875,9,285.6666666666667,349.3333333333333,69.88888888888889,0,8.5,110.0,96.0,9,321.22222222222223,391.1111111111111,63.0,0,20.5,134.0,104.0,0,23.0,135.1818181818182,104.0,0,24.5,112.0,104.375,0,52.25,144.0,106.5,0,59.0,165.0,119.10416666666667,0,22.1,130.4,98.5,0,66.28571428571429,187.5,114.6,0,472.0,520.0,776.0,0,48.0,150.0,103.0,0,-15.466666666666669,117.4,113.88888888888889,0,-30.214285714285715,116.0,120.0,0,-20.75,119.25,101.33333333333333,0,37.25,153.0,107.66666666666667,0,74.0,178.0,103.71428571428571,0,16.0,134.28571428571428,97.0,0,35.75,133.5,106.66666666666667,0,64.5,160.0,99.6875,0,10.5,131.16666666666666,104.33333333333333
100994,1102049,65.2280701754386,14.942013701933204,64.0,16.0,223.01785714285714,314.33254064715265,116.0,158.0,288.69642857142856,314.50368608121823,184.0,172.0,57,16.207,3.516998827667057,42.20398593200469,0.0,0,0.0,0,0.0,0,0.0,0,34,172.1764705882353,238.76470588235293,64.26470588235294,0,16.0,124.38888888888889,103.5,0,124.31448412698411,171.45238095238096,60.598214285714285,0,50.0,155.0,100.1875,11,306.3636363636364,368.0,66.9090909090909,0,8.5,110.0,96.0,11,296.8181818181818,363.72727272727275,66.63636363636364,0,20.5,134.0,104.0,0,23.0,135.1818181818182,104.0,0,24.5,112.0,104.375,0,52.25,144.0,106.5,0,59.0,165.0,119.10416666666667,0,22.1,130.4,98.5,0,66.28571428571429,187.5,114.6,0,472.0,520.0,776.0,0,48.0,150.0,103.0,0,-15.466666666666669,117.4,113.88888888888889,0,-30.214285714285715,116.0,120.0,0,-20.75,119.25,101.33333333333333,0,37.25,153.0,107.66666666666667,0,74.0,178.0,103.71428571428571,0,16.0,134.28571428571428,97.0,0,35.75,133.5,106.66666666666667,0,64.5,160.0,99.6875,0,10.5,131.16666666666666,104.33333333333333
100994,1102073,61.6875,13.36375111074731,58.0,17.0,203.38709677419354,242.3748998794456,104.0,157.0,265.258064516129,242.50320486634286,183.0,156.0,32,8.279,3.8652011112453195,46.38241333494384,0.0,0,0.0,1,0.03125,0,0.0,0,17,175.7058823529412,233.0,58.64705882352941,0,16.0,124.38888888888889,103.5,0,124.31448412698411,171.45238095238096,60.598214285714285,0,50.0,155.0,100.1875,6,73.83333333333333,132.0,80.66666666666667,0,8.5,110.0,96.0,6,207.16666666666666,287.8333333333333,56.833333333333336,0,20.5,134.0,104.0,0,23.0,135.1818181818182,104.0,0,24.5,112.0,104.375,0,52.25,144.0,106.5,0,59.0,165.0,119.10416666666667,0,22.1,130.4,98.5,0,66.28571428571429,187.5,114.6,0,472.0,520.0,776.0,0,48.0,150.0,103.0,0,-15.466666666666669,117.4,113.88888888888889,0,-30.214285714285715,116.0,120.0,0,-20.75,119.25,101.33333333333333,0,37.25,153.0,107.66666666666667,0,74.0,178.0,103.71428571428571,0,16.0,134.28571428571428,97.0,0,35.75,133.5,106.66666666666667,0,64.5,160.0,99.6875,0,10.5,131.16666666666666,104.33333333333333
100994,1102089,57.44827586206897,11.920964456748981,56.0,16.0,273.2857142857143,281.30446864853155,112.0,442.25,331.07142857142856,280.5989675894138,175.5,450.0,29,9.318,3.1122558488946126,37.34707018673535,0.0,0,0.0,2,0.06896551724137931,0,0.0,0,13,169.92307692307693,228.23076923076923,56.46153846153846,0,16.0,124.38888888888889,103.5,0,124.31448412698411,171.45238095238096,60.598214285714285,0,50.0,155.0,100.1875,5,317.0,369.6,62.2,0,8.5,110.0,96.0,6,376.1666666666667,438.6666666666667,50.5,0,20.5,134.0,104.0,0,23.0,135.1818181818182,104.0,0,24.5,112.0,104.375,0,52.25,144.0,106.5,0,59.0,165.0,119.10416666666667,0,22.1,130.4,98.5,0,66.28571428571429,187.5,114.6,0,472.0,520.0,776.0,0,48.0,150.0,103.0,0,-15.466666666666669,117.4,113.88888888888889,0,-30.214285714285715,116.0,120.0,0,-20.75,119.25,101.33333333333333,0,37.25,153.0,107.66666666666667,0,74.0,178.0,103.71428571428571,0,16.0,134.28571428571428,97.0,0,35.75,133.5,106.66666666666667,0,64.5,160.0,99.6875,0,10.5,131.16666666666666,104.33333333333333
100994,1102105,58.57142857142857,15.385124010430546,56.0,28.0,262.05882352941177,397.58343121298014,100.0,130.0,320.94117647058823,395.2459354388971,164.0,106.0,35,10.96,3.1934306569343063,38.32116788321168,0.0,0,0.0,7,0.2,0,0.0,0,15,286.26666666666665,350.4,58.666666666666664,0,16.0,124.38888888888889,103.5,6,120.0,172.0,52.0,0,50.0,155.0,100.1875,6,185.33333333333334,241.33333333333334,56.0,0,8.5,110.0,96.0,5,251.2,310.4,67.2,0,20.5,134.0,104.0,0,23.0,135.1818181818182,104.0,0,24.5,112.0,104.375,0,52.25,144.0,106.5,0,59.0,165.0,119.10416666666667,0,22.1,130.4,98.5,0,66.28571428571429,187.5,114.6,0,472.0,520.0,776.0,0,48.0,150.0,103.0,0,-15.466666666666669,117.4,113.88888888888889,0,-30.214285714285715,116.0,120.0,0,-20.75,119.25,101.33333333333333,0,37.25,153.0,107.66666666666667,0,74.0,178.0,103.71428571428571,0,16.0,134.28571428571428,97.0,0,35.75,133.5,106.66666666666667,0,64.5,160.0,99.6875,0,10.5,131.16666666666666,104.33333333333333
100994,1102126,65.08333333333333,10.37993523850489,64.0,16.0,213.74285714285713,247.2171217899813,96.0,104.5,278.85714285714283,249.1753419189149,160.0,116.5,36,9.824,3.6644951140065145,43.97394136807817,0.0,0,0.0,0,0.0,0,0.0,1,23,151.0,216.0,63.26086956521739,0,16.0,124.38888888888889,103.5,0,124.31448412698411,171.45238095238096,60.598214285714285,0,50.0,155.0,100.1875,6,86.66666666666667,144.0,73.33333333333333,0,8.5,110.0,96.0,6,581.3333333333334,654.6666666666666,68.0,0,20.5,134.0,104.0,0,23.0,135.1818181818182,104.0,0,24.5,112.0,104.375,0,52.25,144.0,106.5,0,59.0,165.0,119.10416666666667,0,22.1,130.4,98.5,0,66.28571428571429,187.5,114.6,0,472.0,520.0,776.0,0,48.0,150.0,103.0,0,-15.466666666666669,117.4,113.88888888888889,0,-30.214285714285715,116.0,120.0,0,-20.75,119.25,101.33333333333333,0,37.25,153.0,107.66666666666667,0,74.0,178.0,103.71428571428571,0,16.0,134.28571428571428,97.0,0,35.75,133.5,106.66666666666667,0,64.5,160.0,99.6875,0,10.5,131.16666666666666,104.33333333333333
101009,1102025,91.90322580645162,35.87375250272031,87.0,24.0,121.73333333333333,137.45470365016817,68.0,102.25,214.03333333333333,137.76827969053286,170.0,158.0,31,6.501,4.768497154283956,57.221965851407475,0.03333333333333333,0,0.0,0,0.0,1,0.03225806451612903,0,0,40.09090909090909,145.67857142857142,114.70833333333333,1,15.0,104.0,64.0,0,85.5111111111111,126.53333333333335,57.77777777777778,1,40.0,112.0,72.0,0,11.222222222222221,122.5,98.85714285714286,3,26.666666666666668,138.66666666666666,77.33333333333333,0,52.1,144.2,111.33333333333333,1,120.0,216.0,96.0,1,201.0,289.0,95.0,1,16.0,88.0,89.0,0,75.16666666666667,167.25,79.16666666666667,0,148.33333333333334,240.0,87.66666666666667,0,72.0,166.71428571428572,93.85714285714286,1,81.0,145.0,87.0,0,234.66666666666666,317.3333333333333,282.0833333333333,0,93.0,181.0,89.2,0,9.0,120.0,74.5,0,-39.08333333333333,101.58333333333333,90.33333333333333,0,23.571428571428573,164.14285714285714,77.71428571428571,0,288.0,392.0,80.0,0,423.6666666666667,516.0,84.0,1,128.0,280.0,80.0,0,40.142857142857146,125.07142857142857,95.85714285714286,0,148.66666666666666,228.5,92.66666666666667,1,8.0,80.0,72.0
101009,1102043,83.70731707317073,21.210034328509177,80.0,24.0,74.6,81.8073346344935,56.0,66.0,159.2,78.29789269194926,136.0,52.0,41,6.416,6.390274314214463,76.68329177057356,0.075,0,0.0,0,0.0,1,0.024390243902439025,0,0,40.09090909090909,145.67857142857142,114.70833333333333,2,32.0,108.0,84.0,0,85.5111111111111,126.53333333333335,57.77777777777778,1,48.0,136.0,88.0,0,11.222222222222221,122.5,98.85714285714286,0,80.5925925925926,173.11111111111111,70.27777777777777,0,52.1,144.2,111.33333333333333,0,76.64285714285714,183.5,89.71428571428571,0,80.55555555555556,162.88888888888889,87.77777777777777,1,56.0,120.0,80.0,0,75.16666666666667,167.25,79.16666666666667,0,148.33333333333334,240.0,87.66666666666667,0,72.0,166.71428571428572,93.85714285714286,1,72.0,168.0,88.0,0,234.66666666666666,317.3333333333333,282.0833333333333,0,93.0,181.0,89.2,0,9.0,120.0,74.5,0,-39.08333333333333,101.58333333333333,90.33333333333333,0,23.571428571428573,164.14285714285714,77.71428571428571,0,288.0,392.0,80.0,0,423.6666666666667,516.0,84.0,0,60.0,160.75,77.25,2,48.0,140.0,96.0,2,140.0,204.0,100.0,0,78.83333333333333,155.83333333333334,82.5
101009,1102056,90.55,43.26446771505073,80.0,24.0,84.86440677966101,104.53795963337483,64.0,97.0,175.72881355932202,94.1639087556994,136.0,96.0,60,10.44,5.74712643678161,68.96551724137932,0.11864406779661017,0,0.0,5,0.08333333333333333,2,0.03333333333333333,0,0,40.09090909090909,145.67857142857142,114.70833333333333,0,93.72727272727273,177.13636363636363,88.77272727272727,3,85.33333333333333,136.0,53.333333333333336,1,216.0,296.0,88.0,0,11.222222222222221,122.5,98.85714285714286,0,80.5925925925926,173.11111111111111,70.27777777777777,0,52.1,144.2,111.33333333333333,0,76.64285714285714,183.5,89.71428571428571,1,-9.0,56.0,88.0,0,68.63333333333334,138.15,85.33333333333334,2,48.0,156.0,60.0,1,207.0,311.0,88.0,1,-8.0,87.0,96.0,0,151.0,233.85714285714286,87.42857142857143,0,234.66666666666666,317.3333333333333,282.0833333333333,1,64.0,137.0,103.0,1,64.0,144.0,66.0,0,-39.08333333333333,101.58333333333333,90.33333333333333,0,23.571428571428573,164.14285714285714,77.71428571428571,0,288.0,392.0,80.0,0,423.6666666666667,516.0,84.0,1,24.0,112.0,72.0,2,20.0,119.5,92.0,0,148.66666666666666,228.5,92.66666666666667,0,78.83333333333333,155.83333333333334,82.5
101009,1102071,88.71428571428571,25.745351604740236,88.0,24.0,122.36585365853658,142.75337014475667,87.0,80.0,211.29268292682926,139.96589199540793,168.0,88.0,42,8.743,4.803843074459567,57.646116893514815,0.07317073170731707,0,0.0,0,0.0,1,0.023809523809523808,1,0,40.09090909090909,145.67857142857142,114.70833333333333,2,104.0,192.0,100.0,0,85.5111111111111,126.53333333333335,57.77777777777778,1,16.0,128.0,88.0,0,11.222222222222221,122.5,98.85714285714286,0,80.5925925925926,173.11111111111111,70.27777777777777,0,52.1,144.2,111.33333333333333,1,40.0,136.0,104.0,0,80.55555555555556,162.88888888888889,87.77777777777777,1,96.0,176.0,88.0,1,88.0,168.0,111.0,0,148.33333333333334,240.0,87.66666666666667,1,48.0,144.0,112.0,0,151.0,233.85714285714286,87.42857142857143,0,234.66666666666666,317.3333333333333,282.0833333333333,1,48.0,159.0,96.0,0,9.0,120.0,74.5,0,-39.08333333333333,101.58333333333333,90.33333333333333,0,23.571428571428573,164.14285714285714,77.71428571428571,0,288.0,392.0,80.0,2,304.0,404.0,76.0,0,60.0,160.75,77.25,1,40.0,80.0,96.0,0,148.66666666666666,228.5,92.66666666666667,0,78.83333333333333,155.83333333333334,82.5
101009,1102085,94.3,23.69092653316877,88.0,24.0,112.92307692307692,153.7407715996996,64.0,60.0,207.3846153846154,149.49498154420888,160.0,56.0,40,8.176,4.892367906066536,58.70841487279843,0.10256410256410256,0,0.0,0,0.0,1,0.025,0,0,40.09090909090909,145.67857142857142,114.70833333333333,0,93.72727272727273,177.13636363636363,88.77272727272727,0,85.5111111111111,126.53333333333335,57.77777777777778,1,328.0,432.0,80.0,0,11.222222222222221,122.5,98.85714285714286,0,80.5925925925926,173.11111111111111,70.27777777777777,0,52.1,144.2,111.33333333333333,0,76.64285714285714,183.5,89.71428571428571,2,100.0,184.0,96.0,0,68.63333333333334,138.15,85.33333333333334,2,60.0,156.0,88.0,1,96.0,168.0,88.0,0,72.0,166.71428571428572,93.85714285714286,2,184.0,284.0,117.0,0,234.66666666666666,317.3333333333333,282.0833333333333,1,48.0,144.0,104.0,0,9.0,120.0,74.5,0,-39.08333333333333,101.58333333333333,90.33333333333333,2,-36.0,104.0,68.0,0,288.0,392.0,80.0,1,727.0,816.0,88.0,0,60.0,160.75,77.25,0,40.142857142857146,125.07142857142857,95.85714285714286,1,72.0,168.0,72.0,0,78.83333333333333,155.83333333333334,82.5
101009,1102095,103.88235294117646,103.27028064768635,80.0,30.25,110.63636363636364,198.50178507430596,88.0,96.0,215.4848484848485,155.14316383773766,152.0,96.0,34,7.207,4.717635632024421,56.611627584293046,0.06060606060606061,0,0.0,0,0.0,2,0.058823529411764705,0,0,40.09090909090909,145.67857142857142,114.70833333333333,0,93.72727272727273,177.13636363636363,88.77272727272727,0,85.5111111111111,126.53333333333335,57.77777777777778,1,264.0,361.0,87.0,0,11.222222222222221,122.5,98.85714285714286,1,32.0,119.0,72.0,0,52.1,144.2,111.33333333333333,0,76.64285714285714,183.5,89.71428571428571,1,56.0,136.0,104.0,1,40.0,112.0,80.0,0,75.16666666666667,167.25,79.16666666666667,0,148.33333333333334,240.0,87.66666666666667,1,64.0,152.0,97.0,0,151.0,233.85714285714286,87.42857142857143,0,234.66666666666666,317.3333333333333,282.0833333333333,0,93.0,181.0,89.2,0,9.0,120.0,74.5,0,-39.08333333333333,101.58333333333333,90.33333333333333,1,8.0,128.0,64.0,1,288.0,392.0,80.0,0,423.6666666666667,516.0,84.0,0,60.0,160.75,77.25,1,48.0,152.0,104.0,1,128.0,191.0,112.0,1,72.0,144.0,80.0
101009,1102106,95.04,44.35897203497845,88.0,32.0,110.0,87.0938191454097,104.0,58.0,205.66666666666666,76.61084924618851,196.0,90.0,25,5.016,4.984051036682615,59.80861244019139,0.08333333333333333,0,0.0,0,0.0,1,0.04,0,0,40.09090909090909,145.67857142857142,114.70833333333333,1,128.0,232.0,80.0,0,85.5111111111111,126.53333333333335,57.77777777777778,0,134.1818181818182,228.37878787878788,80.13636363636364,0,11.222222222222221,122.5,98.85714285714286,0,80.5925925925926,173.11111111111111,70.27777777777777,0,52.1,144.2,111.33333333333333,0,76.64285714285714,183.5,89.71428571428571,0,80.55555555555556,162.88888888888889,87.77777777777777,0,68.63333333333334,138.15,85.33333333333334,0,75.16666666666667,167.25,79.16666666666667,0,148.33333333333334,240.0,87.66666666666667,0,72.0,166.71428571428572,93.85714285714286,1,248.0,328.0,104.0,0,234.66666666666666,317.3333333333333,282.0833333333333,0,93.0,181.0,89.2,0,9.0,120.0,74.5,0,-39.08333333333333,101.58333333333333,90.33333333333333,1,-48.0,88.0,72.0,0,288.0,392.0,80.0,0,423.6666666666667,516.0,84.0,0,60.0,160.75,77.25,0,40.142857142857146,125.07142857142857,95.85714285714286,0,148.66666666666666,228.5,92.66666666666667,0,78.83333333333333,155.83333333333334,82.5
101009,1102119,100.17333333333333,59.99474939988961,88.0,24.0,123.12162162162163,126.73572766840697,96.0,144.75,223.77027027027026,118.14358502987261,192.0,148.0,75,16.624,4.511549566891242,54.138594802694904,0.10810810810810811,0,0.0,3,0.04,6,0.08,0,0,40.09090909090909,145.67857142857142,114.70833333333333,2,8.0,88.0,88.0,1,72.0,103.0,72.0,3,178.66666666666666,264.0,88.33333333333333,0,11.222222222222221,122.5,98.85714285714286,2,80.5,184.0,75.5,0,52.1,144.2,111.33333333333333,2,108.0,216.0,96.0,1,48.0,144.0,72.0,3,45.333333333333336,125.0,77.33333333333333,2,120.0,192.0,68.0,0,148.33333333333334,240.0,87.66666666666667,1,96.0,200.0,88.0,0,151.0,233.85714285714286,87.42857142857143,4,140.0,240.0,262.25,0,93.0,181.0,89.2,0,9.0,120.0,74.5,1,-40.0,97.0,88.0,0,23.571428571428573,164.14285714285714,77.71428571428571,0,288.0,392.0,80.0,0,423.6666666666667,516.0,84.0,2,64.0,156.0,76.0,1,16.0,88.0,80.0,0,148.66666666666666,228.5,92.66666666666667,0,78.83333333333333,155.83333333333334,82.5
101009,1102144,99.1774193548387,78.66804987261109,80.0,16.0,119.67213114754098,153.71921617042017,104.0,128.0,219.1639344262295,136.77038078447444,184.0,129.0,62,13.449,4.610008179046769,55.320098148561236,0.13114754098360656,0,0.0,2,0.03225806451612903,3,0.04838709677419355,1,0,40.09090909090909,145.67857142857142,114.70833333333333,2,100.0,168.0,84.0,0,85.5111111111111,126.53333333333335,57.77777777777778,1,80.0,184.0,64.0,0,11.222222222222221,122.5,98.85714285714286,3,85.66666666666667,160.33333333333334,71.66666666666667,0,52.1,144.2,111.33333333333333,1,56.0,176.0,88.0,1,104.0,168.0,88.0,2,44.0,111.5,104.0,0,75.16666666666667,167.25,79.16666666666667,0,148.33333333333334,240.0,87.66666666666667,1,248.0,328.0,104.0,1,232.0,320.0,56.0,0,234.66666666666666,317.3333333333333,282.0833333333333,1,184.0,256.0,96.0,2,-28.0,104.0,80.0,3,-29.333333333333332,93.33333333333333,90.33333333333333,1,-32.0,88.0,72.0,0,288.0,392.0,80.0,0,423.6666666666667,516.0,84.0,0,60.0,160.75,77.25,0,40.142857142857146,125.07142857142857,95.85714285714286,1,112.0,200.0,104.0,0,78.83333333333333,155.83333333333334,82.5
101009,1102168,82.96666666666667,34.55043013078451,79.5,18.75,126.89830508474576,129.22621013926613,80.0,92.5,210.45762711864407,122.4144560580839,168.0,76.0,60,12.465,4.813477737665464,57.76173285198556,0.01694915254237288,0,0.0,1,0.016666666666666666,1,0.016666666666666666,0,0,40.09090909090909,145.67857142857142,114.70833333333333,2,204.5,292.5,103.5,0,85.5111111111111,126.53333333333335,57.77777777777778,3,117.33333333333333,207.66666666666666,74.66666666666667,0,11.222222222222221,122.5,98.85714285714286,1,88.0,168.0,72.0,0,52.1,144.2,111.33333333333333,2,84.5,180.5,84.0,0,80.55555555555556,162.88888888888889,87.77777777777777,2,60.0,136.0,80.0,1,112.0,200.0,72.0,0,148.33333333333334,240.0,87.66666666666667,0,72.0,166.71428571428572,93.85714285714286,0,151.0,233.85714285714286,87.42857142857143,0,234.66666666666666,317.3333333333333,282.0833333333333,0,93.0,181.0,89.2,0,9.0,120.0,74.5,0,-39.08333333333333,101.58333333333333,90.33333333333333,0,23.571428571428573,164.14285714285714,77.71428571428571,0,288.0,392.0,80.0,2,240.0,328.0,88.0,0,60.0,160.75,77.25,2,44.0,136.0,100.0,0,148.66666666666666,228.5,92.66666666666667,1,40.0,104.0,56.0
101009,1102187,90.0909090909091,42.03487991509651,80.0,25.0,92.34375,93.08350061067482,84.0,71.0,183.25,82.01486145815281,164.0,65.25,33,5.928,5.566801619433199,66.80161943319838,0.125,0,0.0,0,0.0,1,0.030303030303030304,0,0,40.09090909090909,145.67857142857142,114.70833333333333,1,96.0,176.0,96.0,0,85.5111111111111,126.53333333333335,57.77777777777778,1,88.0,200.0,80.0,0,11.222222222222221,122.5,98.85714285714286,2,84.5,188.0,72.0,0,52.1,144.2,111.33333333333333,0,76.64285714285714,183.5,89.71428571428571,0,80.55555555555556,162.88888888888889,87.77777777777777,1,-8.0,64.0,80.0,2,23.0,131.5,76.0,1,361.0,456.0,111.0,0,72.0,166.71428571428572,93.85714285714286,0,151.0,233.85714285714286,87.42857142857143,0,234.66666666666666,317.3333333333333,282.0833333333333,1,121.0,209.0,47.0,0,9.0,120.0,74.5,0,-39.08333333333333,101.58333333333333,90.33333333333333,1,-55.0,97.0,96.0,0,288.0,392.0,80.0,0,423.6666666666667,516.0,84.0,1,24.0,95.0,81.0,0,40.142857142857146,125.07142857142857,95.85714285714286,0,148.66666666666666,228.5,92.66666666666667,1,152.0,223.0,112.0
101009,1102201,84.81395348837209,35.09240679409845,80.0,22.75,147.31764705882352,171.0695910520013,104.0,120.0,232.18823529411765,169.21267468294567,183.0,113.0,86,19.816,4.339927331449334,52.079127977392005,0.058823529411764705,0,0.0,10,0.11627906976744186,1,0.011627906976744186,0,0,40.09090909090909,145.67857142857142,114.70833333333333,3,128.0,224.0,85.0,5,99.2,140.6,48.0,0,134.1818181818182,228.37878787878788,80.13636363636364,0,11.222222222222221,122.5,98.85714285714286,1,240.0,376.0,64.0,0,52.1,144.2,111.33333333333333,1,48.0,160.0,88.0,1,40.0,128.0,88.0,1,192.0,256.0,112.0,0,75.16666666666667,167.25,79.16666666666667,1,81.0,168.0,87.0,1,32.0,120.0,80.0,0,151.0,233.85714285714286,87.42857142857143,0,234.66666666666666,317.3333333333333,282.0833333333333,0,93.0,181.0,89.2,1,16.0,112.0,56.0,1,-47.0,96.0,79.0,1,360.0,536.0,88.0,0,288.0,392.0,80.0,0,423.6666666666667,516.0,84.0,0,60.0,160.75,77.25,0,40.142857142857146,125.07142857142857,95.85714285714286,1,80.0,176.0,72.0,1,113.0,192.0,96.0
101009,1102229,89.35714285714286,32.35356860317798,83.5,24.0,86.58536585365853,110.0073114221485,72.0,80.0,176.5609756097561,102.96436721566037,160.0,73.0,42,7.303,5.751061207722854,69.01273449267424,0.12195121951219512,0,0.0,1,0.023809523809523808,1,0.023809523809523808,0,0,40.09090909090909,145.67857142857142,114.70833333333333,2,71.5,156.0,96.0,0,85.5111111111111,126.53333333333335,57.77777777777778,2,100.0,191.5,71.5,0,11.222222222222221,122.5,98.85714285714286,1,32.0,120.0,48.0,0,52.1,144.2,111.33333333333333,0,76.64285714285714,183.5,89.71428571428571,1,129.0,225.0,87.0,1,145.0,193.0,63.0,0,75.16666666666667,167.25,79.16666666666667,1,57.0,153.0,72.0,0,72.0,166.71428571428572,93.85714285714286,1,120.0,200.0,80.0,0,234.66666666666666,317.3333333333333,282.0833333333333,0,93.0,181.0,89.2,0,9.0,120.0,74.5,1,-40.0,120.0,104.0,2,-32.0,108.0,84.0,0,288.0,392.0,80.0,0,423.6666666666667,516.0,84.0,0,60.0,160.75,77.25,1,65.0,160.0,103.0,0,148.66666666666666,228.5,92.66666666666667,1,88.0,192.0,79.0
101009,1102243,100.97368421052632,68.66681066153133,79.5,24.0,238.54054054054055,551.527147384796,136.0,176.0,340.0810810810811,540.1347869008744,208.0,137.0,38,12.783,2.9726981146835643,35.67237737620277,0.13513513513513514,0,0.0,0,0.0,3,0.07894736842105263,0,0,40.09090909090909,145.67857142857142,114.70833333333333,1,144.0,208.0,96.0,0,85.5111111111111,126.53333333333335,57.77777777777778,0,134.1818181818182,228.37878787878788,80.13636363636364,0,11.222222222222221,122.5,98.85714285714286,0,80.5925925925926,173.11111111111111,70.27777777777777,0,52.1,144.2,111.33333333333333,1,80.0,200.0,72.0,0,80.55555555555556,162.88888888888889,87.77777777777777,0,68.63333333333334,138.15,85.33333333333334,0,75.16666666666667,167.25,79.16666666666667,1,88.0,184.0,80.0,0,72.0,166.71428571428572,93.85714285714286,0,151.0,233.85714285714286,87.42857142857143,1,304.0,376.0,352.0,0,93.0,181.0,89.2,1,-16.0,120.0,96.0,0,-39.08333333333333,101.58333333333333,90.33333333333333,0,23.571428571428573,164.14285714285714,77.71428571428571,0,288.0,392.0,80.0,0,423.6666666666667,516.0,84.0,0,60.0,160.75,77.25,0,40.142857142857146,125.07142857142857,95.85714285714286,1,360.0,432.0,96.0,0,78.83333333333333,155.83333333333334,82.5
101009,1102257,93.72,54.13429227393667,80.0,16.0,106.33333333333333,119.83275382335536,100.0,80.0,201.29166666666666,97.54848331584773,184.0,54.0,25,4.895,5.107252298263535,61.28702757916241,0.125,0,0.0,1,0.04,3,0.12,0,0,40.09090909090909,145.67857142857142,114.70833333333333,0,93.72727272727273,177.13636363636363,88.77272727272727,0,85.5111111111111,126.53333333333335,57.77777777777778,0,134.1818181818182,228.37878787878788,80.13636363636364,0,11.222222222222221,122.5,98.85714285714286,1,56.0,104.0,80.0,0,52.1,144.2,111.33333333333333,0,76.64285714285714,183.5,89.71428571428571,1,56.0,136.0,72.0,0,68.63333333333334,138.15,85.33333333333334,0,75.16666666666667,167.25,79.16666666666667,0,148.33333333333334,240.0,87.66666666666667,1,24.0,136.0,80.0,1,120.0,192.0,80.0,2,260.0,336.0,232.0,0,93.0,181.0,89.2,0,9.0,120.0,74.5,0,-39.08333333333333,101.58333333333333,90.33333333333333,0,23.571428571428573,164.14285714285714,77.71428571428571,0,288.0,392.0,80.0,0,423.6666666666667,516.0,84.0,0,60.0,160.75,77.25,0,40.142857142857146,125.07142857142857,95.85714285714286,0,148.66666666666666,228.5,92.66666666666667,0,78.83333333333333,155.83333333333334,82.5
101034,1102318,120.33333333333333,61.040479773181424,105.5,38.75,98.1038961038961,184.04287927923698,78.0,95.0,218.41558441558442,174.95991011296383,183.0,86.0,78,16.94,4.6044864226682405,55.25383707201888,0.22077922077922077,0,0.0,4,0.05128205128205128,5,0.0641025641025641,0,0,40.09090909090909,145.67857142857142,114.70833333333333,4,50.75,137.5,104.25,0,83.33333333333334,202.18333333333334,90.51666666666667,1,78.0,180.0,59.0,0,11.222222222222221,122.5,98.85714285714286,2,-1.0,92.0,82.5,0,52.1,144.2,111.33333333333333,1,-38.0,83.0,130.0,0,13.703703703703704,120.77777777777777,93.38888888888889,1,110.0,193.0,67.0,2,125.0,214.0,99.0,1,63.0,149.0,119.0,0,13.5,107.25,81.25,0,79.0,182.55555555555554,103.85185185185185,3,250.0,350.0,366.0,0,19.5,138.8,99.4,0,-4.166666666666667,128.91666666666666,117.41666666666667,0,-25.333333333333332,126.5,113.66666666666667,1,109.0,182.0,91.0,0,101.66666666666667,191.33333333333334,82.66666666666667,1,63.0,197.0,146.0,0,36.833333333333336,150.91666666666666,102.58333333333333,1,-32.0,115.0,102.0,0,12.75,119.75,99.6875,0,5.333333333333333,131.16666666666666,91.83333333333333
101034,1102339,105.86206896551724,25.448696380041152,102.0,26.0,43.25,87.73036003248004,39.0,97.75,148.82142857142858,77.31801378140828,131.5,67.75,29,4.281,6.774118196683019,81.28941836019622,0.35714285714285715,0,0.0,0,0.0,1,0.034482758620689655,1,0,40.09090909090909,145.67857142857142,114.70833333333333,0,24.84090909090909,128.34848484848484,93.08333333333333,0,83.33333333333334,202.18333333333334,90.51666666666667,0,47.388888888888886,145.19444444444446,88.77777777777777,0,11.222222222222221,122.5,98.85714285714286,1,78.0,182.0,73.0,0,52.1,144.2,111.33333333333333,1,15.0,114.0,103.0,0,13.703703703703704,120.77777777777777,93.38888888888889,0,18.037037037037038,122.98148148148147,102.27777777777777,0,118.14285714285714,207.0,109.28571428571429,0,94.20833333333334,187.75,109.58333333333333,0,13.5,107.25,81.25,1,93.0,194.0,121.0,0,134.22222222222223,225.75,212.69444444444446,0,19.5,138.8,99.4,0,-4.166666666666667,128.91666666666666,117.41666666666667,1,-15.0,119.0,99.0,0,105.25,190.875,122.0625,0,101.66666666666667,191.33333333333334,82.66666666666667,0,184.9,288.1,107.1,0,36.833333333333336,150.91666666666666,102.58333333333333,0,-11.5,131.16666666666666,96.91666666666667,1,-15.0,115.0,101.0,2,-16.0,84.5,98.5
101034,1102348,109.94,54.43800510672668,103.0,32.0,35.795918367346935,65.50120098348619,32.0,63.0,144.40816326530611,57.910176176468944,135.0,66.0,50,7.251,6.895600606812853,82.74720728175424,0.22448979591836735,0,0.0,0,0.0,2,0.04,0,0,40.09090909090909,145.67857142857142,114.70833333333333,2,47.0,139.5,95.5,0,83.33333333333334,202.18333333333334,90.51666666666667,4,35.0,117.75,82.5,0,11.222222222222221,122.5,98.85714285714286,3,29.0,96.0,100.66666666666667,0,52.1,144.2,111.33333333333333,0,-3.25,105.95,108.9,1,-16.0,74.0,113.0,2,32.0,126.5,92.5,0,118.14285714285714,207.0,109.28571428571429,0,94.20833333333334,187.75,109.58333333333333,1,15.0,95.0,66.0,1,47.0,160.0,126.0,0,134.22222222222223,225.75,212.69444444444446,0,19.5,138.8,99.4,0,-4.166666666666667,128.91666666666666,117.41666666666667,1,-66.0,108.0,144.0,0,105.25,190.875,122.0625,0,101.66666666666667,191.33333333333334,82.66666666666667,0,184.9,288.1,107.1,0,36.833333333333336,150.91666666666666,102.58333333333333,2,0.0,145.5,88.5,1,-16.0,87.0,113.0,1,16.0,160.0,106.0
101034,1102362,95.85245901639344,21.43754639861061,91.0,30.0,75.91666666666667,70.81132010883258,85.5,78.25,171.75,67.84851386237825,157.0,96.5,61,10.402,5.864256873678139,70.37108248413767,0.13333333333333333,0,0.0,1,0.01639344262295082,1,0.01639344262295082,0,0,40.09090909090909,145.67857142857142,114.70833333333333,2,23.5,119.0,79.5,0,83.33333333333334,202.18333333333334,90.51666666666667,0,47.388888888888886,145.19444444444446,88.77777777777777,0,11.222222222222221,122.5,98.85714285714286,0,14.555555555555555,108.0,94.01851851851852,0,52.1,144.2,111.33333333333333,0,-3.25,105.95,108.9,1,125.0,218.0,76.0,0,18.037037037037038,122.98148148148147,102.27777777777777,1,109.0,217.0,76.0,2,47.5,133.0,110.0,1,16.0,90.0,85.0,0,79.0,182.55555555555554,103.85185185185185,0,134.22222222222223,225.75,212.69444444444446,0,19.5,138.8,99.4,0,-4.166666666666667,128.91666666666666,117.41666666666667,0,-25.333333333333332,126.5,113.66666666666667,1,94.0,160.0,121.0,2,102.0,198.0,82.0,2,171.5,277.5,112.5,1,-51.0,67.0,116.0,0,-11.5,131.16666666666666,96.91666666666667,1,16.0,122.0,86.0,0,5.333333333333333,131.16666666666666,91.83333333333333
101034,1102377,104.49253731343283,27.983669616471524,101.0,28.0,106.95454545454545,201.05331961403593,62.0,94.75,211.77272727272728,196.81153848400447,152.0,96.25,67,14.06,4.76529160739687,57.18349928876245,0.21212121212121213,0,0.0,2,0.029850746268656716,1,0.014925373134328358,0,0,40.09090909090909,145.67857142857142,114.70833333333333,2,7.5,139.5,109.5,0,83.33333333333334,202.18333333333334,90.51666666666667,1,62.0,151.0,88.0,0,11.222222222222221,122.5,98.85714285714286,1,-32.0,56.0,82.0,0,52.1,144.2,111.33333333333333,4,15.75,106.75,88.5,1,16.0,98.0,86.0,1,-32.0,102.0,130.0,1,110.0,197.0,158.0,1,16.0,120.0,101.0,1,47.0,150.0,86.0,1,47.0,146.0,103.0,0,134.22222222222223,225.75,212.69444444444446,1,-36.0,122.0,85.0,2,33.5,173.0,97.0,1,-44.0,105.0,114.0,0,105.25,190.875,122.0625,0,101.66666666666667,191.33333333333334,82.66666666666667,1,47.0,149.0,87.0,1,62.0,163.0,104.0,0,-11.5,131.16666666666666,96.91666666666667,2,46.5,151.5,96.5,0,5.333333333333333,131.16666666666666,91.83333333333333
101034,1102398,101.63414634146342,29.193012944180186,98.0,22.0,96.425,123.26392162753869,71.0,82.0,198.25,122.1862819632384,167.5,78.25,41,8.024,5.109670987038884,61.31605184446661,0.125,0,0.0,4,0.0975609756097561,2,0.04878048780487805,1,0,40.09090909090909,145.67857142857142,114.70833333333333,0,24.84090909090909,128.34848484848484,93.08333333333333,3,78.66666666666667,161.66666666666666,82.33333333333333,0,47.388888888888886,145.19444444444446,88.77777777777777,0,11.222222222222221,122.5,98.85714285714286,0,14.555555555555555,108.0,94.01851851851852,0,52.1,144.2,111.33333333333333,0,-3.25,105.95,108.9,0,13.703703703703704,120.77777777777777,93.38888888888889,0,18.037037037037038,122.98148148148147,102.27777777777777,0,118.14285714285714,207.0,109.28571428571429,0,94.20833333333334,187.75,109.58333333333333,1,16.0,107.0,71.0,0,79.0,182.55555555555554,103.85185185185185,1,62.0,133.0,78.0,1,78.0,179.0,119.0,0,-4.166666666666667,128.91666666666666,117.41666666666667,0,-25.333333333333332,126.5,113.66666666666667,1,93.0,175.0,138.0,0,101.66666666666667,191.33333333333334,82.66666666666667,0,184.9,288.1,107.1,0,36.833333333333336,150.91666666666666,102.58333333333333,0,-11.5,131.16666666666666,96.91666666666667,0,12.75,119.75,99.6875,0,5.333333333333333,131.16666666666666,91.83333333333333
101034,1102417,119.39506172839506,80.27863190815832,104.0,38.0,101.375,150.20780397502654,78.5,124.25,221.175,160.43228906613533,171.5,116.75,81,17.781,4.555424329340307,54.665091952083685,0.2,0,0.0,8,0.09876543209876543,5,0.06172839506172839,0,0,40.09090909090909,145.67857142857142,114.70833333333333,3,0.0,125.33333333333333,107.0,4,111.5,373.25,95.75,0,47.388888888888886,145.19444444444446,88.77777777777777,0,11.222222222222221,122.5,98.85714285714286,0,14.555555555555555,108.0,94.01851851851852,0,52.1,144.2,111.33333333333333,0,-3.25,105.95,108.9,1,-16.0,115.0,87.0,1,31.0,151.0,120.0,0,118.14285714285714,207.0,109.28571428571429,0,94.20833333333334,187.75,109.58333333333333,1,46.0,129.0,58.0,1,140.0,227.0,93.0,2,86.0,173.5,196.5,2,8.0,126.5,103.0,2,101.5,234.0,126.5,1,-70.0,82.0,133.0,0,105.25,190.875,122.0625,0,101.66666666666667,191.33333333333334,82.66666666666667,0,184.9,288.1,107.1,2,15.5,155.0,118.5,0,-11.5,131.16666666666666,96.91666666666667,2,16.0,136.5,102.5,1,16.0,149.0,71.0
101034,1102456,107.22222222222223,21.298292982082327,102.0,29.5,32.1764705882353,68.4347996220341,31.0,110.0,139.23529411764707,60.81556438916208,134.0,79.0,18,2.477,7.266855066612838,87.20226079935406,0.4117647058823529,0,0.0,0,0.0,1,0.05555555555555555,0,0,40.09090909090909,145.67857142857142,114.70833333333333,0,24.84090909090909,128.34848484848484,93.08333333333333,0,83.33333333333334,202.18333333333334,90.51666666666667,1,16.0,134.0,91.0,0,11.222222222222221,122.5,98.85714285714286,0,14.555555555555555,108.0,94.01851851851852,0,52.1,144.2,111.33333333333333,0,-3.25,105.95,108.9,0,13.703703703703704,120.77777777777777,93.38888888888889,0,18.037037037037038,122.98148148148147,102.27777777777777,0,118.14285714285714,207.0,109.28571428571429,0,94.20833333333334,187.75,109.58333333333333,0,13.5,107.25,81.25,0,79.0,182.55555555555554,103.85185185185185,0,134.22222222222223,225.75,212.69444444444446,0,19.5,138.8,99.4,0,-4.166666666666667,128.91666666666666,117.41666666666667,0,-25.333333333333332,126.5,113.66666666666667,1,109.0,192.0,120.0,1,94.0,183.0,90.0,0,184.9,288.1,107.1,0,36.833333333333336,150.91666666666666,102.58333333333333,1,-42.0,118.0,99.0,0,12.75,119.75,99.6875,0,5.333333333333333,131.16666666666666,91.83333333333333
101034,1102468,102.1470588235294,24.40061758251837,99.0,30.0,57.56716417910448,83.8837546545408,47.0,79.0,159.22388059701493,82.53535124924646,146.0,75.5,68,10.803,6.294547810793298,75.53457372951956,0.23880597014925373,0,0.0,2,0.029411764705882353,1,0.014705882352941176,1,0,40.09090909090909,145.67857142857142,114.70833333333333,1,47.0,162.0,72.0,1,94.0,173.0,90.0,2,31.5,117.0,84.5,0,11.222222222222221,122.5,98.85714285714286,1,-15.0,71.0,114.0,0,52.1,144.2,111.33333333333333,0,-3.25,105.95,108.9,3,15.333333333333334,108.0,96.0,0,18.037037037037038,122.98148148148147,102.27777777777777,1,109.0,187.0,84.0,0,94.20833333333334,187.75,109.58333333333333,1,16.0,90.0,98.0,1,125.0,214.0,106.0,0,134.22222222222223,225.75,212.69444444444446,0,19.5,138.8,99.4,0,-4.166666666666667,128.91666666666666,117.41666666666667,0,-25.333333333333332,126.5,113.66666666666667,2,94.0,187.0,122.5,1,109.0,193.0,76.0,1,79.0,151.0,102.0,2,0.0,114.0,82.5,2,-26.5,108.0,115.5,2,0.5,103.0,111.0,0,5.333333333333333,131.16666666666666,91.83333333333333
101034,1102490,110.28571428571429,34.67046028431885,104.0,35.0,78.625,115.39616996099423,62.5,124.5,189.04166666666666,103.86589076250628,168.0,94.25,49,9.178,5.338853780780126,64.06624536936152,0.2708333333333333,0,0.0,4,0.08163265306122448,2,0.04081632653061224,1,0,40.09090909090909,145.67857142857142,114.70833333333333,3,57.333333333333336,155.33333333333334,99.0,2,70.5,151.0,96.5,1,94.0,196.0,90.0,0,11.222222222222221,122.5,98.85714285714286,1,16.0,106.0,99.0,0,52.1,144.2,111.33333333333333,0,-3.25,105.95,108.9,2,-24.5,91.0,79.5,1,32.0,131.0,87.0,1,109.0,210.0,122.0,3,250.33333333333334,349.0,108.33333333333333,0,13.5,107.25,81.25,0,79.0,182.55555555555554,103.85185185185185,1,125.0,229.0,244.0,0,19.5,138.8,99.4,1,-38.0,106.0,118.0,0,-25.333333333333332,126.5,113.66666666666667,0,105.25,190.875,122.0625,0,101.66666666666667,191.33333333333334,82.66666666666667,0,184.9,288.1,107.1,2,226.5,317.5,96.5,0,-11.5,131.16666666666666,96.91666666666667,0,12.75,119.75,99.6875,0,5.333333333333333,131.16666666666666,91.83333333333333
101034,1102505,102.75510204081633,26.750953148950465,104.0,31.0,63.666666666666664,88.207221296722,47.0,139.5,166.16666666666666,83.58536886853398,150.0,86.5,49,8.091,6.056111729081696,72.67334074898035,0.2708333333333333,0,0.0,1,0.02040816326530612,1,0.02040816326530612,1,0,40.09090909090909,145.67857142857142,114.70833333333333,2,-0.5,105.0,108.5,0,83.33333333333334,202.18333333333334,90.51666666666667,0,47.388888888888886,145.19444444444446,88.77777777777777,0,11.222222222222221,122.5,98.85714285714286,1,47.0,119.0,106.0,0,52.1,144.2,111.33333333333333,0,-3.25,105.95,108.9,0,13.703703703703704,120.77777777777777,93.38888888888889,1,-36.0,70.0,112.0,1,125.0,196.0,104.0,0,94.20833333333334,187.75,109.58333333333333,0,13.5,107.25,81.25,3,26.0,107.0,125.66666666666667,0,134.22222222222223,225.75,212.69444444444446,2,31.5,128.5,87.0,1,-67.0,64.0,115.0,1,-66.0,106.0,129.0,2,109.0,189.0,120.0,0,101.66666666666667,191.33333333333334,82.66666666666667,0,184.9,288.1,107.1,0,36.833333333333336,150.91666666666666,102.58333333333333,0,-11.5,131.16666666666666,96.91666666666667,1,15.0,113.0,103.0,0,5.333333333333333,131.16666666666666,91.83333333333333
101034,1102523,102.73809523809524,28.820511482035982,99.0,32.75,57.02439024390244,73.59728514507691,47.0,110.0,159.73170731707316,62.81681629372974,151.0,62.0,42,6.653,6.312941530136781,75.75529836164138,0.21951219512195122,0,0.0,0,0.0,1,0.023809523809523808,1,0,40.09090909090909,145.67857142857142,114.70833333333333,1,-16.0,73.0,83.0,0,83.33333333333334,202.18333333333334,90.51666666666667,1,125.0,209.0,78.0,0,11.222222222222221,122.5,98.85714285714286,0,14.555555555555555,108.0,94.01851851851852,0,52.1,144.2,111.33333333333333,0,-3.25,105.95,108.9,0,13.703703703703704,120.77777777777777,93.38888888888889,1,31.0,116.0,102.0,0,118.14285714285714,207.0,109.28571428571429,0,94.20833333333334,187.75,109.58333333333333,1,-32.0,90.0,84.0,1,31.0,176.0,90.0,0,134.22222222222223,225.75,212.69444444444446,0,19.5,138.8,99.4,2,-53.0,106.0,108.5,0,-25.333333333333332,126.5,113.66666666666667,0,105.25,190.875,122.0625,0,101.66666666666667,191.33333333333334,82.66666666666667,0,184.9,288.1,107.1,0,36.833333333333336,150.91666666666666,102.58333333333333,1,31.0,156.0,73.0,2,39.0,130.0,84.5,0,5.333333333333333,131.16666666666666,91.83333333333333
101034,1102534,122.90196078431373,94.84667811313426,103.0,35.5,110.76,163.90626101525223,54.5,124.0,233.86,206.29852253469969,180.5,111.75,51,11.806,4.319837370828393,51.83804844994071,0.22,0,0.0,2,0.0392156862745098,6,0.11764705882352941,1,0,40.09090909090909,145.67857142857142,114.70833333333333,3,41.666666666666664,121.66666666666667,79.66666666666667,0,83.33333333333334,202.18333333333334,90.51666666666667,1,-31.0,72.0,110.0,0,11.222222222222221,122.5,98.85714285714286,1,47.0,157.0,106.0,0,52.1,144.2,111.33333333333333,1,47.0,175.0,105.0,1,-15.0,112.0,114.0,3,10.333333333333334,115.33333333333333,80.0,1,140.0,228.0,122.0,0,94.20833333333334,187.75,109.58333333333333,1,-16.0,107.0,102.0,0,79.0,182.55555555555554,103.85185185185185,3,234.33333333333334,317.0,220.66666666666666,1,16.0,138.0,103.0,0,-4.166666666666667,128.91666666666666,117.41666666666667,0,-25.333333333333332,126.5,113.66666666666667,0,105.25,190.875,122.0625,0,101.66666666666667,191.33333333333334,82.66666666666667,1,564.0,666.0,88.0,0,36.833333333333336,150.91666666666666,102.58333333333333,0,-11.5,131.16666666666666,96.91666666666667,0,12.75,119.75,99.6875,0,5.333333333333333,131.16666666666666,91.83333333333333
101034,1102546,110.56,34.84603851229003,110.0,34.75,59.95918367346939,97.13801651462128,31.0,110.0,169.18367346938774,90.68799922168397,146.0,87.0,50,8.466,5.905976848570754,70.87172218284906,0.24489795918367346,0,0.0,3,0.06,2,0.04,0,0,40.09090909090909,145.67857142857142,114.70833333333333,1,15.0,134.0,86.0,1,62.0,152.0,88.0,1,16.0,130.0,116.0,0,11.222222222222221,122.5,98.85714285714286,0,14.555555555555555,108.0,94.01851851851852,0,52.1,144.2,111.33333333333333,0,-3.25,105.95,108.9,2,7.5,126.0,85.0,1,-16.0,102.0,130.0,0,118.14285714285714,207.0,109.28571428571429,0,94.20833333333334,187.75,109.58333333333333,0,13.5,107.25,81.25,1,15.0,115.0,87.0,0,134.22222222222223,225.75,212.69444444444446,0,19.5,138.8,99.4,2,-2.0,90.5,139.5,1,109.0,239.0,63.0,1,109.0,226.0,140.0,0,101.66666666666667,191.33333333333334,82.66666666666667,0,184.9,288.1,107.1,1,-32.0,89.0,98.0,2,0.5,144.5,103.5,0,12.75,119.75,99.6875,0,5.333333333333333,131.16666666666666,91.83333333333333
101034,1102560,122.84210526315789,32.286974981602164,117.0,22.5,40.5,81.36491873037176,47.5,123.75,163.44444444444446,63.105927017130156,152.5,74.5,19,3.063,6.203068886712373,74.43682664054847,0.3888888888888889,0,0.0,0,0.0,2,0.10526315789473684,1,0,40.09090909090909,145.67857142857142,114.70833333333333,0,24.84090909090909,128.34848484848484,93.08333333333333,0,83.33333333333334,202.18333333333334,90.51666666666667,0,47.388888888888886,145.19444444444446,88.77777777777777,0,11.222222222222221,122.5,98.85714285714286,1,-38.0,93.0,83.0,0,52.1,144.2,111.33333333333333,1,-56.0,51.0,118.0,1,31.0,145.0,104.0,0,18.037037037037038,122.98148148148147,102.27777777777777,0,118.14285714285714,207.0,109.28571428571429,0,94.20833333333334,187.75,109.58333333333333,0,13.5,107.25,81.25,1,187.0,304.0,83.0,1,48.0,152.0,171.0,0,19.5,138.8,99.4,0,-4.166666666666667,128.91666666666666,117.41666666666667,0,-25.333333333333332,126.5,113.66666666666667,1,125.0,216.0,124.0,0,101.66666666666667,191.33333333333334,82.66666666666667,0,184.9,288.1,107.1,0,36.833333333333336,150.91666666666666,102.58333333333333,0,-11.5,131.16666666666666,96.91666666666667,0,12.75,119.75,99.6875,0,5.333333333333333,131.16666666666666,91.83333333333333
101039,1102366,116.75,36.15043798720379,112.5,44.0,98.40963855421687,195.82497940176248,47.0,110.0,215.89156626506025,191.38493425921027,147.0,101.5,84,17.975,4.673157162726008,56.077885952712094,0.2891566265060241,0,0.0,26,0.30952380952380953,0,0.0,0,0,40.09090909090909,145.67857142857142,114.70833333333333,2,-39.5,111.0,161.0,18,50.55555555555556,142.44444444444446,99.55555555555556,0,-4.296296296296295,181.27777777777777,125.22222222222223,0,11.222222222222221,122.5,98.85714285714286,1,49.0,153.0,126.0,0,52.1,144.2,111.33333333333333,1,0.0,205.0,147.0,0,95.3,231.3,153.3,2,-12.5,103.0,150.5,1,43.0,139.0,121.0,0,72.77272727272727,233.86363636363637,169.0,0,32.8125,161.25,185.0625,0,20.25,202.5,153.75,0,112.0,229.0,235.5,0,83.5,206.25,166.75,0,-22.333333333333332,111.0,146.0,2,-42.5,141.5,132.5,0,85.16666666666667,189.33333333333334,106.5,0,42.0,153.3,119.1,0,-21.833333333333332,127.33333333333333,95.66666666666667,0,-47.5,76.0,113.5,0,33.05555555555556,140.11111111111111,144.5,1,-14.0,101.0,132.0,0,-33.75,87.25,181.0
101039,1102389,120.3225806451613,32.75115077690001,116.5,47.25,63.557377049180324,177.75978676247743,18.0,100.0,184.31147540983608,166.31616553268447,134.0,85.0,62,11.337,5.468818911528623,65.62582693834348,0.3442622950819672,0,0.0,9,0.14516129032258066,0,0.0,0,0,40.09090909090909,145.67857142857142,114.70833333333333,1,-27.0,98.0,170.0,4,48.0,135.0,91.5,0,-4.296296296296295,181.27777777777777,125.22222222222223,0,11.222222222222221,122.5,98.85714285714286,0,-27.166666666666668,99.58333333333333,108.91666666666667,0,52.1,144.2,111.33333333333333,0,26.0,192.77083333333334,168.29166666666666,2,374.5,481.5,150.5,0,-27.5,89.0,143.7,1,15.0,153.0,132.0,1,-58.0,112.0,141.0,0,32.8125,161.25,185.0625,0,20.25,202.5,153.75,0,112.0,229.0,235.5,0,83.5,206.25,166.75,1,-90.0,85.0,151.0,0,46.142857142857146,201.0,118.21428571428571,0,85.16666666666667,189.33333333333334,106.5,1,69.0,184.0,117.0,1,-127.0,84.0,116.0,1,-95.0,46.0,111.0,0,33.05555555555556,140.11111111111111,144.5,2,1.0,128.0,172.5,1,-35.0,103.0,211.0
101039,1102413,128.5,29.99722209360949,121.5,41.75,63.191489361702125,249.26211430880684,15.0,121.0,191.9787234042553,250.89087984591959,154.0,126.0,48,9.138,5.252790544977019,63.03348653972423,0.48936170212765956,0,0.0,0,0.0,0,0.0,0,0,40.09090909090909,145.67857142857142,114.70833333333333,1,312.0,437.0,141.0,0,54.18518518518518,135.45925925925926,94.60462962962963,0,-4.296296296296295,181.27777777777777,125.22222222222223,0,11.222222222222221,122.5,98.85714285714286,0,-27.166666666666668,99.58333333333333,108.91666666666667,0,52.1,144.2,111.33333333333333,1,-13.0,158.0,192.0,1,93.0,233.0,136.0,0,-27.5,89.0,143.7,2,49.5,153.0,108.5,1,-59.0,72.0,207.0,1,-35.0,56.0,163.0,0,20.25,202.5,153.75,0,112.0,229.0,235.5,0,83.5,206.25,166.75,0,-22.333333333333332,111.0,146.0,2,-36.5,149.5,129.0,1,79.0,168.0,93.0,0,42.0,153.3,119.1,1,-25.0,116.0,103.0,0,-47.5,76.0,113.5,0,33.05555555555556,140.11111111111111,144.5,0,134.0,246.83333333333334,146.91666666666666,0,-33.75,87.25,181.0
101039,1102437,117.75862068965517,30.615136184814602,107.0,31.0,6.071428571428571,69.55672329187195,-2.0,71.5,125.0,61.17947835204687,117.0,51.75,29,3.585,8.089260808926081,97.07112970711297,0.5,0,0.0,2,0.06896551724137931,0,0.0,0,0,40.09090909090909,145.67857142857142,114.70833333333333,0,45.18181818181818,173.78787878787878,162.60606060606062,1,47.0,131.0,104.0,1,-53.0,147.0,126.0,0,11.222222222222221,122.5,98.85714285714286,2,-54.0,72.5,94.5,0,52.1,144.2,111.33333333333333,0,26.0,192.77083333333334,168.29166666666666,1,-45.0,122.0,177.0,1,-66.0,55.0,145.0,1,13.0,129.0,89.0,0,72.77272727272727,233.86363636363637,169.0,0,32.8125,161.25,185.0625,1,-77.0,100.0,129.0,0,112.0,229.0,235.5,0,83.5,206.25,166.75,0,-22.333333333333332,111.0,146.0,0,46.142857142857146,201.0,118.21428571428571,0,85.16666666666667,189.33333333333334,106.5,0,42.0,153.3,119.1,1,-23.0,84.0,100.0,0,-47.5,76.0,113.5,0,33.05555555555556,140.11111111111111,144.5,0,134.0,246.83333333333334,146.91666666666666,0,-33.75,87.25,181.0
101039,1102450,119.93181818181819,31.696284358718774,112.0,40.25,189.33333333333334,420.32356629523133,52.0,134.5,309.6666666666667,421.0824493122148,168.0,121.0,88,27.026,3.256123732701843,39.073484792422114,0.20689655172413793,0,0.0,9,0.10227272727272728,0,0.0,0,0,40.09090909090909,145.67857142857142,114.70833333333333,2,77.5,206.0,155.5,5,58.0,145.4,86.2,0,-4.296296296296295,181.27777777777777,125.22222222222223,0,11.222222222222221,122.5,98.85714285714286,1,-27.0,97.0,121.0,0,52.1,144.2,111.33333333333333,1,363.0,531.0,176.0,1,87.0,216.0,124.0,0,-27.5,89.0,143.7,1,44.0,138.0,116.0,2,44.5,194.5,193.0,2,30.5,179.5,180.0,1,284.0,480.0,142.0,0,112.0,229.0,235.5,0,83.5,206.25,166.75,0,-22.333333333333332,111.0,146.0,0,46.142857142857146,201.0,118.21428571428571,0,85.16666666666667,189.33333333333334,106.5,0,42.0,153.3,119.1,0,-21.833333333333332,127.33333333333333,95.66666666666667,0,-47.5,76.0,113.5,1,28.0,144.0,141.0,0,134.0,246.83333333333334,146.91666666666666,0,-33.75,87.25,181.0
101039,1102489,123.92957746478874,26.643882020404586,122.0,30.5,73.45714285714286,174.1814887420824,27.0,103.25,197.5857142857143,168.52456309792632,153.0,99.25,71,13.941,5.0928914712000575,61.114697654400686,0.32857142857142857,0,0.0,3,0.04225352112676056,0,0.0,1,0,40.09090909090909,145.67857142857142,114.70833333333333,3,-25.0,116.66666666666667,148.66666666666666,0,54.18518518518518,135.45925925925926,94.60462962962963,3,-1.6666666666666667,159.0,125.0,0,11.222222222222221,122.5,98.85714285714286,1,-45.0,87.0,116.0,0,52.1,144.2,111.33333333333333,3,-18.0,127.66666666666667,150.33333333333334,0,95.3,231.3,153.3,1,-10.0,106.0,127.0,0,60.71969696969697,169.11363636363637,114.18939393939394,1,70.0,270.0,131.0,1,31.0,153.0,201.0,1,-57.0,116.0,158.0,0,112.0,229.0,235.5,1,-41.0,87.0,175.0,1,56.0,156.0,115.0,0,46.142857142857146,201.0,118.21428571428571,0,85.16666666666667,189.33333333333334,106.5,1,31.0,144.0,128.0,1,-58.0,100.0,76.0,0,-47.5,76.0,113.5,2,-44.5,69.0,141.5,0,134.0,246.83333333333334,146.91666666666666,0,-33.75,87.25,181.0
101039,1102518,122.54545454545455,33.66644846232099,117.0,41.75,134.6769230769231,452.6746873245495,29.0,100.0,257.87692307692305,452.884346170098,145.0,99.0,66,16.842,3.9187744923405776,47.02529390808692,0.3384615384615385,0,0.0,6,0.09090909090909091,0,0.0,1,0,40.09090909090909,145.67857142857142,114.70833333333333,1,131.0,236.0,120.0,2,64.0,146.5,89.0,2,-71.0,124.5,135.0,0,11.222222222222221,122.5,98.85714285714286,1,-38.0,100.0,99.0,0,52.1,144.2,111.33333333333333,1,-57.0,110.0,194.0,0,95.3,231.3,153.3,0,-27.5,89.0,143.7,2,40.5,140.5,101.0,1,0.0,131.0,116.0,1,26.0,139.0,131.0,0,20.25,202.5,153.75,0,112.0,229.0,235.5,0,83.5,206.25,166.75,0,-22.333333333333332,111.0,146.0,1,-49.0,118.0,128.0,0,85.16666666666667,189.33333333333334,106.5,0,42.0,153.3,119.1,0,-21.833333333333332,127.33333333333333,95.66666666666667,0,-47.5,76.0,113.5,1,44.0,146.0,136.0,0,134.0,246.83333333333334,146.91666666666666,3,-28.0,86.0,167.0
101039,1102540,123.63218390804597,29.111405097054288,121.0,38.0,98.70930232558139,177.0400602595993,31.0,154.0,221.8372093023256,168.96131802149523,161.5,128.25,87,19.245,4.520654715510522,54.247856586126254,0.32558139534883723,0,0.0,6,0.06896551724137931,0,0.0,1,0,40.09090909090909,145.67857142857142,114.70833333333333,2,44.0,176.0,175.5,1,72.0,153.0,84.0,1,217.0,402.0,84.0,0,11.222222222222221,122.5,98.85714285714286,0,-27.166666666666668,99.58333333333333,108.91666666666667,0,52.1,144.2,111.33333333333333,1,-35.0,128.0,127.0,0,95.3,231.3,153.3,0,-27.5,89.0,143.7,0,60.71969696969697,169.11363636363637,114.18939393939394,1,31.0,207.0,122.0,1,-6.0,134.0,183.0,0,20.25,202.5,153.75,0,112.0,229.0,235.5,1,278.0,394.0,185.0,0,-22.333333333333332,111.0,146.0,1,72.0,186.0,85.0,0,85.16666666666667,189.33333333333334,106.5,0,42.0,153.3,119.1,1,-27.0,121.0,98.0,1,0.0,106.0,116.0,1,-37.0,56.0,176.0,1,16.0,135.0,185.0,0,-33.75,87.25,181.0
101039,1102559,121.55555555555556,42.91687342632683,108.0,39.25,56.68571428571428,102.73259920188679,29.0,97.5,179.6,105.35930360980399,139.0,86.5,36,6.36,5.660377358490566,67.92452830188678,0.3142857142857143,0,0.0,3,0.08333333333333333,0,0.0,0,0,40.09090909090909,145.67857142857142,114.70833333333333,1,100.0,186.0,181.0,0,54.18518518518518,135.45925925925926,94.60462962962963,0,-4.296296296296295,181.27777777777777,125.22222222222223,0,11.222222222222221,122.5,98.85714285714286,0,-27.166666666666668,99.58333333333333,108.91666666666667,0,52.1,144.2,111.33333333333333,0,26.0,192.77083333333334,168.29166666666666,0,95.3,231.3,153.3,0,-27.5,89.0,143.7,0,60.71969696969697,169.11363636363637,114.18939393939394,1,-61.0,81.0,208.0,2,108.0,283.5,162.5,1,-69.0,114.0,186.0,0,112.0,229.0,235.5,0,83.5,206.25,166.75,0,-22.333333333333332,111.0,146.0,0,46.142857142857146,201.0,118.21428571428571,0,85.16666666666667,189.33333333333334,106.5,0,42.0,153.3,119.1,0,-21.833333333333332,127.33333333333333,95.66666666666667,0,-47.5,76.0,113.5,1,131.0,233.0,100.0,0,134.0,246.83333333333334,146.91666666666666,0,-33.75,87.25,181.0
101039,1102574,125.95238095238095,41.747513402398546,116.0,36.0,58.58536585365854,125.2509628237675,21.0,117.0,184.78048780487805,114.1420835144967,147.0,112.0,42,7.692,5.460218408736349,65.52262090483619,0.4146341463414634,0,0.0,6,0.14285714285714285,1,0.023809523809523808,1,0,40.09090909090909,145.67857142857142,114.70833333333333,0,45.18181818181818,173.78787878787878,162.60606060606062,3,52.666666666666664,138.66666666666666,91.0,1,-40.0,147.0,149.0,0,11.222222222222221,122.5,98.85714285714286,0,-27.166666666666668,99.58333333333333,108.91666666666667,0,52.1,144.2,111.33333333333333,0,26.0,192.77083333333334,168.29166666666666,0,95.3,231.3,153.3,1,-42.0,76.0,171.0,3,14.666666666666666,127.0,102.33333333333333,0,72.77272727272727,233.86363636363637,169.0,1,92.0,189.0,298.0,0,20.25,202.5,153.75,0,112.0,229.0,235.5,0,83.5,206.25,166.75,0,-22.333333333333332,111.0,146.0,1,-56.0,115.0,131.0,2,70.5,184.0,107.5,0,42.0,153.3,119.1,0,-21.833333333333332,127.33333333333333,95.66666666666667,0,-47.5,76.0,113.5,0,33.05555555555556,140.11111111111111,144.5,1,62.0,170.0,152.0,1,-27.0,93.0,187.0
101039,1102586,120.64814814814815,30.26069288049568,113.0,35.25,112.94339622641509,215.61237188348065,41.0,113.0,234.69811320754718,217.04304284927034,161.0,153.0,54,12.501,4.319654427645789,51.83585313174947,0.2641509433962264,0,0.0,4,0.07407407407407407,0,0.0,1,0,40.09090909090909,145.67857142857142,114.70833333333333,1,-26.0,163.0,216.0,2,44.0,130.5,102.0,1,-67.0,109.0,136.0,0,11.222222222222221,122.5,98.85714285714286,1,-48.0,88.0,97.0,0,52.1,144.2,111.33333333333333,0,26.0,192.77083333333334,168.29166666666666,0,95.3,231.3,153.3,0,-27.5,89.0,143.7,2,307.5,410.0,100.0,1,-29.0,142.0,160.0,0,32.8125,161.25,185.0625,0,20.25,202.5,153.75,0,112.0,229.0,235.5,1,-78.0,59.0,176.0,0,-22.333333333333332,111.0,146.0,1,490.0,580.0,110.0,1,106.0,216.0,119.0,1,31.0,142.0,137.0,0,-21.833333333333332,127.33333333333333,95.66666666666667,0,-47.5,76.0,113.5,1,55.0,166.0,149.0,1,349.0,453.0,117.0,0,-33.75,87.25,181.0
101039,1102598,118.05681818181819,25.987915878234926,117.0,32.0,141.42528735632183,228.38149331105265,62.0,157.0,259.4367816091954,229.32999368472295,182.0,155.0,88,22.693,3.8778477944740666,46.5341735336888,0.20689655172413793,0,0.0,8,0.09090909090909091,0,0.0,1,0,40.09090909090909,145.67857142857142,114.70833333333333,0,45.18181818181818,173.78787878787878,162.60606060606062,4,57.0,144.0,98.5,1,84.0,285.0,100.0,0,11.222222222222221,122.5,98.85714285714286,0,-27.166666666666668,99.58333333333333,108.91666666666667,0,52.1,144.2,111.33333333333333,2,-44.0,94.0,148.0,0,95.3,231.3,153.3,0,-27.5,89.0,143.7,4,72.25,166.25,113.25,1,55.0,204.0,163.0,0,32.8125,161.25,185.0625,0,20.25,202.5,153.75,0,112.0,229.0,235.5,1,175.0,285.0,131.0,1,-33.0,92.0,172.0,0,46.142857142857146,201.0,118.21428571428571,0,85.16666666666667,189.33333333333334,106.5,2,47.0,162.5,93.5,2,129.0,259.0,81.0,0,-47.5,76.0,113.5,1,-35.0,81.0,151.0,1,390.0,494.0,123.0,0,-33.75,87.25,181.0
101039,1102627,132.52941176470588,32.693078323128496,127.0,33.25,46.121212121212125,150.74597488485492,-14.0,88.0,179.6060606060606,152.57148138812187,117.0,78.0,34,6.079,5.593025168613259,67.1163020233591,0.6060606060606061,0,0.0,2,0.058823529411764705,1,0.029411764705882353,0,0,40.09090909090909,145.67857142857142,114.70833333333333,1,-25.0,100.0,147.0,1,45.0,105.0,109.0,0,-4.296296296296295,181.27777777777777,125.22222222222223,0,11.222222222222221,122.5,98.85714285714286,0,-27.166666666666668,99.58333333333333,108.91666666666667,0,52.1,144.2,111.33333333333333,0,26.0,192.77083333333334,168.29166666666666,1,-33.0,104.0,179.0,1,-7.0,105.0,125.0,2,-9.5,105.5,135.0,1,474.0,653.0,168.0,1,16.0,156.0,162.0,0,20.25,202.5,153.75,0,112.0,229.0,235.5,0,83.5,206.25,166.75,0,-22.333333333333332,111.0,146.0,0,46.142857142857146,201.0,118.21428571428571,0,85.16666666666667,189.33333333333334,106.5,1,32.0,134.0,120.0,0,-21.833333333333332,127.33333333333333,95.66666666666667,0,-47.5,76.0,113.5,0,33.05555555555556,140.11111111111111,144.5,0,134.0,246.83333333333334,146.91666666666666,0,-33.75,87.25,181.0
101039,1102637,126.32352941176471,31.880955580404475,126.5,55.25,45.60606060606061,118.66579997826321,6.0,115.0,171.6060606060606,110.78232530341964,119.0,121.0,34,5.8,5.862068965517242,70.34482758620689,0.48484848484848486,0,0.0,3,0.08823529411764706,0,0.0,0,0,40.09090909090909,145.67857142857142,114.70833333333333,0,45.18181818181818,173.78787878787878,162.60606060606062,1,57.0,119.0,89.0,1,-42.0,117.0,134.0,0,11.222222222222221,122.5,98.85714285714286,0,-27.166666666666668,99.58333333333333,108.91666666666667,0,52.1,144.2,111.33333333333333,0,26.0,192.77083333333334,168.29166666666666,0,95.3,231.3,153.3,0,-27.5,89.0,143.7,1,78.0,199.0,138.0,0,72.77272727272727,233.86363636363637,169.0,0,32.8125,161.25,185.0625,0,20.25,202.5,153.75,0,112.0,229.0,235.5,0,83.5,206.25,166.75,0,-22.333333333333332,111.0,146.0,1,-55.0,117.0,112.0,0,85.16666666666667,189.33333333333334,106.5,0,42.0,153.3,119.1,0,-21.833333333333332,127.33333333333333,95.66666666666667,0,-47.5,76.0,113.5,1,-37.0,75.0,150.0,0,134.0,246.83333333333334,146.91666666666666,1,-45.0,67.0,159.0
101039,1102649,130.26470588235293,45.15483742148292,111.5,46.75,53.484848484848484,194.87402631974317,-15.0,98.0,185.3939393939394,214.2404397490705,138.0,86.0,34,6.194,5.489183080400387,65.87019696480465,0.5454545454545454,0,0.0,3,0.08823529411764706,0,0.0,0,0,40.09090909090909,145.67857142857142,114.70833333333333,1,-25.0,82.0,173.0,2,55.0,135.0,91.5,1,-65.0,141.0,138.0,0,11.222222222222221,122.5,98.85714285714286,0,-27.166666666666668,99.58333333333333,108.91666666666667,0,52.1,144.2,111.33333333333333,2,12.0,188.5,212.0,0,95.3,231.3,153.3,0,-27.5,89.0,143.7,0,60.71969696969697,169.11363636363637,114.18939393939394,1,333.0,506.0,250.0,0,32.8125,161.25,185.0625,0,20.25,202.5,153.75,0,112.0,229.0,235.5,0,83.5,206.25,166.75,0,-22.333333333333332,111.0,146.0,0,46.142857142857146,201.0,118.21428571428571,0,85.16666666666667,189.33333333333334,106.5,0,42.0,153.3,119.1,0,-21.833333333333332,127.33333333333333,95.66666666666667,0,-47.5,76.0,113.5,1,193.0,291.0,156.0,0,134.0,246.83333333333334,146.91666666666666,0,-33.75,87.25,181.0
101045,1102396,103.96,19.230143005188495,97.0,16.0,8.25,73.28952289834248,-8.0,50.75,112.875,69.17267795163059,88.5,44.25,25,2.797,8.93814801573114,107.25777618877369,0.5833333333333334,0,0.0,0,0.0,1,0.04,0,0,40.09090909090909,145.67857142857142,114.70833333333333,0,0.8090909090909094,104.9090909090909,114.77575757575757,0,48.0,124.0,96.0,1,-40.0,56.0,96.0,0,11.222222222222221,122.5,98.85714285714286,0,-24.90909090909091,86.45454545454545,108.3030303030303,0,52.1,144.2,111.33333333333333,0,-14.636363636363637,88.18181818181819,117.43939393939394,1,-24.0,88.0,120.0,0,3.6666666666666665,116.39285714285714,107.59523809523809,1,25.0,105.0,111.0,0,25.944444444444446,148.30555555555554,131.2222222222222,1,8.0,104.0,88.0,0,-7.25,117.66666666666667,102.33333333333333,0,95.6,212.4,156.8,0,-74.85714285714286,84.0,111.42857142857143,0,-15.466666666666669,116.43333333333332,115.33333333333333,0,-59.642857142857146,70.0,132.71428571428572,0,-41.333333333333336,68.5,132.66666666666666,0,-19.0,97.5,132.85714285714286,1,32.0,120.0,96.0,1,-24.0,88.0,112.0,1,-16.0,88.0,96.0,0,-40.0,90.66666666666667,106.66666666666667,0,-30.785714285714285,89.78571428571429,121.35714285714286
101045,1102407,103.4,23.26423468297669,103.0,24.0,18.125,68.76533919788369,8.0,67.5,121.640625,65.38022617435163,111.5,50.25,65,7.881,8.247684304022332,98.97221164826799,0.4375,0,0.0,0,0.0,2,0.03076923076923077,0,0,40.09090909090909,145.67857142857142,114.70833333333333,3,2.3333333333333335,103.66666666666667,104.33333333333333,0,48.0,124.0,96.0,2,-24.0,83.5,98.0,0,11.222222222222221,122.5,98.85714285714286,2,-14.0,84.0,96.0,0,52.1,144.2,111.33333333333333,1,24.0,112.0,96.0,1,7.0,112.0,104.0,2,-20.0,76.0,92.0,0,6.833333333333334,111.08333333333333,128.20833333333334,3,-21.333333333333332,85.33333333333333,112.33333333333333,1,24.0,127.0,104.0,0,-7.25,117.66666666666667,102.33333333333333,1,160.0,264.0,184.0,0,-74.85714285714286,84.0,111.42857142857143,0,-15.466666666666669,116.43333333333332,115.33333333333333,0,-59.642857142857146,70.0,132.71428571428572,1,-40.0,72.0,144.0,0,-19.0,97.5,132.85714285714286,0,49.5,153.33333333333334,94.66666666666667,1,-33.0,72.0,97.0,0,-21.333333333333332,88.0,125.33333333333333,2,-16.0,104.0,72.0,0,-30.785714285714285,89.78571428571429,121.35714285714286
101045,1102418,115.0,30.66709292116379,112.5,24.75,2.9696969696969697,66.79978445278454,-8.0,56.0,119.03030303030303,59.95780579428961,104.0,41.0,34,4.112,8.268482490272373,99.22178988326847,0.5454545454545454,0,0.0,0,0.0,2,0.058823529411764705,0,0,40.09090909090909,145.67857142857142,114.70833333333333,2,4.0,116.0,120.0,0,48.0,124.0,96.0,1,-15.0,105.0,120.0,0,11.222222222222221,122.5,98.85714285714286,1,-40.0,80.0,88.0,0,52.1,144.2,111.33333333333333,1,-24.0,88.0,120.0,0,-6.0625,104.75,122.8125,1,216.0,360.0,120.0,0,6.833333333333334,111.08333333333333,128.20833333333334,0,25.944444444444446,148.30555555555554,131.2222222222222,1,-8.0,88.0,128.0,1,-16.0,104.0,95.0,0,95.6,212.4,156.8,0,-74.85714285714286,84.0,111.42857142857143,1,-47.0,96.0,119.0,1,-32.0,88.0,143.0,2,-28.0,84.5,120.0,0,-19.0,97.5,132.85714285714286,0,49.5,153.33333333333334,94.66666666666667,1,-32.0,80.0,111.0,0,-21.333333333333332,88.0,125.33333333333333,0,-40.0,90.66666666666667,106.66666666666667,0,-30.785714285714285,89.78571428571429,121.35714285714286
101045,1102428,112.75757575757575,22.914902261153113,105.0,24.0,9.6875,88.97873253620777,-8.0,66.0,123.21875,81.45655835129237,104.0,50.0,33,4.031,8.186554204911934,98.23865045894318,0.5625,0,0.0,0,0.0,1,0.030303030303030304,0,0,40.09090909090909,145.67857142857142,114.70833333333333,0,0.8090909090909094,104.9090909090909,114.77575757575757,0,48.0,124.0,96.0,1,168.0,288.0,104.0,0,11.222222222222221,122.5,98.85714285714286,2,0.0,100.0,104.0,0,52.1,144.2,111.33333333333333,1,-8.0,72.0,144.0,0,-6.0625,104.75,122.8125,0,3.6666666666666665,116.39285714285714,107.59523809523809,3,7.666666666666667,120.0,146.66666666666666,1,24.0,168.0,136.0,0,-10.0,95.08333333333333,109.91666666666667,0,-7.25,117.66666666666667,102.33333333333333,0,95.6,212.4,156.8,1,-80.0,120.0,96.0,0,-15.466666666666669,116.43333333333332,115.33333333333333,0,-59.642857142857146,70.0,132.71428571428572,0,-41.333333333333336,68.5,132.66666666666666,0,-19.0,97.5,132.85714285714286,0,49.5,153.33333333333334,94.66666666666667,1,7.0,112.0,112.0,0,-21.333333333333332,88.0,125.33333333333333,0,-40.0,90.66666666666667,106.66666666666667,1,-24.0,72.0,120.0
101045,1102436,110.0204081632653,23.26202984450119,104.0,24.0,20.708333333333332,86.31482065027356,7.5,82.25,131.0,77.28653397153565,112.5,72.0,49,6.385,7.674236491777604,92.09083790133126,0.4791666666666667,0,0.0,0,0.0,2,0.04081632653061224,0,0,40.09090909090909,145.67857142857142,114.70833333333333,1,-24.0,80.0,120.0,0,48.0,124.0,96.0,2,-28.5,94.5,108.0,0,11.222222222222221,122.5,98.85714285714286,2,-4.0,104.0,104.0,0,52.1,144.2,111.33333333333333,0,-14.636363636363637,88.18181818181819,117.43939393939394,2,-36.5,88.0,132.5,2,-40.0,64.0,108.5,0,6.833333333333334,111.08333333333333,128.20833333333334,2,88.5,216.5,131.5,0,-10.0,95.08333333333333,109.91666666666667,1,-15.0,113.0,103.0,1,160.0,280.0,136.0,1,-69.0,107.0,117.0,0,-15.466666666666669,116.43333333333332,115.33333333333333,1,-72.0,56.0,128.0,0,-41.333333333333336,68.5,132.66666666666666,2,16.0,119.5,136.0,0,49.5,153.33333333333334,94.66666666666667,0,-13.2,91.2,112.0,0,-21.333333333333332,88.0,125.33333333333333,0,-40.0,90.66666666666667,106.66666666666667,2,-24.0,88.0,120.0
101045,1102447,108.14285714285714,23.33663727823232,103.0,24.0,-2.0,53.00094338783037,-7.5,39.0,107.55,45.26971946014245,104.0,59.0,21,2.231,9.412819363514119,112.95383236216944,0.55,0,0.0,0,0.0,1,0.047619047619047616,1,0,40.09090909090909,145.67857142857142,114.70833333333333,1,72.0,144.0,120.0,0,48.0,124.0,96.0,0,12.833333333333334,126.5,105.11111111111111,0,11.222222222222221,122.5,98.85714285714286,1,-8.0,136.0,113.0,0,52.1,144.2,111.33333333333333,0,-14.636363636363637,88.18181818181819,117.43939393939394,0,-6.0625,104.75,122.8125,1,-73.0,40.0,120.0,0,6.833333333333334,111.08333333333333,128.20833333333334,0,25.944444444444446,148.30555555555554,131.2222222222222,0,-10.0,95.08333333333333,109.91666666666667,1,25.0,145.0,120.0,0,95.6,212.4,156.8,0,-74.85714285714286,84.0,111.42857142857143,0,-15.466666666666669,116.43333333333332,115.33333333333333,1,-72.0,48.0,152.0,0,-41.333333333333336,68.5,132.66666666666666,0,-19.0,97.5,132.85714285714286,1,8.0,112.0,88.0,0,-13.2,91.2,112.0,0,-21.333333333333332,88.0,125.33333333333333,0,-40.0,90.66666666666667,106.66666666666667,2,-23.5,100.5,104.5
101045,1102454,113.0,25.273884362504127,112.0,23.0,-6.76,52.07016804274785,-7.0,64.0,106.92,39.76120722513339,96.0,63.0,26,2.817,9.229676961306353,110.75612353567624,0.52,0,0.0,0,0.0,3,0.11538461538461539,0,0,40.09090909090909,145.67857142857142,114.70833333333333,0,0.8090909090909094,104.9090909090909,114.77575757575757,0,48.0,124.0,96.0,1,23.0,143.0,105.0,0,11.222222222222221,122.5,98.85714285714286,1,-32.0,73.0,112.0,0,52.1,144.2,111.33333333333333,1,-15.0,89.0,112.0,1,7.0,135.0,129.0,0,3.6666666666666665,116.39285714285714,107.59523809523809,1,-7.0,96.0,136.0,0,25.944444444444446,148.30555555555554,131.2222222222222,0,-10.0,95.08333333333333,109.91666666666667,0,-7.25,117.66666666666667,102.33333333333333,1,39.0,151.0,152.0,0,-74.85714285714286,84.0,111.42857142857143,0,-15.466666666666669,116.43333333333332,115.33333333333333,1,-47.0,80.0,120.0,0,-41.333333333333336,68.5,132.66666666666666,0,-19.0,97.5,132.85714285714286,0,49.5,153.33333333333334,94.66666666666667,0,-13.2,91.2,112.0,0,-21.333333333333332,88.0,125.33333333333333,0,-40.0,90.66666666666667,106.66666666666667,1,-40.0,80.0,120.0
101045,1102457,110.85507246376811,18.726308984505057,111.0,16.0,48.80882352941177,132.92902322767208,19.5,74.0,160.10294117647058,133.30340665805807,124.0,79.25,69,10.968,6.291028446389497,75.49234135667398,0.35294117647058826,0,0.0,1,0.014492753623188406,2,0.028985507246376812,0,0,40.09090909090909,145.67857142857142,114.70833333333333,3,-10.666666666666666,88.0,117.33333333333333,0,48.0,124.0,96.0,1,-7.0,97.0,103.0,0,11.222222222222221,122.5,98.85714285714286,1,-24.0,79.0,104.0,0,52.1,144.2,111.33333333333333,3,-3.0,104.0,117.33333333333333,0,-6.0625,104.75,122.8125,2,-20.0,88.0,100.0,3,8.0,111.66666666666667,120.0,0,25.944444444444446,148.30555555555554,131.2222222222222,1,-64.0,48.0,112.0,0,-7.25,117.66666666666667,102.33333333333333,1,40.0,160.0,152.0,2,-72.0,64.0,104.0,1,-57.0,88.0,112.0,0,-59.642857142857146,70.0,132.71428571428572,1,-8.0,71.0,96.0,2,-4.0,100.0,120.0,1,49.0,153.0,127.0,0,-13.2,91.2,112.0,0,-21.333333333333332,88.0,125.33333333333333,1,-48.0,88.0,128.0,0,-30.785714285714285,89.78571428571429,121.35714285714286
101045,1102474,110.90625,23.302842336022017,105.0,32.0,11.96774193548387,66.13304472484663,7.0,86.5,123.35483870967742,70.99593281721769,112.0,71.5,32,3.92,8.16326530612245,97.9591836734694,0.4838709677419355,0,0.0,0,0.0,1,0.03125,0,0,40.09090909090909,145.67857142857142,114.70833333333333,2,-4.5,108.0,108.5,0,48.0,124.0,96.0,0,12.833333333333334,126.5,105.11111111111111,0,11.222222222222221,122.5,98.85714285714286,0,-24.90909090909091,86.45454545454545,108.3030303030303,0,52.1,144.2,111.33333333333333,1,-39.0,32.0,120.0,0,-6.0625,104.75,122.8125,0,3.6666666666666665,116.39285714285714,107.59523809523809,1,-19.0,112.0,160.0,0,25.944444444444446,148.30555555555554,131.2222222222222,0,-10.0,95.08333333333333,109.91666666666667,0,-7.25,117.66666666666667,102.33333333333333,0,95.6,212.4,156.8,1,-72.0,72.0,112.0,2,112.0,251.5,108.5,0,-59.642857142857146,70.0,132.71428571428572,0,-41.333333333333336,68.5,132.66666666666666,1,-40.0,96.0,144.0,1,40.0,152.0,97.0,0,-13.2,91.2,112.0,0,-21.333333333333332,88.0,125.33333333333333,0,-40.0,90.66666666666667,106.66666666666667,0,-30.785714285714285,89.78571428571429,121.35714285714286
101045,1102485,109.80555555555556,19.51825277421175,112.0,31.0,22.732394366197184,107.35959815872178,-7.0,76.5,132.73239436619718,100.19993502380154,112.0,68.0,72,9.52,7.563025210084034,90.75630252100842,0.5070422535211268,0,0.0,2,0.027777777777777776,1,0.013888888888888888,0,0,40.09090909090909,145.67857142857142,114.70833333333333,5,-12.6,90.0,121.2,1,40.0,128.0,96.0,2,32.0,152.5,116.0,0,11.222222222222221,122.5,98.85714285714286,2,-48.0,68.0,108.0,0,52.1,144.2,111.33333333333333,1,-24.0,104.0,128.0,1,7.0,119.0,113.0,4,0.0,109.75,100.0,1,32.0,112.0,104.0,2,116.0,239.5,128.0,2,-3.0,100.5,115.5,2,4.5,128.0,96.0,0,95.6,212.4,156.8,1,-80.0,72.0,128.0,2,-48.0,64.0,116.5,0,-59.642857142857146,70.0,132.71428571428572,2,-52.0,79.5,140.0,0,-19.0,97.5,132.85714285714286,1,88.0,200.0,80.0,0,-13.2,91.2,112.0,0,-21.333333333333332,88.0,125.33333333333333,1,-56.0,80.0,120.0,0,-30.785714285714285,89.78571428571429,121.35714285714286
101045,1102502,119.92592592592592,33.8043673771939,113.0,32.0,-6.384615384615385,75.87899117525976,-11.5,86.0,114.46153846153847,62.3675401083897,104.0,54.0,27,3.152,8.565989847715736,102.79187817258884,0.5769230769230769,0,0.0,0,0.0,2,0.07407407407407407,0,0,40.09090909090909,145.67857142857142,114.70833333333333,1,8.0,112.0,96.0,0,48.0,124.0,96.0,0,12.833333333333334,126.5,105.11111111111111,0,11.222222222222221,122.5,98.85714285714286,0,-24.90909090909091,86.45454545454545,108.3030303030303,0,52.1,144.2,111.33333333333333,1,-32.0,72.0,128.0,0,-6.0625,104.75,122.8125,0,3.6666666666666665,116.39285714285714,107.59523809523809,0,6.833333333333334,111.08333333333333,128.20833333333334,0,25.944444444444446,148.30555555555554,131.2222222222222,0,-10.0,95.08333333333333,109.91666666666667,0,-7.25,117.66666666666667,102.33333333333333,0,95.6,212.4,156.8,0,-74.85714285714286,84.0,111.42857142857143,0,-15.466666666666669,116.43333333333332,115.33333333333333,1,-70.0,82.0,102.0,1,-56.0,48.0,144.0,1,-32.0,96.0,144.0,0,49.5,153.33333333333334,94.66666666666667,0,-13.2,91.2,112.0,0,-21.333333333333332,88.0,125.33333333333333,0,-40.0,90.66666666666667,106.66666666666667,1,-48.0,48.0,128.0
101045,1102509,120.55102040816327,24.059502110723532,120.0,32.0,7.270833333333333,77.84860831108172,-8.0,72.0,128.16666666666666,73.61225365989611,112.0,52.0,49,6.256,7.8324808184143215,93.98976982097187,0.5625,0,0.0,0,0.0,1,0.02040816326530612,0,0,40.09090909090909,145.67857142857142,114.70833333333333,2,-12.0,96.0,144.5,0,48.0,124.0,96.0,0,12.833333333333334,126.5,105.11111111111111,0,11.222222222222221,122.5,98.85714285714286,1,-48.0,64.0,136.0,0,52.1,144.2,111.33333333333333,0,-14.636363636363637,88.18181818181819,117.43939393939394,1,-24.0,96.0,144.0,0,3.6666666666666665,116.39285714285714,107.59523809523809,1,-32.0,112.0,152.0,2,-11.5,116.5,151.5,0,-10.0,95.08333333333333,109.91666666666667,1,-18.0,112.0,96.0,0,95.6,212.4,156.8,1,-96.0,80.0,120.0,3,-37.333333333333336,82.66666666666667,120.66666666666667,0,-59.642857142857146,70.0,132.71428571428572,0,-41.333333333333336,68.5,132.66666666666666,1,-72.0,96.0,176.0,0,49.5,153.33333333333334,94.66666666666667,0,-13.2,91.2,112.0,1,-72.0,56.0,168.0,0,-40.0,90.66666666666667,106.66666666666667,0,-30.785714285714285,89.78571428571429,121.35714285714286
101045,1102515,113.20588235294117,28.7890700376587,111.0,31.75,6.2727272727272725,64.21614671266558,8.0,72.0,120.0,51.422787072493755,104.0,80.0,34,4.128,8.236434108527131,98.83720930232558,0.45454545454545453,0,0.0,0,0.0,3,0.08823529411764706,0,0,40.09090909090909,145.67857142857142,114.70833333333333,0,0.8090909090909094,104.9090909090909,114.77575757575757,0,48.0,124.0,96.0,0,12.833333333333334,126.5,105.11111111111111,0,11.222222222222221,122.5,98.85714285714286,0,-24.90909090909091,86.45454545454545,108.3030303030303,0,52.1,144.2,111.33333333333333,2,-23.0,97.0,119.5,1,8.0,80.0,128.0,0,3.6666666666666665,116.39285714285714,107.59523809523809,0,6.833333333333334,111.08333333333333,128.20833333333334,0,25.944444444444446,148.30555555555554,131.2222222222222,1,-17.0,103.0,112.0,0,-7.25,117.66666666666667,102.33333333333333,1,79.0,207.0,160.0,1,-55.0,73.0,103.0,0,-15.466666666666669,116.43333333333332,115.33333333333333,0,-59.642857142857146,70.0,132.71428571428572,0,-41.333333333333336,68.5,132.66666666666666,1,7.0,87.0,105.0,0,49.5,153.33333333333334,94.66666666666667,1,16.0,104.0,128.0,0,-21.333333333333332,88.0,125.33333333333333,0,-40.0,90.66666666666667,106.66666666666667,0,-30.785714285714285,89.78571428571429,121.35714285714286
101045,1102527,118.44680851063829,21.980463773240455,115.0,24.0,14.804347826086957,127.4024127075508,-11.5,76.0,133.7608695652174,122.8808515847786,120.0,56.0,47,6.248,7.522407170294494,90.26888604353393,0.5652173913043478,0,0.0,2,0.0425531914893617,1,0.02127659574468085,0,0,40.09090909090909,145.67857142857142,114.70833333333333,2,0.0,120.0,104.0,1,56.0,120.0,96.0,0,12.833333333333334,126.5,105.11111111111111,0,11.222222222222221,122.5,98.85714285714286,1,-48.0,72.0,112.0,0,52.1,144.2,111.33333333333333,1,-25.0,88.0,104.0,0,-6.0625,104.75,122.8125,0,3.6666666666666665,116.39285714285714,107.59523809523809,0,6.833333333333334,111.08333333333333,128.20833333333334,1,-40.0,64.0,128.0,0,-10.0,95.08333333333333,109.91666666666667,1,-24.0,104.0,104.0,0,95.6,212.4,156.8,0,-74.85714285714286,84.0,111.42857142857143,0,-15.466666666666669,116.43333333333332,115.33333333333333,2,-60.5,80.0,148.0,1,-64.0,56.0,152.0,0,-19.0,97.5,132.85714285714286,0,49.5,153.33333333333334,94.66666666666667,0,-13.2,91.2,112.0,0,-21.333333333333332,88.0,125.33333333333333,0,-40.0,90.66666666666667,106.66666666666667,1,-32.0,128.0,128.0
101045,1102533,105.87719298245614,16.488241610884348,105.0,16.0,22.535714285714285,60.6874205268611,8.0,57.25,128.71428571428572,55.94184297927954,120.0,55.5,57,7.297,7.811429354529259,93.7371522543511,0.375,0,0.0,1,0.017543859649122806,1,0.017543859649122806,0,0,40.09090909090909,145.67857142857142,114.70833333333333,3,-13.666666666666666,96.33333333333333,106.66666666666667,0,48.0,124.0,96.0,1,7.0,119.0,96.0,0,11.222222222222221,122.5,98.85714285714286,3,-8.0,91.0,114.33333333333333,0,52.1,144.2,111.33333333333333,1,8.0,112.0,103.0,1,7.0,120.0,112.0,3,-37.333333333333336,77.0,112.66666666666667,1,40.0,120.0,96.0,0,25.944444444444446,148.30555555555554,131.2222222222222,0,-10.0,95.08333333333333,109.91666666666667,0,-7.25,117.66666666666667,102.33333333333333,0,95.6,212.4,156.8,0,-74.85714285714286,84.0,111.42857142857143,0,-15.466666666666669,116.43333333333332,115.33333333333333,1,-64.0,56.0,136.0,0,-41.333333333333336,68.5,132.66666666666666,1,-8.0,88.0,105.0,1,80.0,183.0,80.0,0,-13.2,91.2,112.0,1,24.0,120.0,112.0,0,-40.0,90.66666666666667,106.66666666666667,1,-24.0,112.0,129.0
101073,1102771,92.16666666666667,26.55052834795488,88.0,24.25,66.7872340425532,126.42648796160924,24.0,94.5,158.87234042553192,117.33668904758677,120.0,72.0,48,7.563,6.346687822292742,76.16025386751289,0.3191489361702128,0,0.0,2,0.041666666666666664,1,0.020833333333333332,0,31,63.41935483870968,153.16129032258064,90.70967741935483,0,16.0,124.38888888888889,103.5,0,146.16666666666666,202.33333333333334,66.08333333333333,0,50.0,155.0,100.1875,5,-22.4,83.4,104.6,0,8.5,110.0,96.0,6,75.33333333333333,174.5,90.33333333333333,0,20.5,134.0,104.0,0,23.0,135.1818181818182,104.0,0,24.5,112.0,104.375,0,52.25,144.0,106.5,0,59.0,165.0,119.10416666666667,0,22.1,130.4,98.5,0,66.28571428571429,187.5,114.6,0,284.75,380.5,137.5,0,48.0,150.0,103.0,0,-15.466666666666669,117.4,113.88888888888889,0,-30.214285714285715,116.0,120.0,0,-20.75,119.25,101.33333333333333,0,37.25,153.0,107.66666666666667,0,74.0,178.0,103.71428571428571,0,16.0,134.28571428571428,97.0,0,35.75,133.5,106.66666666666667,0,64.5,160.0,99.6875,0,10.5,131.16666666666666,104.33333333333333
101073,1102781,92.4423076923077,33.940793167343664,87.5,40.0,-100.75,1165.7604793405494,48.0,102.0,212.46153846153845,426.19747416221105,140.0,85.75,52,7.967,6.526923559683696,78.32308271620434,0.2549019607843137,0,0.0,7,0.1346153846153846,1,0.019230769230769232,0,28,38.607142857142854,128.17857142857142,93.32142857142857,0,16.0,124.38888888888889,103.5,4,106.0,156.0,63.75,0,50.0,155.0,100.1875,6,-2.3333333333333335,97.33333333333333,102.5,0,8.5,110.0,96.0,6,27.333333333333332,129.83333333333334,90.0,0,20.5,134.0,104.0,0,23.0,135.1818181818182,104.0,0,24.5,112.0,104.375,0,52.25,144.0,106.5,0,59.0,165.0,119.10416666666667,0,22.1,130.4,98.5,0,66.28571428571429,187.5,114.6,0,284.75,380.5,137.5,0,48.0,150.0,103.0,0,-15.466666666666669,117.4,113.88888888888889,0,-30.214285714285715,116.0,120.0,0,-20.75,119.25,101.33333333333333,0,37.25,153.0,107.66666666666667,0,74.0,178.0,103.71428571428571,0,16.0,134.28571428571428,97.0,0,35.75,133.5,106.66666666666667,0,64.5,160.0,99.6875,0,10.5,131.16666666666666,104.33333333333333
101073,1102788,98.4,25.53801088573658,96.0,26.0,18.846153846153847,54.654410036969125,16.0,72.0,117.51282051282051,47.74498056306846,112.0,76.0,40,4.671,8.563476771569256,102.76172125883109,0.358974358974359,0,0.0,0,0.0,1,0.025,0,28,18.25,115.42857142857143,96.89285714285714,0,16.0,124.38888888888889,103.5,0,146.16666666666666,202.33333333333334,66.08333333333333,0,50.0,155.0,100.1875,5,4.8,102.4,88.0,0,8.5,110.0,96.0,5,51.2,139.2,96.0,0,20.5,134.0,104.0,0,23.0,135.1818181818182,104.0,0,24.5,112.0,104.375,0,52.25,144.0,106.5,0,59.0,165.0,119.10416666666667,0,22.1,130.4,98.5,0,66.28571428571429,187.5,114.6,0,284.75,380.5,137.5,0,48.0,150.0,103.0,0,-15.466666666666669,117.4,113.88888888888889,0,-30.214285714285715,116.0,120.0,0,-20.75,119.25,101.33333333333333,0,37.25,153.0,107.66666666666667,0,74.0,178.0,103.71428571428571,0,16.0,134.28571428571428,97.0,0,35.75,133.5,106.66666666666667,0,64.5,160.0,99.6875,0,10.5,131.16666666666666,104.33333333333333
101073,1102797,106.29411764705883,51.839418009036045,96.0,32.0,34.21212121212121,117.5558558601638,24.0,56.0,141.57575757575756,107.49912763649712,120.0,56.0,34,4.84,7.024793388429752,84.29752066115702,0.30303030303030304,0,0.0,0,0.0,2,0.058823529411764705,0,18,51.111111111111114,148.55555555555554,99.61111111111111,0,16.0,124.38888888888889,103.5,0,146.16666666666666,202.33333333333334,66.08333333333333,0,50.0,155.0,100.1875,6,1.3333333333333333,91.66666666666667,100.0,0,8.5,110.0,96.0,6,48.0,148.0,94.33333333333333,0,20.5,134.0,104.0,0,23.0,135.1818181818182,104.0,0,24.5,112.0,104.375,0,52.25,144.0,106.5,0,59.0,165.0,119.10416666666667,0,22.1,130.4,98.5,0,66.28571428571429,187.5,114.6,0,284.75,380.5,137.5,0,48.0,150.0,103.0,0,-15.466666666666669,117.4,113.88888888888889,0,-30.214285714285715,116.0,120.0,0,-20.75,119.25,101.33333333333333,0,37.25,153.0,107.66666666666667,0,74.0,178.0,103.71428571428571,0,16.0,134.28571428571428,97.0,0,35.75,133.5,106.66666666666667,0,64.5,160.0,99.6875,0,10.5,131.16666666666666,104.33333333333333
101073,1102804,95.72151898734177,27.096609488899958,96.0,32.0,51.12820512820513,122.35848539459977,24.5,104.5,146.74358974358975,111.49087991877389,127.5,79.0,79,11.55,6.83982683982684,82.07792207792208,0.3717948717948718,0,0.0,5,0.06329113924050633,4,0.05063291139240506,0,44,40.09090909090909,135.9318181818182,92.06818181818181,0,16.0,124.38888888888889,103.5,3,261.3333333333333,319.6666666666667,58.666666666666664,0,50.0,155.0,100.1875,11,-20.727272727272727,69.45454545454545,103.0,0,8.5,110.0,96.0,9,36.666666666666664,141.33333333333334,102.77777777777777,0,20.5,134.0,104.0,0,23.0,135.1818181818182,104.0,0,24.5,112.0,104.375,0,52.25,144.0,106.5,0,59.0,165.0,119.10416666666667,0,22.1,130.4,98.5,0,66.28571428571429,187.5,114.6,2,56.5,152.0,132.0,0,48.0,150.0,103.0,0,-15.466666666666669,117.4,113.88888888888889,0,-30.214285714285715,116.0,120.0,0,-20.75,119.25,101.33333333333333,0,37.25,153.0,107.66666666666667,0,74.0,178.0,103.71428571428571,0,16.0,134.28571428571428,97.0,0,35.75,133.5,106.66666666666667,0,64.5,160.0,99.6875,0,10.5,131.16666666666666,104.33333333333333
101073,1102826,87.57142857142857,31.626648541367512,84.0,44.0,100.85185185185185,152.22125799460315,88.0,120.5,188.44444444444446,141.29358280972946,136.0,134.5,28,5.175,5.4106280193236715,64.92753623188406,0.25925925925925924,0,0.0,3,0.10714285714285714,1,0.03571428571428571,0,12,87.0,180.33333333333334,81.33333333333333,0,16.0,124.38888888888889,103.5,1,104.0,160.0,72.0,0,50.0,155.0,100.1875,4,-5.25,68.75,105.25,0,8.5,110.0,96.0,5,64.6,169.6,88.0,0,20.5,134.0,104.0,0,23.0,135.1818181818182,104.0,0,24.5,112.0,104.375,0,52.25,144.0,106.5,0,59.0,165.0,119.10416666666667,0,22.1,130.4,98.5,0,66.28571428571429,187.5,114.6,0,284.75,380.5,137.5,0,48.0,150.0,103.0,0,-15.466666666666669,117.4,113.88888888888889,0,-30.214285714285715,116.0,120.0,0,-20.75,119.25,101.33333333333333,0,37.25,153.0,107.66666666666667,0,74.0,178.0,103.71428571428571,0,16.0,134.28571428571428,97.0,0,35.75,133.5,106.66666666666667,0,64.5,160.0,99.6875,0,10.5,131.16666666666666,104.33333333333333
101073,1102831,95.55555555555556,22.499931412789838,96.0,25.5,54.25806451612903,116.93518131217809,24.5,89.0,149.53225806451613,111.30323557623944,112.0,70.0,63,9.384,6.713554987212276,80.5626598465473,0.3225806451612903,1,0.016129032258064516,0,0.0,2,0.031746031746031744,1,38,58.23684210526316,150.07894736842104,94.23684210526316,0,16.0,124.38888888888889,103.5,0,146.16666666666666,202.33333333333334,66.08333333333333,0,50.0,155.0,100.1875,11,-4.909090909090909,94.63636363636364,94.0909090909091,0,8.5,110.0,96.0,10,77.2,171.1,99.7,0,20.5,134.0,104.0,0,23.0,135.1818181818182,104.0,0,24.5,112.0,104.375,0,52.25,144.0,106.5,0,59.0,165.0,119.10416666666667,0,22.1,130.4,98.5,0,66.28571428571429,187.5,114.6,1,513.0,609.0,143.0,0,48.0,150.0,103.0,0,-15.466666666666669,117.4,113.88888888888889,0,-30.214285714285715,116.0,120.0,0,-20.75,119.25,101.33333333333333,0,37.25,153.0,107.66666666666667,0,74.0,178.0,103.71428571428571,0,16.0,134.28571428571428,97.0,0,35.75,133.5,106.66666666666667,0,64.5,160.0,99.6875,0,10.5,131.16666666666666,104.33333333333333
101073,1102845,93.79591836734694,24.06028109140493,88.0,25.0,65.39583333333333,102.05365002114766,44.5,125.25,159.64583333333334,99.2222861355866,124.0,105.5,49,7.735,6.334841628959276,76.01809954751131,0.3333333333333333,0,0.0,1,0.02040816326530612,1,0.02040816326530612,0,31,43.70967741935484,138.29032258064515,92.70967741935483,0,16.0,124.38888888888889,103.5,0,146.16666666666666,202.33333333333334,66.08333333333333,0,50.0,155.0,100.1875,7,94.71428571428571,186.42857142857142,96.57142857142857,0,8.5,110.0,96.0,7,111.28571428571429,207.85714285714286,89.85714285714286,0,20.5,134.0,104.0,0,23.0,135.1818181818182,104.0,0,24.5,112.0,104.375,0,52.25,144.0,106.5,0,59.0,165.0,119.10416666666667,0,22.1,130.4,98.5,0,66.28571428571429,187.5,114.6,0,284.75,380.5,137.5,0,48.0,150.0,103.0,0,-15.466666666666669,117.4,113.88888888888889,0,-30.214285714285715,116.0,120.0,0,-20.75,119.25,101.33333333333333,0,37.25,153.0,107.66666666666667,0,74.0,178.0,103.71428571428571,0,16.0,134.28571428571428,97.0,0,35.75,133.5,106.66666666666667,0,64.5,160.0,99.6875,0,10.5,131.16666666666666,104.33333333333333
101073,1102852,97.15,30.260163581844697,93.0,28.75,45.76923076923077,148.5772632532264,16.0,56.5,143.15384615384616,149.31339240628674,112.0,40.0,40,5.671,7.053429730206313,84.64115676247576,0.41025641025641024,0,0.0,3,0.075,1,0.025,0,21,14.904761904761905,119.57142857142857,93.33333333333333,0,16.0,124.38888888888889,103.5,2,187.5,248.0,72.0,0,50.0,155.0,100.1875,6,2.5,79.83333333333333,93.33333333333333,0,8.5,110.0,96.0,7,123.71428571428571,222.0,114.0,0,20.5,134.0,104.0,0,23.0,135.1818181818182,104.0,0,24.5,112.0,104.375,0,52.25,144.0,106.5,0,59.0,165.0,119.10416666666667,0,22.1,130.4,98.5,0,66.28571428571429,187.5,114.6,0,284.75,380.5,137.5,0,48.0,150.0,103.0,0,-15.466666666666669,117.4,113.88888888888889,0,-30.214285714285715,116.0,120.0,0,-20.75,119.25,101.33333333333333,0,37.25,153.0,107.66666666666667,0,74.0,178.0,103.71428571428571,0,16.0,134.28571428571428,97.0,0,35.75,133.5,106.66666666666667,0,64.5,160.0,99.6875,0,10.5,131.16666666666666,104.33333333333333
101073,1102857,87.75,24.161217334334026,84.0,25.75,82.11764705882354,119.53531713063921,40.0,96.0,169.07843137254903,113.06996673711178,128.0,92.0,52,8.751,5.942178036795795,71.30613644154955,0.17647058823529413,0,0.0,2,0.038461538461538464,1,0.019230769230769232,1,32,73.09375,159.59375,83.0,0,16.0,124.38888888888889,103.5,0,146.16666666666666,202.33333333333334,66.08333333333333,0,50.0,155.0,100.1875,7,14.0,95.28571428571429,98.85714285714286,0,8.5,110.0,96.0,7,73.28571428571429,172.14285714285714,97.14285714285714,0,20.5,134.0,104.0,0,23.0,135.1818181818182,104.0,0,24.5,112.0,104.375,0,52.25,144.0,106.5,0,59.0,165.0,119.10416666666667,0,22.1,130.4,98.5,0,66.28571428571429,187.5,114.6,0,284.75,380.5,137.5,0,48.0,150.0,103.0,0,-15.466666666666669,117.4,113.88888888888889,0,-30.214285714285715,116.0,120.0,0,-20.75,119.25,101.33333333333333,0,37.25,153.0,107.66666666666667,0,74.0,178.0,103.71428571428571,0,16.0,134.28571428571428,97.0,0,35.75,133.5,106.66666666666667,0,64.5,160.0,99.6875,0,10.5,131.16666666666666,104.33333333333333
101073,1102867,94.88135593220339,28.98397262881485,88.0,24.5,72.43103448275862,157.10617012718913,24.0,80.0,165.63793103448276,152.06007187223193,128.0,70.0,59,9.799,6.021022553321768,72.25227063986121,0.2413793103448276,0,0.0,0,0.0,1,0.01694915254237288,1,41,75.65853658536585,168.0,94.82926829268293,0,16.0,124.38888888888889,103.5,0,146.16666666666666,202.33333333333334,66.08333333333333,0,50.0,155.0,100.1875,8,3.25,95.0,92.75,0,8.5,110.0,96.0,8,135.125,227.875,95.0,0,20.5,134.0,104.0,0,23.0,135.1818181818182,104.0,0,24.5,112.0,104.375,0,52.25,144.0,106.5,0,59.0,165.0,119.10416666666667,0,22.1,130.4,98.5,0,66.28571428571429,187.5,114.6,0,284.75,380.5,137.5,0,48.0,150.0,103.0,0,-15.466666666666669,117.4,113.88888888888889,0,-30.214285714285715,116.0,120.0,0,-20.75,119.25,101.33333333333333,0,37.25,153.0,107.66666666666667,0,74.0,178.0,103.71428571428571,0,16.0,134.28571428571428,97.0,0,35.75,133.5,106.66666666666667,0,64.5,160.0,99.6875,0,10.5,131.16666666666666,104.33333333333333
101073,1102876,104.1923076923077,28.094646671521485,96.0,29.25,43.96,109.59141572221796,24.0,84.0,147.52,106.38763837965386,112.0,103.0,26,3.808,6.827731092436975,81.93277310924371,0.36,0,0.0,0,0.0,2,0.07692307692307693,0,15,50.93333333333333,157.33333333333334,101.73333333333333,0,16.0,124.38888888888889,103.5,0,146.16666666666666,202.33333333333334,66.08333333333333,0,50.0,155.0,100.1875,4,7.5,92.25,95.5,0,8.5,110.0,96.0,4,42.25,137.75,100.25,0,20.5,134.0,104.0,0,23.0,135.1818181818182,104.0,0,24.5,112.0,104.375,0,52.25,144.0,106.5,0,59.0,165.0,119.10416666666667,0,22.1,130.4,98.5,0,66.28571428571429,187.5,114.6,0,284.75,380.5,137.5,0,48.0,150.0,103.0,0,-15.466666666666669,117.4,113.88888888888889,0,-30.214285714285715,116.0,120.0,0,-20.75,119.25,101.33333333333333,0,37.25,153.0,107.66666666666667,0,74.0,178.0,103.71428571428571,0,16.0,134.28571428571428,97.0,0,35.75,133.5,106.66666666666667,0,64.5,160.0,99.6875,0,10.5,131.16666666666666,104.33333333333333
101073,1102880,91.84615384615384,26.655483355201202,87.0,25.0,57.76,170.19853818408666,17.0,56.0,151.04,160.71402676804536,112.0,63.0,26,3.832,6.784968684759916,81.419624217119,0.32,0,0.0,0,0.0,2,0.07692307692307693,1,15,40.333333333333336,131.2,82.86666666666666,0,16.0,124.38888888888889,103.5,0,146.16666666666666,202.33333333333334,66.08333333333333,0,50.0,155.0,100.1875,4,-7.0,76.0,107.5,0,8.5,110.0,96.0,4,16.5,124.0,91.75,0,20.5,134.0,104.0,0,23.0,135.1818181818182,104.0,0,24.5,112.0,104.375,0,52.25,144.0,106.5,0,59.0,165.0,119.10416666666667,0,22.1,130.4,98.5,0,66.28571428571429,187.5,114.6,0,284.75,380.5,137.5,0,48.0,150.0,103.0,0,-15.466666666666669,117.4,113.88888888888889,0,-30.214285714285715,116.0,120.0,0,-20.75,119.25,101.33333333333333,0,37.25,153.0,107.66666666666667,0,74.0,178.0,103.71428571428571,0,16.0,134.28571428571428,97.0,0,35.75,133.5,106.66666666666667,0,64.5,160.0,99.6875,0,10.5,131.16666666666666,104.33333333333333
101073,1102887,94.22033898305085,24.5246799226579,95.0,27.5,73.37931034482759,136.64613594423332,40.0,99.0,167.58620689655172,135.10941089797768,120.5,70.0,59,9.815,6.0112073357106475,72.13448802852777,0.3275862068965517,0,0.0,3,0.05084745762711865,1,0.01694915254237288,1,36,63.916666666666664,156.88888888888889,96.16666666666667,0,16.0,124.38888888888889,103.5,1,72.0,128.0,64.0,0,50.0,155.0,100.1875,8,-13.375,85.875,91.375,0,8.5,110.0,96.0,8,53.75,145.125,87.75,0,20.5,134.0,104.0,0,23.0,135.1818181818182,104.0,0,24.5,112.0,104.375,0,52.25,144.0,106.5,0,59.0,165.0,119.10416666666667,0,22.1,130.4,98.5,0,66.28571428571429,187.5,114.6,0,284.75,380.5,137.5,0,48.0,150.0,103.0,0,-15.466666666666669,117.4,113.88888888888889,0,-30.214285714285715,116.0,120.0,0,-20.75,119.25,101.33333333333333,0,37.25,153.0,107.66666666666667,0,74.0,178.0,103.71428571428571,0,16.0,134.28571428571428,97.0,0,35.75,133.5,106.66666666666667,0,64.5,160.0,99.6875,0,10.5,131.16666666666666,104.33333333333333
101073,1102897,94.6842105263158,20.578610846622553,96.0,24.0,72.03571428571429,129.261220055375,32.0,80.0,166.41071428571428,131.5265829711288,135.5,88.0,57,9.431,6.043897783904146,72.52677340684976,0.21428571428571427,0,0.0,2,0.03508771929824561,1,0.017543859649122806,1,33,80.63636363636364,175.0,89.06060606060606,0,16.0,124.38888888888889,103.5,0,146.16666666666666,202.33333333333334,66.08333333333333,0,50.0,155.0,100.1875,9,11.222222222222221,96.88888888888889,102.33333333333333,0,8.5,110.0,96.0,9,31.11111111111111,133.44444444444446,102.44444444444444,0,20.5,134.0,104.0,0,23.0,135.1818181818182,104.0,0,24.5,112.0,104.375,0,52.25,144.0,106.5,0,59.0,165.0,119.10416666666667,0,22.1,130.4,98.5,0,66.28571428571429,187.5,114.6,0,284.75,380.5,137.5,0,48.0,150.0,103.0,0,-15.466666666666669,117.4,113.88888888888889,0,-30.214285714285715,116.0,120.0,0,-20.75,119.25,101.33333333333333,0,37.25,153.0,107.66666666666667,0,74.0,178.0,103.71428571428571,0,16.0,134.28571428571428,97.0,0,35.75,133.5,106.66666666666667,0,64.5,160.0,99.6875,0,10.5,131.16666666666666,104.33333333333333
101079,1102846,136.55,40.966419174733836,136.0,56.0,38.32203389830509,105.25891253024467,24.0,96.0,175.15254237288136,95.2537758599114,144.0,96.0,60,10.454,5.739429883298259,68.8731585995791,0.423728813559322,0,0.0,6,0.1,2,0.03333333333333333,0,0,40.09090909090909,145.67857142857142,114.70833333333333,1,-18.0,120.0,120.0,4,74.0,168.0,84.0,1,-19.0,128.0,99.0,0,11.222222222222221,122.5,98.85714285714286,1,-19.0,80.0,99.0,0,52.1,144.2,111.33333333333333,1,-48.0,120.0,147.0,0,-4.222222222222222,125.33333333333333,141.86111111111111,2,-21.5,88.0,141.0,0,-40.0,98.0,124.75,0,-15.333333333333334,122.58333333333333,156.66666666666666,1,56.0,160.0,64.0,0,99.75,243.5,161.0,1,304.0,368.0,240.0,0,5.777777777777778,136.0,135.77777777777777,2,-16.0,144.0,120.0,2,-52.0,120.0,148.0,0,-28.0,137.33333333333334,109.5,0,-50.85416666666667,109.9375,128.64583333333334,0,49.333333333333336,197.33333333333334,134.83333333333334,0,-60.0,92.0,116.5,0,-20.666666666666668,89.16666666666667,138.5,0,56.0,167.25,130.0,1,24.0,144.0,104.0
101079,1102854,151.38095238095238,99.63216930789841,126.0,33.0,14.073170731707316,133.10630086126972,16.0,97.0,166.8048780487805,104.27010410635918,143.0,96.0,42,6.935,6.056236481614997,72.67483777937996,0.4878048780487805,0,0.0,0,0.0,3,0.07142857142857142,0,0,40.09090909090909,145.67857142857142,114.70833333333333,1,23.0,143.0,81.0,0,67.5,147.0,91.0,1,56.0,192.0,120.0,0,11.222222222222221,122.5,98.85714285714286,2,-4.0,116.0,113.0,0,52.1,144.2,111.33333333333333,2,-60.0,88.0,132.0,0,-4.222222222222222,125.33333333333333,141.86111111111111,1,-24.0,81.0,120.0,0,-40.0,98.0,124.75,0,-15.333333333333334,122.58333333333333,156.66666666666666,1,-24.0,96.0,144.0,0,99.75,243.5,161.0,2,63.5,152.0,572.0,1,-18.0,144.0,136.0,0,-42.666666666666664,117.33333333333333,130.66666666666666,0,-63.214285714285715,116.78571428571429,141.0,0,-28.0,137.33333333333334,109.5,1,-81.0,75.0,162.0,1,40.0,208.0,124.0,0,-60.0,92.0,116.5,0,-20.666666666666668,89.16666666666667,138.5,1,88.0,205.0,96.0,1,16.0,176.0,168.0
101079,1102863,133.24137931034483,35.686040130091044,128.0,24.0,49.142857142857146,143.78498686921242,-20.0,98.0,182.85714285714286,140.57375143260828,144.0,42.0,29,5.24,5.534351145038167,66.41221374045801,0.5357142857142857,0,0.0,1,0.034482758620689655,1,0.034482758620689655,0,0,40.09090909090909,145.67857142857142,114.70833333333333,3,13.333333333333334,141.33333333333334,141.33333333333334,0,67.5,147.0,91.0,2,152.0,284.0,152.0,0,11.222222222222221,122.5,98.85714285714286,1,-56.0,88.0,120.0,0,52.1,144.2,111.33333333333333,1,-24.0,136.0,144.0,0,-4.222222222222222,125.33333333333333,141.86111111111111,2,8.0,116.0,132.0,0,-40.0,98.0,124.75,0,-15.333333333333334,122.58333333333333,156.66666666666666,0,6.9375,133.5,137.5,0,99.75,243.5,161.0,0,110.52777777777779,229.22222222222226,258.61111111111114,0,5.777777777777778,136.0,135.77777777777777,0,-42.666666666666664,117.33333333333333,130.66666666666666,0,-63.214285714285715,116.78571428571429,141.0,0,-28.0,137.33333333333334,109.5,0,-50.85416666666667,109.9375,128.64583333333334,0,49.333333333333336,197.33333333333334,134.83333333333334,0,-60.0,92.0,116.5,0,-20.666666666666668,89.16666666666667,138.5,0,56.0,167.25,130.0,0,-0.14285714285714285,135.28571428571428,146.85714285714286
101079,1102866,124.86486486486487,36.64302755265975,120.0,41.0,74.30555555555556,161.57434123929946,24.0,56.0,199.75,149.46950172006478,160.0,60.25,37,7.295,5.071967100753941,60.86360520904729,0.25,0,0.0,2,0.05405405405405406,4,0.10810810810810811,1,0,40.09090909090909,145.67857142857142,114.70833333333333,1,184.0,305.0,120.0,1,48.0,128.0,120.0,2,31.5,176.0,122.5,0,11.222222222222221,122.5,98.85714285714286,0,-12.222222222222221,118.36111111111111,104.66666666666667,0,52.1,144.2,111.33333333333333,0,-34.7,120.8,143.0,0,-4.222222222222222,125.33333333333333,141.86111111111111,0,2.75,106.0625,138.3125,1,16.0,135.0,120.0,0,-15.333333333333334,122.58333333333333,156.66666666666666,0,6.9375,133.5,137.5,0,99.75,243.5,161.0,3,31.666666666666668,143.33333333333334,178.66666666666666,0,5.777777777777778,136.0,135.77777777777777,0,-42.666666666666664,117.33333333333333,130.66666666666666,1,-63.0,121.0,120.0,0,-28.0,137.33333333333334,109.5,0,-50.85416666666667,109.9375,128.64583333333334,0,49.333333333333336,197.33333333333334,134.83333333333334,0,-60.0,92.0,116.5,1,-18.0,80.0,135.0,0,56.0,167.25,130.0,1,-41.0,79.0,144.0
101079,1102872,152.14285714285714,71.75174510191421,136.0,40.0,11.85,119.79201768064513,-20.5,62.75,166.4,124.15369507187454,122.5,58.5,21,3.432,6.118881118881119,73.42657342657343,0.6,0,0.0,0,0.0,1,0.047619047619047616,0,0,40.09090909090909,145.67857142857142,114.70833333333333,1,16.0,136.0,120.0,0,67.5,147.0,91.0,0,25.796296296296294,167.33333333333334,127.61111111111111,0,11.222222222222221,122.5,98.85714285714286,1,24.0,125.0,120.0,0,52.1,144.2,111.33333333333333,0,-34.7,120.8,143.0,0,-4.222222222222222,125.33333333333333,141.86111111111111,1,-40.0,80.0,176.0,0,-40.0,98.0,124.75,0,-15.333333333333334,122.58333333333333,156.66666666666666,0,6.9375,133.5,137.5,1,496.0,616.0,184.0,0,110.52777777777779,229.22222222222226,258.61111111111114,0,5.777777777777778,136.0,135.77777777777777,0,-42.666666666666664,117.33333333333333,130.66666666666666,1,-80.0,96.0,144.0,0,-28.0,137.33333333333334,109.5,0,-50.85416666666667,109.9375,128.64583333333334,1,-64.0,96.0,124.0,0,-60.0,92.0,116.5,0,-20.666666666666668,89.16666666666667,138.5,0,56.0,167.25,130.0,2,-40.0,100.0,152.0
101079,1102877,130.65217391304347,30.078075257837412,136.0,25.0,38.23529411764706,127.59000486934919,-16.0,114.75,169.39705882352942,121.63471588735077,127.5,80.0,69,11.615,5.9405940594059405,71.2871287128713,0.5147058823529411,0,0.0,3,0.043478260869565216,2,0.028985507246376812,1,0,40.09090909090909,145.67857142857142,114.70833333333333,3,-38.0,88.33333333333333,144.0,1,80.0,144.0,80.0,3,-10.666666666666666,122.33333333333333,135.0,0,11.222222222222221,122.5,98.85714285714286,4,-31.0,104.25,90.0,0,52.1,144.2,111.33333333333333,1,-39.0,120.0,143.0,2,-32.0,112.0,139.5,2,155.5,243.5,121.5,0,-40.0,98.0,124.75,2,68.0,207.5,164.0,2,-29.0,108.0,152.0,2,-52.0,112.0,120.0,0,110.52777777777779,229.22222222222226,258.61111111111114,1,24.0,144.0,136.0,1,-56.0,104.0,136.0,2,-51.5,120.5,151.0,1,-64.0,64.0,120.0,0,-50.85416666666667,109.9375,128.64583333333334,0,49.333333333333336,197.33333333333334,134.83333333333334,1,-40.0,104.0,104.0,0,-20.666666666666668,89.16666666666667,138.5,1,16.0,120.0,144.0,0,-0.14285714285714285,135.28571428571428,146.85714285714286
101079,1102889,136.77631578947367,32.947565473599404,136.0,40.0,25.88,123.3026585277057,-20.0,92.0,163.09333333333333,117.30781995341239,120.0,72.0,76,12.336,6.16083009079118,73.92996108949416,0.6133333333333333,0,0.0,4,0.05263157894736842,1,0.013157894736842105,0,0,40.09090909090909,145.67857142857142,114.70833333333333,3,44.0,164.0,132.0,2,68.0,148.0,80.0,3,29.333333333333332,186.66666666666666,128.0,0,11.222222222222221,122.5,98.85714285714286,1,-56.0,88.0,120.0,0,52.1,144.2,111.33333333333333,1,-40.0,96.0,144.0,3,10.666666666666666,152.0,138.66666666666666,1,-24.0,96.0,120.0,2,-38.0,112.0,116.0,1,-40.0,80.0,176.0,1,-24.0,120.0,120.0,2,58.0,196.0,192.0,0,110.52777777777779,229.22222222222226,258.61111111111114,2,72.0,200.0,130.0,0,-42.666666666666664,117.33333333333333,130.66666666666666,2,-52.0,120.0,144.0,0,-28.0,137.33333333333334,109.5,3,-45.333333333333336,88.0,111.66666666666667,1,-16.0,104.0,160.0,0,-60.0,92.0,116.5,0,-20.666666666666668,89.16666666666667,138.5,0,56.0,167.25,130.0,1,-24.0,120.0,168.0
101079,1102904,133.33846153846153,34.651796234084614,136.0,24.0,82.5625,187.66466727583537,40.0,98.0,216.734375,187.19652458942548,160.0,104.0,65,13.951,4.659164217618809,55.9099706114257,0.359375,0,0.0,2,0.03076923076923077,1,0.015384615384615385,0,0,40.09090909090909,145.67857142857142,114.70833333333333,1,-64.0,56.0,144.0,0,67.5,147.0,91.0,1,-64.0,80.0,144.0,0,11.222222222222221,122.5,98.85714285714286,1,-24.0,120.0,120.0,0,52.1,144.2,111.33333333333333,1,-40.0,104.0,144.0,0,-4.222222222222222,125.33333333333333,141.86111111111111,1,-16.0,104.0,120.0,1,-58.0,65.0,119.0,0,-15.333333333333334,122.58333333333333,156.66666666666666,1,184.0,328.0,168.0,0,99.75,243.5,161.0,0,110.52777777777779,229.22222222222226,258.61111111111114,2,32.0,144.0,116.0,0,-42.666666666666664,117.33333333333333,130.66666666666666,0,-63.214285714285715,116.78571428571429,141.0,1,160.0,304.0,56.0,1,-40.0,120.0,120.0,1,64.0,224.0,121.0,0,-60.0,92.0,116.5,0,-20.666666666666668,89.16666666666667,138.5,1,64.0,184.0,144.0,0,-0.14285714285714285,135.28571428571428,146.85714285714286
101079,1102914,139.82608695652175,29.26290450963924,140.0,40.0,12.977777777777778,60.886228652349395,16.0,96.0,153.6,58.729663146772204,144.0,40.0,46,7.016,6.556442417331813,78.67730900798175,0.4666666666666667,0,0.0,0,0.0,1,0.021739130434782608,0,0,40.09090909090909,145.67857142857142,114.70833333333333,1,-40.0,96.0,144.0,0,67.5,147.0,91.0,1,80.0,200.0,120.0,0,11.222222222222221,122.5,98.85714285714286,1,16.0,160.0,104.0,0,52.1,144.2,111.33333333333333,1,-40.0,144.0,136.0,2,20.0,148.0,160.0,0,2.75,106.0625,138.3125,0,-40.0,98.0,124.75,1,-16.0,128.0,136.0,0,6.9375,133.5,137.5,1,120.0,264.0,184.0,0,110.52777777777779,229.22222222222226,258.61111111111114,1,-24.0,120.0,144.0,0,-42.666666666666664,117.33333333333333,130.66666666666666,0,-63.214285714285715,116.78571428571429,141.0,1,-80.0,104.0,120.0,1,-40.0,120.0,144.0,0,49.333333333333336,197.33333333333334,134.83333333333334,0,-60.0,92.0,116.5,1,-40.0,80.0,120.0,0,56.0,167.25,130.0,1,40.0,176.0,144.0
101079,1102928,138.25,29.011851026778693,136.0,40.0,6.555555555555555,93.66699617709276,-24.0,60.0,145.1851851851852,90.25972279094944,120.0,74.5,28,4.048,6.91699604743083,83.00395256916997,0.6666666666666666,0,0.0,1,0.03571428571428571,2,0.07142857142857142,0,0,40.09090909090909,145.67857142857142,114.70833333333333,1,24.0,165.0,120.0,0,67.5,147.0,91.0,0,25.796296296296294,167.33333333333334,127.61111111111111,0,11.222222222222221,122.5,98.85714285714286,0,-12.222222222222221,118.36111111111111,104.66666666666667,0,52.1,144.2,111.33333333333333,0,-34.7,120.8,143.0,1,-24.0,96.0,168.0,0,2.75,106.0625,138.3125,0,-40.0,98.0,124.75,1,-40.0,80.0,176.0,0,6.9375,133.5,137.5,0,99.75,243.5,161.0,0,110.52777777777779,229.22222222222226,258.61111111111114,1,-18.0,104.0,160.0,0,-42.666666666666664,117.33333333333333,130.66666666666666,0,-63.214285714285715,116.78571428571429,141.0,1,-56.0,128.0,120.0,0,-50.85416666666667,109.9375,128.64583333333334,0,49.333333333333336,197.33333333333334,134.83333333333334,1,-80.0,80.0,122.0,0,-20.666666666666668,89.16666666666667,138.5,0,56.0,167.25,130.0,0,-0.14285714285714285,135.28571428571428,146.85714285714286
101079,1102932,143.93478260869566,28.14357767028165,144.0,40.0,7.511111111111111,91.78419670854073,-24.0,88.0,152.33333333333334,92.92099392016375,120.0,64.0,46,6.959,6.610145135795373,79.32174162954448,0.6,0,0.0,0,0.0,3,0.06521739130434782,0,0,40.09090909090909,145.67857142857142,114.70833333333333,1,-24.0,120.0,144.0,0,67.5,147.0,91.0,0,25.796296296296294,167.33333333333334,127.61111111111111,0,11.222222222222221,122.5,98.85714285714286,0,-12.222222222222221,118.36111111111111,104.66666666666667,0,52.1,144.2,111.33333333333333,1,24.0,160.0,136.0,0,-4.222222222222222,125.33333333333333,141.86111111111111,0,2.75,106.0625,138.3125,1,-80.0,80.0,144.0,1,-24.0,160.0,144.0,1,-40.0,80.0,144.0,1,48.0,184.0,136.0,1,112.0,256.0,200.0,0,5.777777777777778,136.0,135.77777777777777,0,-42.666666666666664,117.33333333333333,130.66666666666666,1,-88.0,96.0,144.0,1,-64.0,104.0,120.0,2,-39.5,92.5,107.5,1,-40.0,96.0,184.0,1,-40.0,104.0,120.0,0,-20.666666666666668,89.16666666666667,138.5,0,56.0,167.25,130.0,0,-0.14285714285714285,135.28571428571428,146.85714285714286
101079,1102942,149.42857142857142,57.01342484226761,144.0,40.0,25.48148148148148,93.52455426067031,16.0,116.0,174.5185185185185,94.15604477767523,144.0,88.0,28,4.872,5.74712643678161,68.96551724137932,0.4444444444444444,0,0.0,0,0.0,4,0.14285714285714285,0,0,40.09090909090909,145.67857142857142,114.70833333333333,0,10.93939393939394,139.51515151515153,128.21212121212122,0,67.5,147.0,91.0,0,25.796296296296294,167.33333333333334,127.61111111111111,0,11.222222222222221,122.5,98.85714285714286,0,-12.222222222222221,118.36111111111111,104.66666666666667,0,52.1,144.2,111.33333333333333,1,-40.0,144.0,160.0,0,-4.222222222222222,125.33333333333333,141.86111111111111,0,2.75,106.0625,138.3125,0,-40.0,98.0,124.75,0,-15.333333333333334,122.58333333333333,156.66666666666666,1,-40.0,64.0,160.0,1,88.0,232.0,184.0,1,136.0,296.0,200.0,0,5.777777777777778,136.0,135.77777777777777,1,-56.0,104.0,136.0,0,-63.214285714285715,116.78571428571429,141.0,0,-28.0,137.33333333333334,109.5,0,-50.85416666666667,109.9375,128.64583333333334,0,49.333333333333336,197.33333333333334,134.83333333333334,0,-60.0,92.0,116.5,0,-20.666666666666668,89.16666666666667,138.5,0,56.0,167.25,130.0,0,-0.14285714285714285,135.28571428571428,146.85714285714286
101079,1102949,154.27272727272728,76.99066166406855,136.5,41.5,15.523809523809524,89.50318911456733,-16.0,64.0,172.14285714285714,147.77823981650786,121.0,65.0,22,3.72,5.913978494623656,70.96774193548387,0.6190476190476191,0,0.0,0,0.0,2,0.09090909090909091,1,0,40.09090909090909,145.67857142857142,114.70833333333333,0,10.93939393939394,139.51515151515153,128.21212121212122,0,67.5,147.0,91.0,1,-23.0,137.0,128.0,0,11.222222222222221,122.5,98.85714285714286,0,-12.222222222222221,118.36111111111111,104.66666666666667,0,52.1,144.2,111.33333333333333,0,-34.7,120.8,143.0,0,-4.222222222222222,125.33333333333333,141.86111111111111,0,2.75,106.0625,138.3125,0,-40.0,98.0,124.75,0,-15.333333333333334,122.58333333333333,156.66666666666666,0,6.9375,133.5,137.5,0,99.75,243.5,161.0,0,110.52777777777779,229.22222222222226,258.61111111111114,1,-16.0,104.0,160.0,0,-42.666666666666664,117.33333333333333,130.66666666666666,0,-63.214285714285715,116.78571428571429,141.0,0,-28.0,137.33333333333334,109.5,1,-65.0,96.0,120.0,0,49.333333333333336,197.33333333333334,134.83333333333334,0,-60.0,92.0,116.5,2,-4.0,107.5,160.5,0,56.0,167.25,130.0,0,-0.14285714285714285,135.28571428571428,146.85714285714286
101079,1102957,139.13793103448276,24.244052435143807,144.0,40.0,-12.392857142857142,63.76930480014563,-20.0,80.0,127.42857142857143,50.093789586155694,128.0,56.0,29,3.688,7.863340563991323,94.36008676789587,0.5714285714285714,0,0.0,0,0.0,3,0.10344827586206896,0,0,40.09090909090909,145.67857142857142,114.70833333333333,0,10.93939393939394,139.51515151515153,128.21212121212122,0,67.5,147.0,91.0,0,25.796296296296294,167.33333333333334,127.61111111111111,0,11.222222222222221,122.5,98.85714285714286,0,-12.222222222222221,118.36111111111111,104.66666666666667,0,52.1,144.2,111.33333333333333,0,-34.7,120.8,143.0,1,24.0,144.0,121.0,0,2.75,106.0625,138.3125,0,-40.0,98.0,124.75,0,-15.333333333333334,122.58333333333333,156.66666666666666,0,6.9375,133.5,137.5,1,16.0,160.0,168.0,1,16.0,160.0,161.0,1,-16.0,104.0,120.0,0,-42.666666666666664,117.33333333333333,130.66666666666666,0,-63.214285714285715,116.78571428571429,141.0,1,-64.0,120.0,121.0,1,-16.0,144.0,120.0,0,49.333333333333336,197.33333333333334,134.83333333333334,1,-80.0,80.0,120.0,0,-20.666666666666668,89.16666666666667,138.5,0,56.0,167.25,130.0,0,-0.14285714285714285,135.28571428571428,146.85714285714286
101079,1102965,131.921875,30.200012772917415,136.0,24.0,42.111111111111114,176.9263241076847,-16.0,72.0,174.22222222222223,172.01240675486585,120.0,56.0,64,11.096,5.767844268204758,69.2141312184571,0.5555555555555556,0,0.0,0,0.0,1,0.015625,0,0,40.09090909090909,145.67857142857142,114.70833333333333,0,10.93939393939394,139.51515151515153,128.21212121212122,0,67.5,147.0,91.0,0,25.796296296296294,167.33333333333334,127.61111111111111,0,11.222222222222221,122.5,98.85714285714286,1,40.0,184.0,56.0,0,52.1,144.2,111.33333333333333,1,-40.0,96.0,144.0,2,-24.0,100.0,124.0,1,-16.0,40.0,176.0,0,-40.0,98.0,124.75,1,-40.0,80.0,144.0,2,-27.5,112.0,148.0,1,24.0,184.0,120.0,0,110.52777777777779,229.22222222222226,258.61111111111114,1,16.0,160.0,120.0,0,-42.666666666666664,117.33333333333333,130.66666666666666,1,-56.0,144.0,136.0,0,-28.0,137.33333333333334,109.5,1,-80.0,144.0,144.0,1,312.0,456.0,96.0,0,-60.0,92.0,116.5,0,-20.666666666666668,89.16666666666667,138.5,1,56.0,160.0,136.0,2,24.0,152.0,148.0
101104,1103045,91.02941176470588,40.544445687721115,84.5,33.0,49.696969696969695,55.42643765223654,47.0,79.0,141.21212121212122,54.92847005673093,127.0,81.0,34,4.735,7.1805702217529035,86.16684266103483,0.12121212121212122,0,0.0,0,0.0,1,0.029411764705882353,0,0,40.09090909090909,145.67857142857142,114.70833333333333,1,15.0,97.0,86.0,0,78.61363636363636,140.8409090909091,72.54545454545455,1,16.0,105.0,53.0,0,11.222222222222221,122.5,98.85714285714286,2,15.5,84.5,54.5,0,52.1,144.2,111.33333333333333,0,5.0,112.83333333333333,86.33333333333333,0,54.857142857142854,159.14285714285714,80.85714285714286,1,47.0,96.0,82.0,2,101.5,214.0,90.5,1,48.0,144.0,90.0,0,122.4,220.75,78.1,0,77.66666666666667,160.0,71.66666666666667,0,142.66666666666666,228.75,347.6666666666667,1,110.0,208.0,84.0,0,-69.0,79.8,138.1,0,-47.916666666666664,98.41666666666667,95.5,1,-72.0,58.0,104.0,0,54.111111111111114,154.5,92.05555555555556,0,62.0,166.0,83.0,1,15.0,82.0,134.0,0,12.0,84.25,77.5,0,125.33333333333333,218.33333333333334,79.66666666666667,1,15.0,117.0,89.0
101104,1103052,107.7,96.56402021457059,84.0,49.25,44.86206896551724,92.25254846977215,31.0,93.0,154.0344827586207,101.25130318739733,123.0,67.0,30,4.532,6.619593998234775,79.4351279788173,0.27586206896551724,0,0.0,0,0.0,1,0.03333333333333333,0,0,40.09090909090909,145.67857142857142,114.70833333333333,1,-15.0,148.0,72.0,0,78.61363636363636,140.8409090909091,72.54545454545455,0,69.23333333333333,156.66666666666669,80.51666666666667,0,11.222222222222221,122.5,98.85714285714286,0,25.61111111111111,101.05555555555556,71.0,0,52.1,144.2,111.33333333333333,1,31.0,115.0,69.0,2,0.0,88.0,77.0,0,53.333333333333336,106.91666666666667,111.66666666666667,0,89.91666666666667,171.0,78.33333333333333,2,85.5,162.5,86.5,0,122.4,220.75,78.1,0,77.66666666666667,160.0,71.66666666666667,0,142.66666666666666,228.75,347.6666666666667,0,99.25,180.875,82.375,1,-51.0,55.0,147.0,0,-47.916666666666664,98.41666666666667,95.5,0,-42.833333333333336,103.5,102.0,0,54.111111111111114,154.5,92.05555555555556,0,62.0,166.0,83.0,0,109.16666666666667,187.0,84.83333333333333,0,12.0,84.25,77.5,0,125.33333333333333,218.33333333333334,79.66666666666667,0,5.375,116.375,85.25
101104,1103056,93.0,43.25765828151126,82.5,27.0,106.83544303797468,151.49653715219867,64.0,79.5,200.1012658227848,144.0156984179251,152.0,74.5,80,15.88,5.037783375314861,60.45340050377834,0.1518987341772152,0,0.0,4,0.05,3,0.0375,0,0,40.09090909090909,145.67857142857142,114.70833333333333,1,0.0,101.0,68.0,1,63.0,123.0,69.0,1,110.0,198.0,80.0,0,11.222222222222221,122.5,98.85714285714286,0,25.61111111111111,101.05555555555556,71.0,0,52.1,144.2,111.33333333333333,1,-47.0,49.0,111.0,0,54.857142857142854,159.14285714285714,80.85714285714286,0,53.333333333333336,106.91666666666667,111.66666666666667,0,89.91666666666667,171.0,78.33333333333333,1,94.0,170.0,58.0,1,738.0,818.0,96.0,0,77.66666666666667,160.0,71.66666666666667,1,110.0,187.0,241.0,1,103.0,153.0,86.0,0,-69.0,79.8,138.1,1,-41.0,104.0,73.0,0,-42.833333333333336,103.5,102.0,1,47.0,167.0,89.0,1,62.0,166.0,83.0,2,125.0,196.0,73.0,0,12.0,84.25,77.5,1,158.0,223.0,88.0,0,5.375,116.375,85.25
101104,1103065,92.1948051948052,63.46653458299924,80.0,33.0,81.98684210526316,120.76287045073657,63.0,78.25,174.67105263157896,110.995067239601,143.0,62.5,77,13.33,5.776444111027757,69.31732933233309,0.13157894736842105,0,0.0,14,0.18181818181818182,2,0.025974025974025976,0,0,40.09090909090909,145.67857142857142,114.70833333333333,2,0.0,115.5,85.0,11,79.45454545454545,144.36363636363637,67.18181818181819,3,20.666666666666668,127.0,85.66666666666667,0,11.222222222222221,122.5,98.85714285714286,2,27.5,97.0,59.5,0,52.1,144.2,111.33333333333333,0,5.0,112.83333333333333,86.33333333333333,1,15.0,131.0,117.0,2,36.0,95.5,91.0,2,78.0,150.0,79.5,0,97.5,175.92857142857142,90.07142857142857,1,16.0,119.0,100.0,0,77.66666666666667,160.0,71.66666666666667,1,32.0,152.0,222.0,0,99.25,180.875,82.375,1,-68.0,67.0,147.0,0,-47.916666666666664,98.41666666666667,95.5,0,-42.833333333333336,103.5,102.0,0,54.111111111111114,154.5,92.05555555555556,0,62.0,166.0,83.0,0,109.16666666666667,187.0,84.83333333333333,1,0.0,84.0,67.0,0,125.33333333333333,218.33333333333334,79.66666666666667,0,5.375,116.375,85.25
101104,1103072,98.74193548387096,56.05439048841845,85.5,29.75,93.75409836065573,132.62700757742047,78.0,103.0,192.9672131147541,125.30172989701336,158.0,96.0,62,11.841,5.236044253019171,62.83253103623005,0.14754098360655737,0,0.0,1,0.016129032258064516,1,0.016129032258064516,0,0,40.09090909090909,145.67857142857142,114.70833333333333,2,-24.5,97.0,99.0,0,78.61363636363636,140.8409090909091,72.54545454545455,0,69.23333333333333,156.66666666666669,80.51666666666667,0,11.222222222222221,122.5,98.85714285714286,0,25.61111111111111,101.05555555555556,71.0,0,52.1,144.2,111.33333333333333,0,5.0,112.83333333333333,86.33333333333333,1,48.0,132.0,71.0,0,53.333333333333336,106.91666666666667,111.66666666666667,1,110.0,185.0,90.0,1,125.0,196.0,91.0,1,78.0,199.0,74.0,0,77.66666666666667,160.0,71.66666666666667,0,142.66666666666666,228.75,347.6666666666667,0,99.25,180.875,82.375,1,-89.0,70.0,120.0,2,-42.5,114.0,77.0,0,-42.833333333333336,103.5,102.0,1,78.0,165.0,72.0,0,62.0,166.0,83.0,1,15.0,106.0,101.0,0,12.0,84.25,77.5,0,125.33333333333333,218.33333333333334,79.66666666666667,0,5.375,116.375,85.25
101104,1103083,97.69565217391305,92.80317403802087,80.5,31.75,83.86666666666666,98.07969548620481,79.0,97.0,181.6888888888889,96.6109775732257,169.0,88.0,46,8.268,5.563618771165941,66.76342525399129,0.13333333333333333,0,0.0,2,0.043478260869565216,2,0.043478260869565216,0,0,40.09090909090909,145.67857142857142,114.70833333333333,1,-37.0,86.0,91.0,0,78.61363636363636,140.8409090909091,72.54545454545455,2,39.0,118.0,93.5,0,11.222222222222221,122.5,98.85714285714286,1,16.0,101.0,53.0,0,52.1,144.2,111.33333333333333,0,5.0,112.83333333333333,86.33333333333333,0,54.857142857142854,159.14285714285714,80.85714285714286,1,79.0,132.0,123.0,1,63.0,119.0,85.0,0,97.5,175.92857142857142,90.07142857142857,1,93.0,185.0,76.0,1,93.0,176.0,75.0,0,142.66666666666666,228.75,347.6666666666667,0,99.25,180.875,82.375,0,-69.0,79.8,138.1,0,-47.916666666666664,98.41666666666667,95.5,0,-42.833333333333336,103.5,102.0,1,47.0,120.0,117.0,0,62.0,166.0,83.0,0,109.16666666666667,187.0,84.83333333333333,1,16.0,68.0,82.0,0,125.33333333333333,218.33333333333334,79.66666666666667,0,5.375,116.375,85.25
101104,1103092,97.0,56.51304396270859,80.0,50.0,134.28571428571428,186.32764098737033,59.0,164.5,232.75,176.18995937826392,148.5,167.0,29,6.573,4.411988437547543,52.94386125057051,0.14285714285714285,0,0.0,1,0.034482758620689655,1,0.034482758620689655,0,0,40.09090909090909,145.67857142857142,114.70833333333333,0,0.8076923076923077,124.92307692307692,86.3076923076923,0,78.61363636363636,140.8409090909091,72.54545454545455,0,69.23333333333333,156.66666666666669,80.51666666666667,0,11.222222222222221,122.5,98.85714285714286,0,25.61111111111111,101.05555555555556,71.0,0,52.1,144.2,111.33333333333333,0,5.0,112.83333333333333,86.33333333333333,1,16.0,131.0,55.0,0,53.333333333333336,106.91666666666667,111.66666666666667,1,94.0,180.0,65.0,0,97.5,175.92857142857142,90.07142857142857,1,190.0,258.0,77.0,0,77.66666666666667,160.0,71.66666666666667,0,142.66666666666666,228.75,347.6666666666667,1,66.0,142.0,62.0,0,-69.0,79.8,138.1,0,-47.916666666666664,98.41666666666667,95.5,0,-42.833333333333336,103.5,102.0,1,49.0,173.0,76.0,0,62.0,166.0,83.0,0,109.16666666666667,187.0,84.83333333333333,0,12.0,84.25,77.5,1,218.0,298.0,80.0,0,5.375,116.375,85.25
101104,1103097,97.69444444444444,47.84571236127669,84.0,25.25,73.85714285714286,83.22950811105495,78.0,109.5,171.68571428571428,63.511425936517874,164.0,71.0,36,6.102,5.899705014749262,70.79646017699115,0.11428571428571428,0,0.0,1,0.027777777777777776,1,0.027777777777777776,0,0,40.09090909090909,145.67857142857142,114.70833333333333,1,15.0,136.0,92.0,0,78.61363636363636,140.8409090909091,72.54545454545455,3,67.66666666666667,144.66666666666666,92.0,0,11.222222222222221,122.5,98.85714285714286,2,108.5,178.5,134.0,0,52.1,144.2,111.33333333333333,1,0.0,140.0,86.0,1,234.0,323.0,83.0,0,53.333333333333336,106.91666666666667,111.66666666666667,0,89.91666666666667,171.0,78.33333333333333,1,125.0,196.0,75.0,1,15.0,90.0,69.0,0,77.66666666666667,160.0,71.66666666666667,0,142.66666666666666,228.75,347.6666666666667,0,99.25,180.875,82.375,0,-69.0,79.8,138.1,0,-47.916666666666664,98.41666666666667,95.5,1,-16.0,200.0,85.0,1,78.0,164.0,89.0,0,62.0,166.0,83.0,0,109.16666666666667,187.0,84.83333333333333,1,16.0,91.0,79.0,0,125.33333333333333,218.33333333333334,79.66666666666667,0,5.375,116.375,85.25
101104,1103103,106.46774193548387,81.83356787031234,84.5,47.0,93.08196721311475,160.6928946659748,63.0,109.0,200.0983606557377,132.85437669549552,159.0,94.0,62,12.279,5.049271113282841,60.59125335939409,0.18032786885245902,0,0.0,1,0.016129032258064516,2,0.03225806451612903,0,0,40.09090909090909,145.67857142857142,114.70833333333333,2,82.0,189.0,78.0,0,78.61363636363636,140.8409090909091,72.54545454545455,1,63.0,128.0,86.0,0,11.222222222222221,122.5,98.85714285714286,2,15.5,102.0,62.0,0,52.1,144.2,111.33333333333333,1,62.0,163.0,85.0,1,125.0,210.0,77.0,1,47.0,101.0,115.0,0,89.91666666666667,171.0,78.33333333333333,0,97.5,175.92857142857142,90.07142857142857,1,31.0,158.0,65.0,0,77.66666666666667,160.0,71.66666666666667,1,250.0,334.0,680.0,1,78.0,202.0,52.0,1,-67.0,87.0,168.0,1,-37.0,103.0,84.0,1,16.0,150.0,95.0,1,16.0,135.0,124.0,0,62.0,166.0,83.0,1,470.0,551.0,79.0,0,12.0,84.25,77.5,0,125.33333333333333,218.33333333333334,79.66666666666667,0,5.375,116.375,85.25
101104,1103115,92.71794871794872,42.61873231937091,84.0,33.0,76.92105263157895,110.3256857001476,48.5,89.25,170.47368421052633,98.1965635699789,143.0,77.0,39,6.539,5.964214711729623,71.57057654075547,0.13157894736842105,0,0.0,1,0.02564102564102564,1,0.02564102564102564,0,0,40.09090909090909,145.67857142857142,114.70833333333333,2,-11.5,123.0,95.0,0,78.61363636363636,140.8409090909091,72.54545454545455,0,69.23333333333333,156.66666666666669,80.51666666666667,0,11.222222222222221,122.5,98.85714285714286,0,25.61111111111111,101.05555555555556,71.0,0,52.1,144.2,111.33333333333333,0,5.0,112.83333333333333,86.33333333333333,1,-54.0,99.0,86.0,0,53.333333333333336,106.91666666666667,111.66666666666667,0,89.91666666666667,171.0,78.33333333333333,0,97.5,175.92857142857142,90.07142857142857,0,122.4,220.75,78.1,0,77.66666666666667,160.0,71.66666666666667,0,142.66666666666666,228.75,347.6666666666667,1,45.0,131.0,120.0,0,-69.0,79.8,138.1,1,-54.0,80.0,116.0,0,-42.833333333333336,103.5,102.0,2,86.5,157.5,94.5,0,62.0,166.0,83.0,0,109.16666666666667,187.0,84.83333333333333,0,12.0,84.25,77.5,0,125.33333333333333,218.33333333333334,79.66666666666667,1,15.0,112.0,71.0
101104,1103124,103.23913043478261,76.0575253637748,82.0,31.0,57.28888888888889,97.12983801128655,47.0,67.0,161.57777777777778,88.9300571332797,132.0,77.0,46,7.327,6.278149310768391,75.33779172922068,0.1111111111111111,0,0.0,0,0.0,4,0.08695652173913043,0,0,40.09090909090909,145.67857142857142,114.70833333333333,2,0.0,156.5,63.5,0,78.61363636363636,140.8409090909091,72.54545454545455,2,142.0,220.0,86.5,0,11.222222222222221,122.5,98.85714285714286,0,25.61111111111111,101.05555555555556,71.0,0,52.1,144.2,111.33333333333333,0,5.0,112.83333333333333,86.33333333333333,0,54.857142857142854,159.14285714285714,80.85714285714286,0,53.333333333333336,106.91666666666667,111.66666666666667,1,93.0,178.0,60.0,1,63.0,150.0,72.0,2,0.0,91.5,61.0,1,62.0,137.0,69.0,3,178.66666666666666,242.0,247.66666666666666,1,376.0,431.0,87.0,0,-69.0,79.8,138.1,0,-47.916666666666664,98.41666666666667,95.5,1,-51.0,69.0,100.0,0,54.111111111111114,154.5,92.05555555555556,0,62.0,166.0,83.0,1,15.0,87.0,52.0,1,16.0,94.0,82.0,0,125.33333333333333,218.33333333333334,79.66666666666667,0,5.375,116.375,85.25
101104,1103134,96.51612903225806,41.628054256049985,85.0,40.5,100.23333333333333,218.03343525452445,38.5,94.75,197.53333333333333,206.12208895592815,114.5,78.75,31,6.061,5.11466754660947,61.37601055931364,0.2,0,0.0,0,0.0,2,0.06451612903225806,0,0,40.09090909090909,145.67857142857142,114.70833333333333,0,0.8076923076923077,124.92307692307692,86.3076923076923,0,78.61363636363636,140.8409090909091,72.54545454545455,0,69.23333333333333,156.66666666666669,80.51666666666667,0,11.222222222222221,122.5,98.85714285714286,1,31.0,100.0,53.0,0,52.1,144.2,111.33333333333333,1,0.0,109.0,69.0,0,54.857142857142854,159.14285714285714,80.85714285714286,0,53.333333333333336,106.91666666666667,111.66666666666667,0,89.91666666666667,171.0,78.33333333333333,0,97.5,175.92857142857142,90.07142857142857,0,122.4,220.75,78.1,0,77.66666666666667,160.0,71.66666666666667,0,142.66666666666666,228.75,347.6666666666667,0,99.25,180.875,82.375,0,-69.0,79.8,138.1,1,-45.0,93.0,94.0,1,-51.0,73.0,114.0,0,54.111111111111114,154.5,92.05555555555556,0,62.0,166.0,83.0,1,15.0,100.0,70.0,0,12.0,84.25,77.5,0,125.33333333333333,218.33333333333334,79.66666666666667,2,-19.0,97.0,85.5
101104,1103144,106.0,42.34407170033682,98.0,48.0,105.35416666666667,163.30881911062107,62.5,134.5,212.10416666666666,152.0716990412929,165.0,105.75,49,10.251,4.780021461320847,57.36025753585017,0.1875,0,0.0,3,0.061224489795918366,1,0.02040816326530612,0,0,40.09090909090909,145.67857142857142,114.70833333333333,1,16.0,136.0,102.0,1,78.0,146.0,82.0,1,94.0,211.0,74.0,0,11.222222222222221,122.5,98.85714285714286,2,23.5,99.0,103.0,0,52.1,144.2,111.33333333333333,1,-16.0,101.0,98.0,0,54.857142857142854,159.14285714285714,80.85714285714286,0,53.333333333333336,106.91666666666667,111.66666666666667,0,89.91666666666667,171.0,78.33333333333333,1,142.0,213.0,158.0,1,47.0,170.0,105.0,0,77.66666666666667,160.0,71.66666666666667,0,142.66666666666666,228.75,347.6666666666667,0,99.25,180.875,82.375,2,-70.0,120.0,108.5,2,-68.0,96.5,129.0,0,-42.833333333333336,103.5,102.0,0,54.111111111111114,154.5,92.05555555555556,0,62.0,166.0,83.0,0,109.16666666666667,187.0,84.83333333333333,0,12.0,84.25,77.5,1,0.0,134.0,71.0,2,10.5,139.5,95.5
101104,1103157,95.18181818181819,46.74071260556511,85.0,38.5,41.95238095238095,58.180733343833886,46.0,79.0,139.33333333333334,44.600163712419295,130.0,79.0,22,2.975,7.394957983193277,88.73949579831934,0.14285714285714285,0,0.0,0,0.0,1,0.045454545454545456,0,0,40.09090909090909,145.67857142857142,114.70833333333333,2,-17.0,105.5,88.0,0,78.61363636363636,140.8409090909091,72.54545454545455,2,78.0,170.0,69.5,0,11.222222222222221,122.5,98.85714285714286,2,31.0,100.5,66.0,0,52.1,144.2,111.33333333333333,0,5.0,112.83333333333333,86.33333333333333,0,54.857142857142854,159.14285714285714,80.85714285714286,1,47.0,99.0,119.0,0,89.91666666666667,171.0,78.33333333333333,0,97.5,175.92857142857142,90.07142857142857,0,122.4,220.75,78.1,0,77.66666666666667,160.0,71.66666666666667,0,142.66666666666666,228.75,347.6666666666667,1,16.0,103.0,85.0,0,-69.0,79.8,138.1,0,-47.916666666666664,98.41666666666667,95.5,1,-83.0,71.0,114.0,1,46.0,164.0,87.0,0,62.0,166.0,83.0,0,109.16666666666667,187.0,84.83333333333333,0,12.0,84.25,77.5,0,125.33333333333333,218.33333333333334,79.66666666666667,0,5.375,116.375,85.25
101104,1103168,90.06976744186046,41.47030057979415,83.0,25.0,108.9047619047619,141.09281131898848,71.0,105.75,199.71428571428572,130.65189767985362,155.5,81.0,43,8.447,5.09056469752575,61.08677637030899,0.11904761904761904,0,0.0,2,0.046511627906976744,1,0.023255813953488372,0,0,40.09090909090909,145.67857142857142,114.70833333333333,2,-12.5,133.5,102.5,1,94.0,150.0,72.0,1,62.0,145.0,85.0,0,11.222222222222221,122.5,98.85714285714286,1,-38.0,47.0,54.0,0,52.1,144.2,111.33333333333333,0,5.0,112.83333333333333,86.33333333333333,0,54.857142857142854,159.14285714285714,80.85714285714286,1,64.0,118.0,140.0,0,89.91666666666667,171.0,78.33333333333333,0,97.5,175.92857142857142,90.07142857142857,1,16.0,119.0,58.0,1,78.0,167.0,71.0,0,142.66666666666666,228.75,347.6666666666667,1,0.0,77.0,83.0,0,-69.0,79.8,138.1,0,-47.916666666666664,98.41666666666667,95.5,0,-42.833333333333336,103.5,102.0,2,39.5,145.0,80.0,0,62.0,166.0,83.0,0,109.16666666666667,187.0,84.83333333333333,0,12.0,84.25,77.5,0,125.33333333333333,218.33333333333334,79.66666666666667,0,5.375,116.375,85.25
101124,1103296,99.73913043478261,29.27414260624575,97.0,27.5,212.9111111111111,376.02427948927993,71.0,140.0,313.22222222222223,371.2512110800382,165.0,136.0,46,14.169,3.246524101912626,38.958289222951514,0.044444444444444446,0,0.0,4,0.08695652173913043,1,0.021739130434782608,0,0,40.09090909090909,145.67857142857142,114.70833333333333,1,30.0,131.0,90.0,2,105.0,223.5,78.0,2,161.5,254.0,106.5,0,11.222222222222221,122.5,98.85714285714286,1,60.0,172.0,80.0,0,52.1,144.2,111.33333333333333,1,-37.0,83.0,133.0,1,80.0,163.0,94.0,1,62.0,142.0,101.0,1,120.0,199.0,90.0,0,354.6666666666667,455.6666666666667,135.33333333333334,0,25.0,129.5,105.0,0,257.5833333333333,375.6666666666667,111.08333333333333,0,240.0,389.0,344.0,0,82.63333333333334,174.76666666666668,102.1,0,67.2,163.46666666666667,111.16666666666667,0,90.2,199.8,80.6,0,140.125,218.875,83.125,0,146.8,254.8,93.4,1,71.0,165.0,99.0,0,40.0,150.0,97.0,1,80.0,160.0,94.0,0,47.0,133.66666666666666,118.33333333333333,0,47.083333333333336,146.95833333333334,118.375
101124,1103319,87.76190476190476,24.500543748882997,77.0,40.0,145.3,134.93742994440052,81.0,100.0,233.65,131.97207090896165,168.5,108.5,21,4.749,4.421983575489577,53.06380290587492,0.0,0,0.0,0,0.0,0,0.0,0,0,40.09090909090909,145.67857142857142,114.70833333333333,0,40.38461538461539,146.3846153846154,113.01153846153846,0,94.30555555555556,180.8472222222222,76.30555555555556,1,232.0,352.0,91.0,0,11.222222222222221,122.5,98.85714285714286,0,58.44444444444444,154.22222222222223,90.16666666666667,0,52.1,144.2,111.33333333333333,0,44.28,157.2,113.32000000000001,0,89.29629629629629,175.2962962962963,105.83333333333333,0,223.4,308.95,103.6,0,127.94444444444444,212.5925925925926,93.74074074074073,0,354.6666666666667,455.6666666666667,135.33333333333334,0,25.0,129.5,105.0,0,257.5833333333333,375.6666666666667,111.08333333333333,0,240.0,389.0,344.0,0,82.63333333333334,174.76666666666668,102.1,0,67.2,163.46666666666667,111.16666666666667,0,90.2,199.8,80.6,0,140.125,218.875,83.125,0,146.8,254.8,93.4,0,240.8,345.9,88.1,0,40.0,150.0,97.0,0,61.5,145.875,137.125,0,47.0,133.66666666666666,118.33333333333333,0,47.083333333333336,146.95833333333334,118.375
101124,1103330,101.75,16.71810971095992,101.5,19.25,101.2156862745098,68.1872605333198,92.0,90.0,203.4313725490196,66.630457294638,193.0,87.0,52,10.453,4.974648426289104,59.695781115469245,0.0,0,0.0,0,0.0,0,0.0,0,0,40.09090909090909,145.67857142857142,114.70833333333333,4,73.0,174.5,114.25,0,94.30555555555556,180.8472222222222,76.30555555555556,2,65.0,184.5,93.5,0,11.222222222222221,122.5,98.85714285714286,1,40.0,137.0,97.0,0,52.1,144.2,111.33333333333333,1,70.0,193.0,110.0,1,110.0,181.0,103.0,1,82.0,179.0,98.0,0,127.94444444444444,212.5925925925926,93.74074074074073,1,182.0,292.0,131.0,1,50.0,159.0,100.0,1,40.0,143.0,147.0,0,240.0,389.0,344.0,0,82.63333333333334,174.76666666666668,102.1,0,67.2,163.46666666666667,111.16666666666667,1,70.0,190.0,80.0,2,170.0,263.0,83.5,0,146.8,254.8,93.4,0,240.8,345.9,88.1,0,40.0,150.0,97.0,1,10.0,123.0,87.0,0,47.0,133.66666666666666,118.33333333333333,1,30.0,137.0,119.0
101124,1103354,96.61363636363636,21.421331667597677,97.0,28.75,114.27906976744185,117.04666642012877,80.0,75.0,212.1627906976744,116.32511181479101,166.0,75.0,44,9.165,4.8008728859792695,57.61047463175123,0.0,0,0.0,1,0.022727272727272728,0,0.0,0,0,40.09090909090909,145.67857142857142,114.70833333333333,1,40.0,134.0,87.0,0,94.30555555555556,180.8472222222222,76.30555555555556,1,0.0,113.0,97.0,0,11.222222222222221,122.5,98.85714285714286,0,58.44444444444444,154.22222222222223,90.16666666666667,0,52.1,144.2,111.33333333333333,0,44.28,157.2,113.32000000000001,3,40.666666666666664,146.66666666666666,117.0,0,223.4,308.95,103.6,1,120.0,217.0,87.0,0,354.6666666666667,455.6666666666667,135.33333333333334,0,25.0,129.5,105.0,1,390.0,514.0,97.0,0,240.0,389.0,344.0,2,81.5,160.0,97.0,0,67.2,163.46666666666667,111.16666666666667,1,51.0,157.0,39.0,0,140.125,218.875,83.125,1,140.0,260.0,123.0,2,272.0,372.5,84.0,1,40.0,150.0,97.0,1,80.0,163.0,117.0,0,47.0,133.66666666666666,118.33333333333333,0,47.083333333333336,146.95833333333334,118.375
101124,1103389,101.71621621621621,20.17057012571766,97.0,32.5,183.73611111111111,214.32704715091865,90.0,135.5,285.8888888888889,218.73960645502396,193.0,145.25,74,28.579,2.5893138318345637,31.071765982014767,0.0,1,0.0136986301369863,3,0.04054054054054054,0,0.0,0,0,40.09090909090909,145.67857142857142,114.70833333333333,5,48.0,158.0,110.4,1,90.0,173.0,83.0,2,4168.0,4276.0,88.0,0,11.222222222222221,122.5,98.85714285714286,2,50.0,138.0,85.5,0,52.1,144.2,111.33333333333333,0,44.28,157.2,113.32000000000001,1,92.0,192.0,105.0,0,223.4,308.95,103.6,3,124.0,198.33333333333334,92.66666666666667,1,770.0,867.0,140.0,0,25.0,129.5,105.0,2,375.5,491.0,97.5,0,240.0,389.0,344.0,2,90.0,201.5,98.5,2,40.0,147.0,123.5,1,170.0,286.0,94.0,2,155.5,230.5,84.0,0,146.8,254.8,93.4,1,634.0,726.0,86.0,0,40.0,150.0,97.0,0,61.5,145.875,137.125,1,51.0,151.0,92.0,3,57.333333333333336,163.33333333333334,117.0
101124,1103426,98.40350877192982,29.37229847174172,94.0,26.0,165.73214285714286,215.11994088609435,86.0,139.25,264.17857142857144,227.1204138732562,168.0,121.25,57,14.89,3.828072531900604,45.93687038280725,0.03571428571428571,0,0.0,4,0.07017543859649122,0,0.0,1,0,40.09090909090909,145.67857142857142,114.70833333333333,1,30.0,144.0,96.0,2,90.0,177.5,72.0,2,66.0,184.5,102.5,0,11.222222222222221,122.5,98.85714285714286,1,52.0,135.0,88.0,0,52.1,144.2,111.33333333333333,1,60.0,166.0,101.0,0,89.29629629629629,175.2962962962963,105.83333333333333,1,40.0,128.0,114.0,2,161.0,258.5,87.5,0,354.6666666666667,455.6666666666667,135.33333333333334,1,0.0,100.0,110.0,0,257.5833333333333,375.6666666666667,111.08333333333333,0,240.0,389.0,344.0,0,82.63333333333334,174.76666666666668,102.1,0,67.2,163.46666666666667,111.16666666666667,1,30.0,136.0,120.0,0,140.125,218.875,83.125,0,146.8,254.8,93.4,0,240.8,345.9,88.1,0,40.0,150.0,97.0,1,60.0,161.0,275.0,0,47.0,133.66666666666666,118.33333333333333,2,41.0,157.5,132.5
101124,1103456,108.28205128205128,42.67404706877636,98.0,25.5,185.3684210526316,324.636997360747,110.0,131.0,294.13157894736844,320.1872125929348,196.5,170.25,39,11.267,3.461436052187805,41.53723262625366,0.02631578947368421,0,0.0,0,0.0,1,0.02564102564102564,1,0,40.09090909090909,145.67857142857142,114.70833333333333,2,70.0,165.0,142.0,0,94.30555555555556,180.8472222222222,76.30555555555556,0,494.3636363636364,606.3181818181819,97.22727272727273,0,11.222222222222221,122.5,98.85714285714286,0,58.44444444444444,154.22222222222223,90.16666666666667,0,52.1,144.2,111.33333333333333,0,44.28,157.2,113.32000000000001,1,40.0,133.0,120.0,1,1347.0,1394.0,93.0,1,110.0,188.0,100.0,0,354.6666666666667,455.6666666666667,135.33333333333334,0,25.0,129.5,105.0,1,160.0,311.0,125.0,0,240.0,389.0,344.0,3,80.66666666666667,185.33333333333334,113.0,0,67.2,163.46666666666667,111.16666666666667,0,90.2,199.8,80.6,2,115.0,204.0,85.0,1,162.0,342.0,94.0,2,115.0,244.0,77.5,0,40.0,150.0,97.0,0,61.5,145.875,137.125,0,47.0,133.66666666666666,118.33333333333333,0,47.083333333333336,146.95833333333334,118.375
101124,1103470,100.19298245614036,32.3025383807805,94.0,17.0,137.71428571428572,130.80161017544776,116.0,82.0,238.60714285714286,129.46658126043687,212.0,79.75,57,13.423,4.246442673023914,50.95731207628697,0.05357142857142857,0,0.0,0,0.0,1,0.017543859649122806,0,0,40.09090909090909,145.67857142857142,114.70833333333333,1,80.0,170.0,120.0,0,94.30555555555556,180.8472222222222,76.30555555555556,0,494.3636363636364,606.3181818181819,97.22727272727273,0,11.222222222222221,122.5,98.85714285714286,1,120.0,194.0,94.0,0,52.1,144.2,111.33333333333333,5,98.4,204.0,112.6,2,75.0,170.5,98.5,2,60.0,153.5,95.0,1,130.0,214.0,87.0,0,354.6666666666667,455.6666666666667,135.33333333333334,0,25.0,129.5,105.0,1,390.0,478.0,110.0,0,240.0,389.0,344.0,0,82.63333333333334,174.76666666666668,102.1,0,67.2,163.46666666666667,111.16666666666667,1,130.0,230.0,70.0,0,140.125,218.875,83.125,1,132.0,219.0,94.0,0,240.8,345.9,88.1,0,40.0,150.0,97.0,0,61.5,145.875,137.125,0,47.0,133.66666666666666,118.33333333333333,1,60.0,130.0,105.0
101124,1103487,108.55555555555556,41.70228107566276,100.0,21.0,145.54285714285714,195.1398535640006,90.0,91.0,253.85714285714286,193.73695611128326,190.0,76.5,36,9.002,3.999111308598089,47.98933570317707,0.08571428571428572,0,0.0,0,0.0,2,0.05555555555555555,0,0,40.09090909090909,145.67857142857142,114.70833333333333,0,40.38461538461539,146.3846153846154,113.01153846153846,0,94.30555555555556,180.8472222222222,76.30555555555556,0,494.3636363636364,606.3181818181819,97.22727272727273,0,11.222222222222221,122.5,98.85714285714286,0,58.44444444444444,154.22222222222223,90.16666666666667,0,52.1,144.2,111.33333333333333,0,44.28,157.2,113.32000000000001,1,86.0,159.0,107.0,0,223.4,308.95,103.6,0,127.94444444444444,212.5925925925926,93.74074074074073,0,354.6666666666667,455.6666666666667,135.33333333333334,0,25.0,129.5,105.0,0,257.5833333333333,375.6666666666667,111.08333333333333,0,240.0,389.0,344.0,0,82.63333333333334,174.76666666666668,102.1,0,67.2,163.46666666666667,111.16666666666667,0,90.2,199.8,80.6,1,120.0,178.0,80.0,0,146.8,254.8,93.4,0,240.8,345.9,88.1,0,40.0,150.0,97.0,1,40.0,127.0,146.0,0,47.0,133.66666666666666,118.33333333333333,0,47.083333333333336,146.95833333333334,118.375
101124,1103505,113.45454545454545,70.91398584503449,103.0,27.0,187.78125,256.6681630012525,102.0,192.5,302.28125,246.6323471251034,215.0,234.25,33,9.793,3.3697539058511183,40.43704687021342,0.0625,0,0.0,1,0.030303030303030304,1,0.030303030303030304,0,0,40.09090909090909,145.67857142857142,114.70833333333333,2,20.0,131.5,123.0,0,94.30555555555556,180.8472222222222,76.30555555555556,1,390.0,500.0,104.0,0,11.222222222222221,122.5,98.85714285714286,1,40.0,144.0,106.0,0,52.1,144.2,111.33333333333333,1,30.0,140.0,110.0,1,170.0,234.0,110.0,1,51.0,157.0,99.0,0,127.94444444444444,212.5925925925926,93.74074074074073,0,354.6666666666667,455.6666666666667,135.33333333333334,0,25.0,129.5,105.0,0,257.5833333333333,375.6666666666667,111.08333333333333,0,240.0,389.0,344.0,0,82.63333333333334,174.76666666666668,102.1,0,67.2,163.46666666666667,111.16666666666667,0,90.2,199.8,80.6,0,140.125,218.875,83.125,0,146.8,254.8,93.4,1,112.0,222.0,94.0,0,40.0,150.0,97.0,0,61.5,145.875,137.125,0,47.0,133.66666666666666,118.33333333333333,0,47.083333333333336,146.95833333333334,118.375
101124,1103521,101.96875,40.53893527755138,91.5,24.75,214.09677419354838,336.49534865583735,100.0,141.0,316.5483870967742,334.09848255534723,193.0,135.0,32,9.9,3.2323232323232323,38.78787878787879,0.03225806451612903,0,0.0,8,0.25,1,0.03125,0,0,40.09090909090909,145.67857142857142,114.70833333333333,1,20.0,137.0,96.0,4,87.5,176.25,78.5,0,494.3636363636364,606.3181818181819,97.22727272727273,0,11.222222222222221,122.5,98.85714285714286,0,58.44444444444444,154.22222222222223,90.16666666666667,0,52.1,144.2,111.33333333333333,0,44.28,157.2,113.32000000000001,2,110.0,198.5,98.0,0,223.4,308.95,103.6,0,127.94444444444444,212.5925925925926,93.74074074074073,1,112.0,208.0,135.0,0,25.0,129.5,105.0,0,257.5833333333333,375.6666666666667,111.08333333333333,0,240.0,389.0,344.0,0,82.63333333333334,174.76666666666668,102.1,1,90.0,174.0,113.0,0,90.2,199.8,80.6,0,140.125,218.875,83.125,0,146.8,254.8,93.4,0,240.8,345.9,88.1,0,40.0,150.0,97.0,0,61.5,145.875,137.125,1,40.0,127.0,160.0,0,47.083333333333336,146.95833333333334,118.375
101124,1103534,114.0,71.54097505004465,94.0,29.25,134.77777777777777,170.23759721686875,80.0,116.0,460.3333333333333,896.4197305578082,200.0,143.0,18,4.245,4.240282685512367,50.88339222614841,0.058823529411764705,0,0.0,0,0.0,1,0.05555555555555555,0,0,40.09090909090909,145.67857142857142,114.70833333333333,2,51.0,154.5,111.0,0,94.30555555555556,180.8472222222222,76.30555555555556,1,90.0,183.0,97.0,0,11.222222222222221,122.5,98.85714285714286,1,62.0,159.0,101.0,0,52.1,144.2,111.33333333333333,0,44.28,157.2,113.32000000000001,0,89.29629629629629,175.2962962962963,105.83333333333333,1,30.0,131.0,90.0,0,127.94444444444444,212.5925925925926,93.74074074074073,0,354.6666666666667,455.6666666666667,135.33333333333334,0,25.0,129.5,105.0,1,190.0,317.0,90.0,0,240.0,389.0,344.0,1,80.0,170.0,93.0,1,60.0,153.0,117.0,0,90.2,199.8,80.6,0,140.125,218.875,83.125,1,140.0,210.0,90.0,0,240.8,345.9,88.1,0,40.0,150.0,97.0,0,61.5,145.875,137.125,0,47.0,133.66666666666666,118.33333333333333,0,47.083333333333336,146.95833333333334,118.375
101124,1103544,101.27777777777777,43.4649354915425,94.5,23.25,169.25714285714287,205.53169277435993,90.0,75.0,271.14285714285717,205.62283681636183,180.0,78.5,36,9.61,3.746097814776275,44.9531737773153,0.02857142857142857,0,0.0,3,0.08333333333333333,1,0.027777777777777776,0,0,40.09090909090909,145.67857142857142,114.70833333333333,2,50.0,151.5,110.5,1,100.0,166.0,80.0,1,20.0,128.0,89.0,0,11.222222222222221,122.5,98.85714285714286,0,58.44444444444444,154.22222222222223,90.16666666666667,0,52.1,144.2,111.33333333333333,0,44.28,157.2,113.32000000000001,0,89.29629629629629,175.2962962962963,105.83333333333333,1,80.0,163.0,107.0,1,130.0,220.0,93.0,0,354.6666666666667,455.6666666666667,135.33333333333334,0,25.0,129.5,105.0,0,257.5833333333333,375.6666666666667,111.08333333333333,0,240.0,389.0,344.0,0,82.63333333333334,174.76666666666668,102.1,3,84.0,184.33333333333334,94.33333333333333,0,90.2,199.8,80.6,0,140.125,218.875,83.125,0,146.8,254.8,93.4,0,240.8,345.9,88.1,0,40.0,150.0,97.0,1,70.0,125.0,123.0,1,50.0,123.0,103.0,0,47.083333333333336,146.95833333333334,118.375
101124,1103558,105.29268292682927,61.846089019017555,90.0,32.0,181.075,201.64652086014277,120.5,162.5,287.4,194.10162286802242,217.5,180.25,41,11.56,3.546712802768166,42.560553633217985,0.075,0,0.0,8,0.1951219512195122,2,0.04878048780487805,0,0,40.09090909090909,145.67857142857142,114.70833333333333,1,-57.0,47.0,149.0,6,93.33333333333333,168.83333333333334,66.33333333333333,2,170.5,303.0,103.5,0,11.222222222222221,122.5,98.85714285714286,1,50.0,153.0,99.0,0,52.1,144.2,111.33333333333333,0,44.28,157.2,113.32000000000001,0,89.29629629629629,175.2962962962963,105.83333333333333,1,140.0,239.0,104.0,2,126.5,199.5,89.5,0,354.6666666666667,455.6666666666667,135.33333333333334,0,25.0,129.5,105.0,0,257.5833333333333,375.6666666666667,111.08333333333333,1,240.0,389.0,344.0,2,81.0,157.0,109.0,1,62.0,159.0,108.0,0,90.2,199.8,80.6,0,140.125,218.875,83.125,1,160.0,243.0,66.0,0,240.8,345.9,88.1,0,40.0,150.0,97.0,1,72.0,148.0,145.0,0,47.0,133.66666666666666,118.33333333333333,0,47.083333333333336,146.95833333333334,118.375
101124,1103581,106.32142857142857,35.2542333541343,102.0,40.0,203.92592592592592,276.49511762160853,102.0,144.0,311.22222222222223,267.48005579278913,210.0,131.5,28,8.483,3.300719085229282,39.60862902275138,0.037037037037037035,0,0.0,2,0.07142857142857142,1,0.03571428571428571,4,0,40.09090909090909,145.67857142857142,114.70833333333333,1,70.0,205.0,120.0,0,94.30555555555556,180.8472222222222,76.30555555555556,2,75.0,191.5,97.5,0,11.222222222222221,122.5,98.85714285714286,1,52.0,156.0,61.0,0,52.1,144.2,111.33333333333333,0,44.28,157.2,113.32000000000001,0,89.29629629629629,175.2962962962963,105.83333333333333,1,342.0,403.0,135.0,1,130.0,219.0,117.0,0,354.6666666666667,455.6666666666667,135.33333333333334,0,25.0,129.5,105.0,0,257.5833333333333,375.6666666666667,111.08333333333333,0,240.0,389.0,344.0,0,82.63333333333334,174.76666666666668,102.1,0,67.2,163.46666666666667,111.16666666666667,0,90.2,199.8,80.6,0,140.125,218.875,83.125,0,146.8,254.8,93.4,0,240.8,345.9,88.1,0,40.0,150.0,97.0,1,80.0,160.0,110.0,0,47.0,133.66666666666666,118.33333333333333,0,47.083333333333336,146.95833333333334,118.375
101129,1103351,91.0,125.38147505000205,64.0,25.5,40.8235294117647,40.20277323492182,48.0,48.25,131.97058823529412,113.27646692264685,112.0,51.25,35,4.573,7.653619068445221,91.84342882134266,0.08823529411764706,0,0.0,0,0.0,2,0.05714285714285714,0,19,47.73684210526316,114.73684210526316,70.47368421052632,0,16.0,124.38888888888889,103.5,0,80.375,146.625,69.375,0,50.0,155.0,100.1875,6,46.333333333333336,107.66666666666667,60.333333333333336,0,8.5,110.0,96.0,6,54.666666666666664,115.0,67.33333333333333,0,20.5,134.0,104.0,0,23.0,135.1818181818182,104.0,0,24.5,112.0,104.375,0,52.25,144.0,106.5,0,59.0,165.0,119.10416666666667,0,22.1,130.4,98.5,0,66.28571428571429,187.5,114.6,0,20.125,92.0,138.75,0,48.0,150.0,103.0,0,-15.466666666666669,117.4,113.88888888888889,0,-30.214285714285715,116.0,120.0,0,-20.75,119.25,101.33333333333333,0,37.25,153.0,107.66666666666667,0,74.0,178.0,103.71428571428571,0,16.0,134.28571428571428,97.0,0,35.75,133.5,106.66666666666667,0,64.5,160.0,99.6875,0,10.5,131.16666666666666,104.33333333333333
101129,1103358,78.67647058823529,40.31254409079963,68.5,16.0,47.63636363636363,33.73858341749522,48.0,24.0,125.54545454545455,42.262592463821775,120.0,33.0,34,4.247,8.005651047798446,96.06781257358135,0.030303030303030304,0,0.0,0,0.0,1,0.029411764705882353,1,26,52.15384615384615,124.0,73.42307692307692,0,16.0,124.38888888888889,103.5,0,80.375,146.625,69.375,0,50.0,155.0,100.1875,3,37.333333333333336,104.0,69.33333333333333,0,8.5,110.0,96.0,3,45.333333333333336,114.66666666666667,69.33333333333333,0,20.5,134.0,104.0,0,23.0,135.1818181818182,104.0,0,24.5,112.0,104.375,0,52.25,144.0,106.5,0,59.0,165.0,119.10416666666667,0,22.1,130.4,98.5,0,66.28571428571429,187.5,114.6,0,20.125,92.0,138.75,0,48.0,150.0,103.0,0,-15.466666666666669,117.4,113.88888888888889,0,-30.214285714285715,116.0,120.0,0,-20.75,119.25,101.33333333333333,0,37.25,153.0,107.66666666666667,0,74.0,178.0,103.71428571428571,0,16.0,134.28571428571428,97.0,0,35.75,133.5,106.66666666666667,0,64.5,160.0,99.6875,0,10.5,131.16666666666666,104.33333333333333
101129,1103369,77.04166666666667,33.20451671919884,72.0,16.0,39.608695652173914,33.505014719324556,40.0,36.0,116.52173913043478,32.43839588219812,113.0,33.0,24,2.76,8.695652173913045,104.34782608695652,0.043478260869565216,0,0.0,0,0.0,2,0.08333333333333333,0,13,52.15384615384615,120.46153846153847,72.76923076923077,0,16.0,124.38888888888889,103.5,0,80.375,146.625,69.375,0,50.0,155.0,100.1875,4,36.0,102.5,70.0,0,8.5,110.0,96.0,3,40.0,109.33333333333333,61.333333333333336,0,20.5,134.0,104.0,0,23.0,135.1818181818182,104.0,0,24.5,112.0,104.375,0,52.25,144.0,106.5,0,59.0,165.0,119.10416666666667,0,22.1,130.4,98.5,0,66.28571428571429,187.5,114.6,1,16.0,88.0,111.0,0,48.0,150.0,103.0,0,-15.466666666666669,117.4,113.88888888888889,0,-30.214285714285715,116.0,120.0,0,-20.75,119.25,101.33333333333333,0,37.25,153.0,107.66666666666667,0,74.0,178.0,103.71428571428571,0,16.0,134.28571428571428,97.0,0,35.75,133.5,106.66666666666667,0,64.5,160.0,99.6875,0,10.5,131.16666666666666,104.33333333333333
101129,1103373,92.66666666666667,111.04753736826204,64.0,16.0,48.885714285714286,60.52993187722274,55.0,60.5,142.11428571428573,92.00676106478618,119.0,52.5,36,5.047,7.1329502674856355,85.59540320982764,0.11428571428571428,0,0.0,1,0.027777777777777776,3,0.08333333333333333,0,18,63.27777777777778,126.11111111111111,62.05555555555556,0,16.0,124.38888888888889,103.5,0,80.375,146.625,69.375,0,50.0,155.0,100.1875,6,52.0,113.16666666666667,69.0,0,8.5,110.0,96.0,5,53.4,123.6,60.4,0,20.5,134.0,104.0,0,23.0,135.1818181818182,104.0,0,24.5,112.0,104.375,0,52.25,144.0,106.5,0,59.0,165.0,119.10416666666667,0,22.1,130.4,98.5,0,66.28571428571429,187.5,114.6,1,-15.0,48.0,136.0,0,48.0,150.0,103.0,0,-15.466666666666669,117.4,113.88888888888889,0,-30.214285714285715,116.0,120.0,0,-20.75,119.25,101.33333333333333,0,37.25,153.0,107.66666666666667,0,74.0,178.0,103.71428571428571,0,16.0,134.28571428571428,97.0,0,35.75,133.5,106.66666666666667,0,64.5,160.0,99.6875,0,10.5,131.16666666666666,104.33333333333333
101129,1103386,76.11627906976744,52.37574856092722,65.0,19.5,56.357142857142854,94.53339581952014,39.5,54.75,132.57142857142858,101.64741648911478,116.0,56.75,43,5.64,7.624113475177305,91.48936170212765,0.023809523809523808,0,0.0,0,0.0,1,0.023255813953488372,1,33,63.78787878787879,131.87878787878788,68.60606060606061,0,16.0,124.38888888888889,103.5,0,80.375,146.625,69.375,0,50.0,155.0,100.1875,4,38.0,102.25,74.25,0,8.5,110.0,96.0,4,39.5,113.75,56.25,0,20.5,134.0,104.0,0,23.0,135.1818181818182,104.0,0,24.5,112.0,104.375,0,52.25,144.0,106.5,0,59.0,165.0,119.10416666666667,0,22.1,130.4,98.5,0,66.28571428571429,187.5,114.6,0,20.125,92.0,138.75,0,48.0,150.0,103.0,0,-15.466666666666669,117.4,113.88888888888889,0,-30.214285714285715,116.0,120.0,0,-20.75,119.25,101.33333333333333,0,37.25,153.0,107.66666666666667,0,74.0,178.0,103.71428571428571,0,16.0,134.28571428571428,97.0,0,35.75,133.5,106.66666666666667,0,64.5,160.0,99.6875,0,10.5,131.16666666666666,104.33333333333333
101129,1103393,77.23728813559322,69.92837473190545,65.0,12.5,48.46551724137931,35.30615630464924,47.5,39.0,125.91379310344827,58.248659739726506,116.5,37.25,59,7.368,8.007600434310532,96.09120521172639,0.05172413793103448,0,0.0,0,0.0,2,0.03389830508474576,0,39,58.38461538461539,123.71794871794872,67.46153846153847,0,16.0,124.38888888888889,103.5,0,80.375,146.625,69.375,0,50.0,155.0,100.1875,8,46.5,119.25,67.125,0,8.5,110.0,96.0,8,28.5,95.625,58.5,0,20.5,134.0,104.0,0,23.0,135.1818181818182,104.0,0,24.5,112.0,104.375,0,52.25,144.0,106.5,0,59.0,165.0,119.10416666666667,0,22.1,130.4,98.5,0,66.28571428571429,187.5,114.6,0,20.125,92.0,138.75,0,48.0,150.0,103.0,0,-15.466666666666669,117.4,113.88888888888889,0,-30.214285714285715,116.0,120.0,0,-20.75,119.25,101.33333333333333,0,37.25,153.0,107.66666666666667,0,74.0,178.0,103.71428571428571,0,16.0,134.28571428571428,97.0,0,35.75,133.5,106.66666666666667,0,64.5,160.0,99.6875,0,10.5,131.16666666666666,104.33333333333333
101129,1103406,74.9041095890411,37.89284256106755,72.0,24.0,58.166666666666664,63.7917619202424,55.0,48.0,133.31944444444446,65.0127821596323,128.0,46.5,73,9.656,7.56006628003314,90.72079536039767,0.041666666666666664,0,0.0,2,0.0273972602739726,1,0.0136986301369863,0,48,52.854166666666664,122.66666666666667,70.02083333333333,0,16.0,124.38888888888889,103.5,1,70.0,135.0,73.0,0,50.0,155.0,100.1875,10,49.0,125.5,70.1,0,8.5,110.0,96.0,10,101.9,172.0,74.1,0,20.5,134.0,104.0,0,23.0,135.1818181818182,104.0,0,24.5,112.0,104.375,0,52.25,144.0,106.5,0,59.0,165.0,119.10416666666667,0,22.1,130.4,98.5,0,66.28571428571429,187.5,114.6,0,20.125,92.0,138.75,0,48.0,150.0,103.0,0,-15.466666666666669,117.4,113.88888888888889,0,-30.214285714285715,116.0,120.0,0,-20.75,119.25,101.33333333333333,0,37.25,153.0,107.66666666666667,0,74.0,178.0,103.71428571428571,0,16.0,134.28571428571428,97.0,0,35.75,133.5,106.66666666666667,0,64.5,160.0,99.6875,0,10.5,131.16666666666666,104.33333333333333
101129,1103417,76.51470588235294,46.779046543316056,71.0,26.5,56.17910447761194,49.28955730070551,63.0,51.5,132.76119402985074,50.02599012639862,128.0,64.0,68,8.967,7.583361213337794,91.00033456005353,0.07462686567164178,0,0.0,1,0.014705882352941176,3,0.04411764705882353,1,43,60.372093023255815,127.83720930232558,69.67441860465117,0,16.0,124.38888888888889,103.5,0,80.375,146.625,69.375,0,50.0,155.0,100.1875,9,55.77777777777778,130.44444444444446,68.33333333333333,0,8.5,110.0,96.0,7,72.14285714285714,138.28571428571428,58.285714285714285,0,20.5,134.0,104.0,0,23.0,135.1818181818182,104.0,0,24.5,112.0,104.375,0,52.25,144.0,106.5,0,59.0,165.0,119.10416666666667,0,22.1,130.4,98.5,0,66.28571428571429,187.5,114.6,2,40.0,116.0,164.0,0,48.0,150.0,103.0,0,-15.466666666666669,117.4,113.88888888888889,0,-30.214285714285715,116.0,120.0,0,-20.75,119.25,101.33333333333333,0,37.25,153.0,107.66666666666667,0,74.0,178.0,103.71428571428571,0,16.0,134.28571428571428,97.0,0,35.75,133.5,106.66666666666667,0,64.5,160.0,99.6875,0,10.5,131.16666666666666,104.33333333333333
101129,1103428,80.44736842105263,66.17071119000144,68.5,16.5,48.83783783783784,69.93994084251705,48.0,48.0,129.2972972972973,70.49472468852981,112.0,41.0,38,4.936,7.698541329011345,92.38249594813614,0.08108108108108109,0,0.0,3,0.07894736842105263,2,0.05263157894736842,1,19,38.89473684210526,108.73684210526316,68.42105263157895,0,16.0,124.38888888888889,103.5,2,83.5,151.5,68.5,0,50.0,155.0,100.1875,6,37.666666666666664,100.33333333333333,55.0,0,8.5,110.0,96.0,5,53.6,113.0,69.0,0,20.5,134.0,104.0,0,23.0,135.1818181818182,104.0,0,24.5,112.0,104.375,0,52.25,144.0,106.5,0,59.0,165.0,119.10416666666667,0,22.1,130.4,98.5,0,66.28571428571429,187.5,114.6,0,20.125,92.0,138.75,0,48.0,150.0,103.0,0,-15.466666666666669,117.4,113.88888888888889,0,-30.214285714285715,116.0,120.0,0,-20.75,119.25,101.33333333333333,0,37.25,153.0,107.66666666666667,0,74.0,178.0,103.71428571428571,0,16.0,134.28571428571428,97.0,0,35.75,133.5,106.66666666666667,0,64.5,160.0,99.6875,0,10.5,131.16666666666666,104.33333333333333
101129,1103437,74.0,48.93214524941327,68.0,14.25,46.868852459016395,39.276437440626054,40.0,40.0,120.63934426229508,47.71157634791367,112.0,40.0,62,7.447,8.325500201423392,99.9060024170807,0.01639344262295082,0,0.0,0,0.0,1,0.016129032258064516,1,44,49.5,115.81818181818181,65.5909090909091,0,16.0,124.38888888888889,103.5,0,80.375,146.625,69.375,0,50.0,155.0,100.1875,8,40.0,107.875,75.0,0,8.5,110.0,96.0,8,55.125,130.125,72.75,0,20.5,134.0,104.0,0,23.0,135.1818181818182,104.0,0,24.5,112.0,104.375,0,52.25,144.0,106.5,0,59.0,165.0,119.10416666666667,0,22.1,130.4,98.5,0,66.28571428571429,187.5,114.6,0,20.125,92.0,138.75,0,48.0,150.0,103.0,0,-15.466666666666669,117.4,113.88888888888889,0,-30.214285714285715,116.0,120.0,0,-20.75,119.25,101.33333333333333,0,37.25,153.0,107.66666666666667,0,74.0,178.0,103.71428571428571,0,16.0,134.28571428571428,97.0,0,35.75,133.5,106.66666666666667,0,64.5,160.0,99.6875,0,10.5,131.16666666666666,104.33333333333333
101129,1103441,70.68627450980392,46.878018677631104,64.0,16.0,43.08,37.602042497715466,40.0,30.0,113.74,47.602861258542006,111.5,48.0,51,5.759,8.855704115297794,106.26844938357353,0.06,0,0.0,5,0.09803921568627451,1,0.0196078431372549,0,25,36.56,100.56,66.76,0,16.0,124.38888888888889,103.5,4,80.0,144.0,64.0,0,50.0,155.0,100.1875,9,40.0,105.55555555555556,63.111111111111114,0,8.5,110.0,96.0,9,43.55555555555556,106.66666666666667,59.55555555555556,0,20.5,134.0,104.0,0,23.0,135.1818181818182,104.0,0,24.5,112.0,104.375,0,52.25,144.0,106.5,0,59.0,165.0,119.10416666666667,0,22.1,130.4,98.5,0,66.28571428571429,187.5,114.6,0,20.125,92.0,138.75,0,48.0,150.0,103.0,0,-15.466666666666669,117.4,113.88888888888889,0,-30.214285714285715,116.0,120.0,0,-20.75,119.25,101.33333333333333,0,37.25,153.0,107.66666666666667,0,74.0,178.0,103.71428571428571,0,16.0,134.28571428571428,97.0,0,35.75,133.5,106.66666666666667,0,64.5,160.0,99.6875,0,10.5,131.16666666666666,104.33333333333333
101129,1103451,76.83098591549296,31.130794461701473,72.0,16.0,47.44285714285714,44.35107849044154,46.5,48.0,124.91428571428571,41.70636911180109,116.0,32.0,71,8.776,8.09024612579763,97.08295350957157,0.07142857142857142,0,0.0,0,0.0,3,0.04225352112676056,0,47,49.744680851063826,121.55319148936171,70.0,0,16.0,124.38888888888889,103.5,0,80.375,146.625,69.375,0,50.0,155.0,100.1875,10,47.2,118.3,76.9,0,8.5,110.0,96.0,8,77.0,154.0,75.0,0,20.5,134.0,104.0,0,23.0,135.1818181818182,104.0,0,24.5,112.0,104.375,0,52.25,144.0,106.5,0,59.0,165.0,119.10416666666667,0,22.1,130.4,98.5,0,66.28571428571429,187.5,114.6,2,39.5,116.0,144.0,0,48.0,150.0,103.0,0,-15.466666666666669,117.4,113.88888888888889,0,-30.214285714285715,116.0,120.0,0,-20.75,119.25,101.33333333333333,0,37.25,153.0,107.66666666666667,0,74.0,178.0,103.71428571428571,0,16.0,134.28571428571428,97.0,0,35.75,133.5,106.66666666666667,0,64.5,160.0,99.6875,0,10.5,131.16666666666666,104.33333333333333
101129,1103463,77.21818181818182,37.5280214865401,72.0,20.5,34.68518518518518,36.59377809595611,40.0,40.0,111.70370370370371,32.361173369303756,111.5,32.0,55,6.12,8.986928104575163,107.84313725490195,0.09259259259259259,0,0.0,0,0.0,1,0.01818181818181818,0,35,37.91428571428571,108.14285714285714,72.71428571428571,0,16.0,124.38888888888889,103.5,0,80.375,146.625,69.375,0,50.0,155.0,100.1875,9,19.0,100.77777777777777,71.66666666666667,0,8.5,110.0,96.0,9,53.22222222222222,124.88888888888889,70.33333333333333,0,20.5,134.0,104.0,0,23.0,135.1818181818182,104.0,0,24.5,112.0,104.375,0,52.25,144.0,106.5,0,59.0,165.0,119.10416666666667,0,22.1,130.4,98.5,0,66.28571428571429,187.5,114.6,0,20.125,92.0,138.75,0,48.0,150.0,103.0,0,-15.466666666666669,117.4,113.88888888888889,0,-30.214285714285715,116.0,120.0,0,-20.75,119.25,101.33333333333333,0,37.25,153.0,107.66666666666667,0,74.0,178.0,103.71428571428571,0,16.0,134.28571428571428,97.0,0,35.75,133.5,106.66666666666667,0,64.5,160.0,99.6875,0,10.5,131.16666666666666,104.33333333333333
101129,1103471,70.66666666666667,48.46238927873011,64.0,16.0,54.5,48.40379550567123,56.0,40.0,125.2741935483871,55.8041417571569,112.0,40.75,63,7.831,8.044949559443237,96.53939471331886,0.04838709677419355,0,0.0,4,0.06349206349206349,1,0.015873015873015872,0,35,47.8,112.71428571428571,63.31428571428572,0,16.0,124.38888888888889,103.5,2,88.0,156.0,72.0,0,50.0,155.0,100.1875,10,65.6,123.8,68.8,0,8.5,110.0,96.0,10,52.1,120.9,66.3,0,20.5,134.0,104.0,0,23.0,135.1818181818182,104.0,0,24.5,112.0,104.375,0,52.25,144.0,106.5,0,59.0,165.0,119.10416666666667,0,22.1,130.4,98.5,0,66.28571428571429,187.5,114.6,0,20.125,92.0,138.75,0,48.0,150.0,103.0,0,-15.466666666666669,117.4,113.88888888888889,0,-30.214285714285715,116.0,120.0,0,-20.75,119.25,101.33333333333333,0,37.25,153.0,107.66666666666667,0,74.0,178.0,103.71428571428571,0,16.0,134.28571428571428,97.0,0,35.75,133.5,106.66666666666667,0,64.5,160.0,99.6875,0,10.5,131.16666666666666,104.33333333333333
101129,1103481,73.22222222222223,42.02057109395027,65.0,12.0,55.65384615384615,54.699136758546544,40.0,46.0,129.84615384615384,52.55889905451298,104.5,48.0,27,3.424,7.885514018691589,94.62616822429906,0.038461538461538464,0,0.0,1,0.037037037037037035,1,0.037037037037037035,0,15,51.733333333333334,116.26666666666667,65.06666666666666,0,16.0,124.38888888888889,103.5,0,80.375,146.625,69.375,0,50.0,155.0,100.1875,4,49.75,115.75,66.25,0,8.5,110.0,96.0,4,48.0,114.25,62.0,0,20.5,134.0,104.0,0,23.0,135.1818181818182,104.0,0,24.5,112.0,104.375,0,52.25,144.0,106.5,0,59.0,165.0,119.10416666666667,0,22.1,130.4,98.5,0,66.28571428571429,187.5,114.6,0,20.125,92.0,138.75,0,48.0,150.0,103.0,0,-15.466666666666669,117.4,113.88888888888889,0,-30.214285714285715,116.0,120.0,0,-20.75,119.25,101.33333333333333,0,37.25,153.0,107.66666666666667,0,74.0,178.0,103.71428571428571,0,16.0,134.28571428571428,97.0,0,35.75,133.5,106.66666666666667,0,64.5,160.0,99.6875,0,10.5,131.16666666666666,104.33333333333333
101130,1103381,106.49019607843137,176.17408642423135,79.0,27.0,346.6,334.9962387848556,220.0,382.75,453.62,360.5999938990571,336.0,423.75,51,22.761,2.2406748385396074,26.888098062475287,0.02,0,0.0,3,0.058823529411764705,1,0.0196078431372549,1,0,40.09090909090909,145.67857142857142,114.70833333333333,5,181.8,257.8,80.6,1,104.0,213.0,96.0,1,673.0,745.0,93.0,0,11.222222222222221,122.5,98.85714285714286,0,69.77777777777777,158.74074074074076,106.35185185185186,0,52.1,144.2,111.33333333333333,0,152.4761904761905,222.0952380952381,90.35714285714286,0,221.1818181818182,304.5,93.63636363636364,0,162.25,263.8,77.75,0,119.5625,238.4375,80.5625,3,545.3333333333334,629.0,71.0,0,118.83333333333333,195.0,94.88888888888889,0,922.55,1012.5,77.55,0,349.7291666666667,444.45833333333337,755.75,0,141.08333333333334,227.66666666666666,83.47222222222221,2,139.0,204.0,71.0,0,140.61111111111111,226.0,80.33333333333333,0,221.66666666666666,341.3333333333333,98.0,0,172.28571428571428,273.7142857142857,87.57142857142857,0,529.5,617.0,105.85714285714286,0,157.1,246.5,76.0,1,303.0,402.0,75.0,3,138.0,219.33333333333334,71.33333333333333,0,108.5,196.6,96.2
101130,1103413,80.88297872340425,22.957804209155764,80.0,26.75,445.5483870967742,604.1358445138236,223.0,379.0,526.3978494623656,605.8680813827264,291.0,359.0,94,49.039,1.9168416974244988,23.002100369093988,0.0,0,0.0,12,0.1276595744680851,0,0.0,1,0,40.09090909090909,145.67857142857142,114.70833333333333,4,102.5,186.75,92.25,9,131.11111111111111,221.33333333333334,90.77777777777777,1,618.0,741.0,83.0,0,11.222222222222221,122.5,98.85714285714286,1,85.0,168.0,99.0,0,52.1,144.2,111.33333333333333,3,135.66666666666666,202.0,99.33333333333333,1,145.0,205.0,56.0,1,127.0,226.0,99.0,0,119.5625,238.4375,80.5625,3,535.6666666666666,625.0,72.66666666666667,2,144.5,216.0,107.0,1,525.0,581.0,57.0,0,349.7291666666667,444.45833333333337,755.75,0,141.08333333333334,227.66666666666666,83.47222222222221,2,190.5,252.0,46.0,1,148.0,247.0,71.0,0,221.66666666666666,341.3333333333333,98.0,2,245.5,330.0,83.0,0,529.5,617.0,105.85714285714286,1,199.0,291.0,70.0,0,201.3,288.3,96.7,0,152.6,246.2666666666667,92.66666666666666,1,76.0,147.0,134.0
101130,1103467,96.91891891891892,84.13964530674453,83.0,22.0,554.75,674.8117175676981,280.0,700.5,652.8888888888889,671.4701026594051,360.5,704.0,37,23.557,1.5706584030224562,18.847900836269474,0.027777777777777776,0,0.0,0,0.0,1,0.02702702702702703,1,0,40.09090909090909,145.67857142857142,114.70833333333333,1,827.0,912.0,103.0,0,108.1888888888889,189.33333333333334,78.02222222222221,1,1682.0,1785.0,67.0,0,11.222222222222221,122.5,98.85714285714286,0,69.77777777777777,158.74074074074076,106.35185185185186,0,52.1,144.2,111.33333333333333,1,103.0,172.0,95.0,1,232.0,304.0,60.0,0,162.25,263.8,77.75,1,95.0,191.0,72.0,0,357.25,455.75,82.33333333333333,0,118.83333333333333,195.0,94.88888888888889,1,594.0,654.0,83.0,1,402.0,497.0,576.0,1,116.0,188.0,95.0,0,154.5,227.6,57.0,0,140.61111111111111,226.0,80.33333333333333,0,221.66666666666666,341.3333333333333,98.0,0,172.28571428571428,273.7142857142857,87.57142857142857,1,199.0,299.0,96.0,1,115.0,206.0,53.0,0,201.3,288.3,96.7,0,152.6,246.2666666666667,92.66666666666666,0,108.5,196.6,96.2
101130,1103497,86.0625,38.007349207094144,82.5,18.0,298.8510638297872,247.2880118338546,205.0,350.0,385.4468085106383,243.81932694506,281.0,360.0,48,18.177,2.6406997854431427,31.68839742531771,0.02127659574468085,0,0.0,2,0.041666666666666664,1,0.020833333333333332,0,0,40.09090909090909,145.67857142857142,114.70833333333333,4,83.5,164.25,91.75,0,108.1888888888889,189.33333333333334,78.02222222222221,1,118.0,201.0,52.0,0,11.222222222222221,122.5,98.85714285714286,0,69.77777777777777,158.74074074074076,106.35185185185186,0,52.1,144.2,111.33333333333333,1,141.0,228.0,98.0,1,106.0,193.0,97.0,2,82.5,204.5,83.5,0,119.5625,238.4375,80.5625,0,357.25,455.75,82.33333333333333,0,118.83333333333333,195.0,94.88888888888889,1,535.0,633.0,75.0,0,349.7291666666667,444.45833333333337,755.75,0,141.08333333333334,227.66666666666666,83.47222222222221,0,154.5,227.6,57.0,0,140.61111111111111,226.0,80.33333333333333,0,221.66666666666666,341.3333333333333,98.0,1,144.0,218.0,83.0,1,842.0,925.0,118.0,0,157.1,246.5,76.0,1,220.0,272.0,78.0,0,152.6,246.2666666666667,92.66666666666666,0,108.5,196.6,96.2
101130,1103525,97.890625,54.89567298166018,89.5,31.5,230.6031746031746,213.15070603210626,171.0,135.5,328.984126984127,204.51774418019406,265.0,153.5,64,20.793,3.077958928485548,36.935507141826584,0.031746031746031744,0,0.0,1,0.015625,2,0.03125,1,0,40.09090909090909,145.67857142857142,114.70833333333333,3,151.66666666666666,223.0,97.33333333333333,0,108.1888888888889,189.33333333333334,78.02222222222221,2,527.5,618.0,85.0,0,11.222222222222221,122.5,98.85714285714286,1,93.0,182.0,100.0,0,52.1,144.2,111.33333333333333,0,152.4761904761905,222.0952380952381,90.35714285714286,2,100.0,176.5,91.0,1,517.0,617.0,74.0,2,130.5,241.5,97.5,1,263.0,365.0,70.0,1,105.0,165.0,97.0,1,726.0,823.0,53.0,1,116.0,215.0,411.0,3,222.0,318.0,74.33333333333333,0,154.5,227.6,57.0,2,131.5,218.0,86.0,1,153.0,266.0,91.0,2,149.5,251.0,107.0,2,435.5,509.0,111.0,0,157.1,246.5,76.0,1,158.0,260.0,117.0,0,152.6,246.2666666666667,92.66666666666666,1,142.0,238.0,97.0
101130,1103552,175.26829268292684,386.73498989525126,96.0,43.0,208.1,459.9604765629325,169.0,303.0,385.8,244.3373896889299,282.0,253.25,41,15.51,2.643455834945197,31.721470019342355,0.075,0,0.0,2,0.04878048780487805,3,0.07317073170731707,0,0,40.09090909090909,145.67857142857142,114.70833333333333,2,74.5,159.5,95.0,0,108.1888888888889,189.33333333333334,78.02222222222221,1,134.0,252.0,93.0,0,11.222222222222221,122.5,98.85714285714286,1,58.0,151.0,118.0,0,52.1,144.2,111.33333333333333,0,152.4761904761905,222.0952380952381,90.35714285714286,1,430.0,556.0,108.0,2,129.5,212.0,85.0,1,70.0,203.0,103.0,0,357.25,455.75,82.33333333333333,1,87.0,171.0,120.0,0,922.55,1012.5,77.55,2,137.5,248.5,1425.0,1,74.0,177.0,118.0,0,154.5,227.6,57.0,0,140.61111111111111,226.0,80.33333333333333,0,221.66666666666666,341.3333333333333,98.0,0,172.28571428571428,273.7142857142857,87.57142857142857,1,484.0,604.0,133.0,0,157.1,246.5,76.0,0,201.3,288.3,96.7,0,152.6,246.2666666666667,92.66666666666666,0,108.5,196.6,96.2
101130,1103575,92.85714285714286,57.22327674435067,87.0,24.0,269.93548387096774,275.37117888451894,157.0,189.0,363.2903225806452,269.4127656467754,257.0,228.25,63,22.586,2.7893385282918626,33.47206233950235,0.016129032258064516,0,0.0,1,0.015873015873015872,1,0.015873015873015872,0,0,40.09090909090909,145.67857142857142,114.70833333333333,1,77.0,164.0,90.0,0,108.1888888888889,189.33333333333334,78.02222222222221,1,49.0,160.0,84.0,0,11.222222222222221,122.5,98.85714285714286,3,52.0,137.66666666666666,98.66666666666667,0,52.1,144.2,111.33333333333333,2,97.5,173.5,88.0,1,162.0,261.0,66.0,1,118.0,227.0,87.0,1,115.0,203.0,96.0,0,357.25,455.75,82.33333333333333,0,118.83333333333333,195.0,94.88888888888889,3,1106.0,1185.0,96.0,0,349.7291666666667,444.45833333333337,755.75,2,142.0,221.5,100.5,0,154.5,227.6,57.0,3,142.33333333333334,213.0,84.0,0,221.66666666666666,341.3333333333333,98.0,1,191.0,283.0,68.0,1,965.0,1042.0,88.0,0,157.1,246.5,76.0,0,201.3,288.3,96.7,0,152.6,246.2666666666667,92.66666666666666,1,109.0,200.0,81.0
101130,1103612,130.85365853658536,261.33088650734084,81.0,21.0,294.775,357.55555424996544,181.5,322.0,426.9,297.71813851359474,284.5,392.25,41,17.156,2.389834460247144,28.678013522965724,0.05,0,0.0,1,0.024390243902439025,2,0.04878048780487805,2,0,40.09090909090909,145.67857142857142,114.70833333333333,2,98.0,171.0,86.0,0,108.1888888888889,189.33333333333334,78.02222222222221,1,1377.0,1479.0,84.0,0,11.222222222222221,122.5,98.85714285714286,1,90.0,174.0,91.0,0,52.1,144.2,111.33333333333333,3,329.6666666666667,399.6666666666667,73.66666666666667,1,78.0,156.0,91.0,1,219.0,310.0,65.0,1,168.0,272.0,81.0,1,539.0,622.0,70.0,1,79.0,147.0,102.0,0,922.55,1012.5,77.55,1,166.0,247.0,1731.0,0,141.08333333333334,227.66666666666666,83.47222222222221,0,154.5,227.6,57.0,0,140.61111111111111,226.0,80.33333333333333,0,221.66666666666666,341.3333333333333,98.0,0,172.28571428571428,273.7142857142857,87.57142857142857,0,529.5,617.0,105.85714285714286,0,157.1,246.5,76.0,0,201.3,288.3,96.7,0,152.6,246.2666666666667,92.66666666666666,0,108.5,196.6,96.2
101130,1103647,100.97333333333333,85.07893955354376,86.0,39.0,281.92,362.88171663321185,162.0,165.5,425.18666666666667,474.9999773567247,256.0,179.5,75,28.799,2.604257092260148,31.251085107121774,0.05405405405405406,0,0.0,1,0.013333333333333334,3,0.04,1,0,40.09090909090909,145.67857142857142,114.70833333333333,2,90.5,163.5,79.0,0,108.1888888888889,189.33333333333334,78.02222222222221,3,361.6666666666667,457.0,70.33333333333333,0,11.222222222222221,122.5,98.85714285714286,2,89.5,154.5,110.5,0,52.1,144.2,111.33333333333333,0,152.4761904761905,222.0952380952381,90.35714285714286,1,78.0,143.0,92.0,2,74.0,184.5,47.0,1,97.0,286.0,93.0,1,71.0,181.0,123.0,1,32.0,118.0,114.0,1,1035.0,1144.0,80.0,3,184.33333333333334,298.6666666666667,458.0,0,141.08333333333334,227.66666666666666,83.47222222222221,1,164.0,250.0,53.0,0,140.61111111111111,226.0,80.33333333333333,0,221.66666666666666,341.3333333333333,98.0,0,172.28571428571428,273.7142857142857,87.57142857142857,0,529.5,617.0,105.85714285714286,2,118.5,223.5,94.0,1,129.0,223.0,112.0,1,137.0,217.0,109.0,0,108.5,196.6,96.2
101130,1103705,93.04761904761905,43.31517149490064,90.0,29.0,404.741935483871,498.2393172699975,181.5,440.5,497.6774193548387,494.78567449317165,276.5,433.0,63,30.956,2.035146659775165,24.421759917301976,0.016129032258064516,0,0.0,9,0.14285714285714285,1,0.015873015873015872,0,0,40.09090909090909,145.67857142857142,114.70833333333333,2,1055.5,1128.0,72.0,6,93.83333333333333,166.83333333333334,80.33333333333333,0,564.5972222222223,665.375,81.06944444444444,0,11.222222222222221,122.5,98.85714285714286,0,69.77777777777777,158.74074074074076,106.35185185185186,0,52.1,144.2,111.33333333333333,0,152.4761904761905,222.0952380952381,90.35714285714286,0,221.1818181818182,304.5,93.63636363636364,0,162.25,263.8,77.75,1,92.0,214.0,81.0,1,47.0,154.0,95.0,0,118.83333333333333,195.0,94.88888888888889,2,542.5,605.0,103.5,0,349.7291666666667,444.45833333333337,755.75,2,144.5,215.5,57.0,0,154.5,227.6,57.0,0,140.61111111111111,226.0,80.33333333333333,1,122.0,256.0,118.0,1,100.0,235.0,113.0,0,529.5,617.0,105.85714285714286,0,157.1,246.5,76.0,0,201.3,288.3,96.7,2,302.0,413.5,101.0,2,63.5,156.0,80.0
101130,1103761,98.41379310344827,70.40107622677533,89.0,23.0,302.70175438596493,410.9121631034981,164.0,198.0,401.6666666666667,406.54415756075457,270.0,206.0,58,22.962,2.525912376970647,30.310948523647767,0.017543859649122806,0,0.0,3,0.05172413793103448,1,0.017241379310344827,0,0,40.09090909090909,145.67857142857142,114.70833333333333,2,97.0,181.5,87.5,2,112.5,176.5,59.5,0,564.5972222222223,665.375,81.06944444444444,0,11.222222222222221,122.5,98.85714285714286,1,43.0,164.0,133.0,0,52.1,144.2,111.33333333333333,0,152.4761904761905,222.0952380952381,90.35714285714286,1,111.0,199.0,136.0,0,162.25,263.8,77.75,1,189.0,297.0,21.0,1,293.0,385.0,87.0,1,55.0,127.0,82.0,1,873.0,1009.0,78.0,0,349.7291666666667,444.45833333333337,755.75,1,148.0,246.0,56.0,0,154.5,227.6,57.0,0,140.61111111111111,226.0,80.33333333333333,1,390.0,502.0,85.0,1,198.0,295.0,86.0,1,152.0,208.0,108.0,1,167.0,254.0,98.0,0,201.3,288.3,96.7,1,104.0,194.0,94.0,0,108.5,196.6,96.2
101130,1103878,88.95,21.17775956044454,87.5,21.25,315.38461538461536,318.72105120506603,187.0,287.5,405.3076923076923,322.11680902861485,267.0,285.0,40,15.858,2.522386177323748,30.268634127884976,0.0,0,0.0,0,0.0,0,0.0,0,0,40.09090909090909,145.67857142857142,114.70833333333333,2,301.5,381.0,102.5,0,108.1888888888889,189.33333333333334,78.02222222222221,1,738.0,851.0,85.0,0,11.222222222222221,122.5,98.85714285714286,0,69.77777777777777,158.74074074074076,106.35185185185186,0,52.1,144.2,111.33333333333333,0,152.4761904761905,222.0952380952381,90.35714285714286,0,221.1818181818182,304.5,93.63636363636364,1,122.0,237.0,79.0,0,119.5625,238.4375,80.5625,0,357.25,455.75,82.33333333333333,0,118.83333333333333,195.0,94.88888888888889,1,747.0,859.0,83.0,0,349.7291666666667,444.45833333333337,755.75,0,141.08333333333334,227.66666666666666,83.47222222222221,0,154.5,227.6,57.0,0,140.61111111111111,226.0,80.33333333333333,0,221.66666666666666,341.3333333333333,98.0,0,172.28571428571428,273.7142857142857,87.57142857142857,0,529.5,617.0,105.85714285714286,0,157.1,246.5,76.0,2,196.5,284.5,101.5,2,82.0,187.5,88.0,0,108.5,196.6,96.2
101130,1103902,100.62264150943396,85.51800569869953,84.0,30.0,279.36538461538464,268.9174186112614,188.5,172.75,381.1923076923077,257.69600743612756,281.0,208.5,53,19.86,2.6686807653575024,32.02416918429003,0.057692307692307696,0,0.0,1,0.018867924528301886,3,0.05660377358490566,0,0,40.09090909090909,145.67857142857142,114.70833333333333,2,112.0,193.5,92.0,0,108.1888888888889,189.33333333333334,78.02222222222221,1,108.0,212.0,77.0,0,11.222222222222221,122.5,98.85714285714286,2,74.5,155.0,100.5,0,52.1,144.2,111.33333333333333,1,150.0,196.0,84.0,1,853.0,942.0,121.0,2,128.0,208.0,61.5,0,119.5625,238.4375,80.5625,1,564.0,685.0,70.0,1,67.0,157.0,104.0,0,922.55,1012.5,77.55,2,322.0,419.5,368.5,0,141.08333333333334,227.66666666666666,83.47222222222221,1,146.0,215.0,59.0,0,140.61111111111111,226.0,80.33333333333333,0,221.66666666666666,341.3333333333333,98.0,0,172.28571428571428,273.7142857142857,87.57142857142857,1,629.0,732.0,87.0,0,157.1,246.5,76.0,0,201.3,288.3,96.7,0,152.6,246.2666666666667,92.66666666666666,0,108.5,196.6,96.2
101130,1103940,157.80519480519482,363.8702865411787,85.0,27.0,390.11842105263156,520.450765331697,169.5,243.75,548.7631578947369,568.145618574866,282.0,540.5,77,41.8,1.842105263157895,22.105263157894736,0.039473684210526314,0,0.0,3,0.03896103896103896,4,0.05194805194805195,0,0,40.09090909090909,145.67857142857142,114.70833333333333,4,39.75,139.0,83.0,2,99.5,169.0,63.5,2,389.0,483.5,99.5,0,11.222222222222221,122.5,98.85714285714286,2,43.0,142.5,106.5,0,52.1,144.2,111.33333333333333,2,110.5,183.5,94.5,0,221.1818181818182,304.5,93.63636363636364,2,105.5,212.0,96.5,0,119.5625,238.4375,80.5625,0,357.25,455.75,82.33333333333333,1,82.0,156.0,66.0,1,2542.0,2632.0,67.0,2,978.0,1076.0,717.5,0,141.08333333333334,227.66666666666666,83.47222222222221,1,133.0,217.0,56.0,0,140.61111111111111,226.0,80.33333333333333,0,221.66666666666666,341.3333333333333,98.0,1,178.0,304.0,73.0,0,529.5,617.0,105.85714285714286,2,186.0,258.0,65.0,0,201.3,288.3,96.7,0,152.6,246.2666666666667,92.66666666666666,1,152.0,242.0,89.0
101130,1104006,108.75,73.35521453857251,90.5,31.5,198.73684210526315,150.7430166333151,138.0,242.0,309.7894736842105,116.377145046597,267.0,182.0,20,5.951,3.360779700890607,40.32935641068728,0.10526315789473684,0,0.0,0,0.0,2,0.1,0,0,40.09090909090909,145.67857142857142,114.70833333333333,0,235.15833333333333,316.0571428571429,89.42380952380952,0,108.1888888888889,189.33333333333334,78.02222222222221,0,564.5972222222223,665.375,81.06944444444444,0,11.222222222222221,122.5,98.85714285714286,0,69.77777777777777,158.74074074074076,106.35185185185186,0,52.1,144.2,111.33333333333333,0,152.4761904761905,222.0952380952381,90.35714285714286,1,138.0,214.0,112.0,0,162.25,263.8,77.75,0,119.5625,238.4375,80.5625,0,357.25,455.75,82.33333333333333,1,418.0,498.0,62.0,0,922.55,1012.5,77.55,1,492.0,554.0,359.0,0,141.08333333333334,227.66666666666666,83.47222222222221,0,154.5,227.6,57.0,0,140.61111111111111,226.0,80.33333333333333,0,221.66666666666666,341.3333333333333,98.0,0,172.28571428571428,273.7142857142857,87.57142857142857,0,529.5,617.0,105.85714285714286,0,157.1,246.5,76.0,0,201.3,288.3,96.7,0,152.6,246.2666666666667,92.66666666666666,0,108.5,196.6,96.2
101144,1103541,95.75,27.282418462131563,95.0,18.0,117.0,180.02859855116435,62.0,70.5,213.62962962962962,172.57830174502286,147.0,65.5,28,5.84,4.794520547945206,57.534246575342465,0.14814814814814814,0,0.0,0,0.0,1,0.03571428571428571,0,0,40.09090909090909,145.67857142857142,114.70833333333333,0,226.375,342.025,96.46666666666667,0,193.21666666666664,254.81666666666666,66.65,0,170.61111111111111,259.8333333333333,79.05555555555556,0,11.222222222222221,122.5,98.85714285714286,1,-11.0,132.0,85.0,0,52.1,144.2,111.33333333333333,1,47.0,134.0,90.0,0,142.35714285714286,240.88095238095235,96.19047619047619,1,63.0,163.0,86.0,1,62.0,147.0,108.0,1,250.0,340.0,97.0,0,57.92857142857143,168.85714285714286,93.14285714285714,0,186.61111111111111,278.22222222222223,116.83333333333333,0,265.0833333333333,361.6875,239.79166666666669,1,94.0,202.0,69.0,0,90.33333333333334,242.24761904761905,132.65714285714287,0,91.6111111111111,237.16666666666666,126.33333333333333,1,0.0,100.0,100.0,0,-0.75,106.75,116.25,0,101.375,197.75,102.875,1,-23.0,73.0,97.0,0,160.7,260.4,93.2,0,151.33333333333334,252.66666666666666,71.0,2,82.5,152.5,59.0
101144,1103559,131.23809523809524,46.99838372287241,120.0,51.0,200.15,219.39240529243486,133.0,286.25,332.1,206.32011535475644,261.0,263.25,21,6.759,3.1069684864624945,37.28362183754994,0.15,0,0.0,0,0.0,2,0.09523809523809523,0,0,40.09090909090909,145.67857142857142,114.70833333333333,0,226.375,342.025,96.46666666666667,0,193.21666666666664,254.81666666666666,66.65,0,170.61111111111111,259.8333333333333,79.05555555555556,0,11.222222222222221,122.5,98.85714285714286,0,52.5,154.11111111111111,82.83333333333333,0,52.1,144.2,111.33333333333333,1,62.0,172.0,136.0,1,471.0,591.0,96.0,0,115.25,195.5,104.375,0,114.59259259259261,215.92592592592592,102.25925925925927,1,31.0,127.0,147.0,0,57.92857142857143,168.85714285714286,93.14285714285714,1,390.0,484.0,109.0,0,265.0833333333333,361.6875,239.79166666666669,0,163.33333333333334,266.75,84.16666666666667,1,48.0,220.0,138.0,0,91.6111111111111,237.16666666666666,126.33333333333333,0,0.0,100.0,100.0,0,-0.75,106.75,116.25,1,78.0,214.0,76.0,0,41.5,165.21428571428572,94.07142857142857,0,160.7,260.4,93.2,0,151.33333333333334,252.66666666666666,71.0,1,642.0,794.0,94.0
101144,1103576,103.02739726027397,35.29793839404196,96.0,40.0,123.94444444444444,202.93430032134435,63.5,138.0,227.33333333333334,191.7357122012833,169.0,112.25,73,16.445,4.439039221647917,53.268470659775005,0.16666666666666666,0,0.0,1,0.0136986301369863,4,0.0547945205479452,0,0,40.09090909090909,145.67857142857142,114.70833333333333,3,42.666666666666664,144.66666666666666,108.0,0,193.21666666666664,254.81666666666666,66.65,1,47.0,162.0,74.0,0,11.222222222222221,122.5,98.85714285714286,2,15.5,85.0,89.5,0,52.1,144.2,111.33333333333333,1,64.0,188.0,71.0,0,142.35714285714286,240.88095238095235,96.19047619047619,1,15.0,113.0,88.0,3,37.0,159.66666666666666,101.0,1,78.0,169.0,120.0,0,57.92857142857143,168.85714285714286,93.14285714285714,1,63.0,125.0,85.0,3,218.66666666666666,302.0,221.33333333333334,2,103.5,205.5,81.5,0,90.33333333333334,242.24761904761905,132.65714285714287,1,-38.0,118.0,96.0,0,0.0,100.0,100.0,0,-0.75,106.75,116.25,1,63.0,134.0,147.0,2,15.5,144.5,95.5,0,160.7,260.4,93.2,0,151.33333333333334,252.66666666666666,71.0,0,183.41666666666666,294.9166666666667,86.66666666666667
101144,1103606,120.14285714285714,48.93463639852433,110.0,37.0,129.25,214.0062791134877,85.5,120.75,252.35,200.30508605624573,198.0,75.25,21,5.108,4.111198120595145,49.33437744714175,0.25,0,0.0,0,0.0,1,0.047619047619047616,0,0,40.09090909090909,145.67857142857142,114.70833333333333,0,226.375,342.025,96.46666666666667,0,193.21666666666664,254.81666666666666,66.65,0,170.61111111111111,259.8333333333333,79.05555555555556,0,11.222222222222221,122.5,98.85714285714286,0,52.5,154.11111111111111,82.83333333333333,0,52.1,144.2,111.33333333333333,0,309.15,417.2,91.55,1,94.0,200.0,101.0,0,115.25,195.5,104.375,1,-27.0,114.0,92.0,1,93.0,212.0,127.0,1,125.0,238.0,119.0,0,186.61111111111111,278.22222222222223,116.83333333333333,0,265.0833333333333,361.6875,239.79166666666669,0,163.33333333333334,266.75,84.16666666666667,1,-31.0,127.0,149.0,0,91.6111111111111,237.16666666666666,126.33333333333333,0,0.0,100.0,100.0,0,-0.75,106.75,116.25,0,101.375,197.75,102.875,0,41.5,165.21428571428572,94.07142857142857,0,160.7,260.4,93.2,0,151.33333333333334,252.66666666666666,71.0,0,183.41666666666666,294.9166666666667,86.66666666666667
101144,1103620,112.56666666666666,56.76776276099745,93.0,53.25,199.41379310344828,256.0291628380318,141.0,235.0,314.0689655172414,243.04447315956932,242.0,313.0,30,9.16,3.2751091703056767,39.301310043668124,0.1724137931034483,0,0.0,2,0.06666666666666667,2,0.06666666666666667,0,0,40.09090909090909,145.67857142857142,114.70833333333333,0,226.375,342.025,96.46666666666667,1,391.0,442.0,75.0,1,187.0,267.0,126.0,0,11.222222222222221,122.5,98.85714285714286,0,52.5,154.11111111111111,82.83333333333333,0,52.1,144.2,111.33333333333333,0,309.15,417.2,91.55,0,142.35714285714286,240.88095238095235,96.19047619047619,0,115.25,195.5,104.375,1,47.0,107.0,69.0,0,100.75,191.0625,122.0625,0,57.92857142857143,168.85714285714286,93.14285714285714,1,168.0,265.0,202.0,0,265.0833333333333,361.6875,239.79166666666669,0,163.33333333333334,266.75,84.16666666666667,0,90.33333333333334,242.24761904761905,132.65714285714287,0,91.6111111111111,237.16666666666666,126.33333333333333,0,0.0,100.0,100.0,0,-0.75,106.75,116.25,0,101.375,197.75,102.875,0,41.5,165.21428571428572,94.07142857142857,0,160.7,260.4,93.2,1,141.0,229.0,61.0,0,183.41666666666666,294.9166666666667,86.66666666666667
101144,1103641,110.88461538461539,40.25240262592736,105.0,57.5,222.83116883116884,372.01858641591224,110.0,252.0,334.3376623376623,371.5879791434136,212.0,207.0,78,25.807,3.0224357732398186,36.26922927887782,0.19480519480519481,0,0.0,8,0.10256410256410256,3,0.038461538461538464,0,0,40.09090909090909,145.67857142857142,114.70833333333333,3,239.33333333333334,362.3333333333333,89.66666666666667,4,93.75,159.75,64.25,0,170.61111111111111,259.8333333333333,79.05555555555556,0,11.222222222222221,122.5,98.85714285714286,1,328.0,491.0,46.0,0,52.1,144.2,111.33333333333333,0,309.15,417.2,91.55,0,142.35714285714286,240.88095238095235,96.19047619047619,1,203.0,249.0,126.0,0,114.59259259259261,215.92592592592592,102.25925925925927,1,125.0,196.0,139.0,2,31.0,145.0,87.5,0,186.61111111111111,278.22222222222223,116.83333333333333,2,343.5,433.5,158.0,1,369.0,465.0,82.0,5,-3.0,128.4,132.6,3,874.6666666666666,1009.0,132.0,0,0.0,100.0,100.0,0,-0.75,106.75,116.25,0,101.375,197.75,102.875,1,112.0,251.0,90.0,0,160.7,260.4,93.2,0,151.33333333333334,252.66666666666666,71.0,0,183.41666666666666,294.9166666666667,86.66666666666667
101144,1103709,108.95,74.34781435926682,94.0,34.5,208.3846153846154,351.8732008933095,94.0,226.0,317.5128205128205,334.45293040448496,187.0,198.5,40,12.485,3.2038446135362437,38.44613536243492,0.15384615384615385,0,0.0,3,0.075,2,0.05,0,0,40.09090909090909,145.67857142857142,114.70833333333333,1,125.0,236.0,109.0,1,125.0,180.0,89.0,2,65.5,177.0,85.5,0,11.222222222222221,122.5,98.85714285714286,0,52.5,154.11111111111111,82.83333333333333,0,52.1,144.2,111.33333333333333,0,309.15,417.2,91.55,3,48.0,138.66666666666666,96.33333333333333,0,115.25,195.5,104.375,0,114.59259259259261,215.92592592592592,102.25925925925927,0,100.75,191.0625,122.0625,1,47.0,153.0,120.0,1,455.0,551.0,95.0,1,15.0,128.0,467.0,0,163.33333333333334,266.75,84.16666666666667,0,90.33333333333334,242.24761904761905,132.65714285714287,0,91.6111111111111,237.16666666666666,126.33333333333333,0,0.0,100.0,100.0,1,-21.0,91.0,117.0,0,101.375,197.75,102.875,1,63.0,189.0,93.0,2,195.5,281.0,103.0,0,151.33333333333334,252.66666666666666,71.0,0,183.41666666666666,294.9166666666667,86.66666666666667
101144,1103736,114.8076923076923,39.13980782033833,104.0,47.25,164.16,249.46609869880118,94.0,140.0,281.04,247.43798899926423,179.0,136.0,26,7.089,3.667654112004514,44.01184934405417,0.24,0,0.0,1,0.038461538461538464,1,0.038461538461538464,0,0,40.09090909090909,145.67857142857142,114.70833333333333,1,359.0,465.0,76.0,0,193.21666666666664,254.81666666666666,66.65,1,487.0,585.0,96.0,0,11.222222222222221,122.5,98.85714285714286,1,79.0,250.0,101.0,0,52.1,144.2,111.33333333333333,1,99.0,213.0,87.0,0,142.35714285714286,240.88095238095235,96.19047619047619,0,115.25,195.5,104.375,0,114.59259259259261,215.92592592592592,102.25925925925927,1,47.0,134.0,134.0,0,57.92857142857143,168.85714285714286,93.14285714285714,0,186.61111111111111,278.22222222222223,116.83333333333333,0,265.0833333333333,361.6875,239.79166666666669,0,163.33333333333334,266.75,84.16666666666667,1,-48.0,139.0,122.0,0,91.6111111111111,237.16666666666666,126.33333333333333,0,0.0,100.0,100.0,0,-0.75,106.75,116.25,0,101.375,197.75,102.875,0,41.5,165.21428571428572,94.07142857142857,0,160.7,260.4,93.2,0,151.33333333333334,252.66666666666666,71.0,1,220.0,323.0,98.0
101144,1103747,100.23728813559322,42.14918580272022,91.0,46.0,177.6206896551724,231.281872180948,93.0,192.75,278.55172413793105,231.4652109418124,187.5,230.5,59,16.216,3.6383818450912675,43.66058214109521,0.10344827586206896,0,0.0,1,0.01694915254237288,2,0.03389830508474576,0,0,40.09090909090909,145.67857142857142,114.70833333333333,1,862.0,964.0,90.0,0,193.21666666666664,254.81666666666666,66.65,1,297.0,358.0,101.0,0,11.222222222222221,122.5,98.85714285714286,1,15.0,116.0,70.0,0,52.1,144.2,111.33333333333333,1,48.0,166.0,87.0,1,63.0,172.0,105.0,0,115.25,195.5,104.375,0,114.59259259259261,215.92592592592592,102.25925925925927,0,100.75,191.0625,122.0625,2,77.5,192.0,90.5,2,133.0,222.5,115.5,1,406.0,495.0,163.0,0,163.33333333333334,266.75,84.16666666666667,1,-48.0,86.0,137.0,2,-56.0,72.5,123.0,0,0.0,100.0,100.0,0,-0.75,106.75,116.25,0,101.375,197.75,102.875,0,41.5,165.21428571428572,94.07142857142857,1,420.0,535.0,81.0,0,151.33333333333334,252.66666666666666,71.0,1,31.0,157.0,61.0
101144,1103791,104.296875,39.40164958773141,97.5,35.5,188.77777777777777,333.19651689543844,94.0,225.5,293.984126984127,321.0484061837509,200.0,206.5,64,18.568,3.4467901766479963,41.361482119775964,0.12698412698412698,0,0.0,4,0.0625,3,0.046875,0,0,40.09090909090909,145.67857142857142,114.70833333333333,1,141.0,248.0,79.0,3,278.3333333333333,337.3333333333333,49.0,1,102.0,181.0,49.0,0,11.222222222222221,122.5,98.85714285714286,1,15.0,64.0,84.0,0,52.1,144.2,111.33333333333333,2,902.0,997.0,91.5,0,142.35714285714286,240.88095238095235,96.19047619047619,0,115.25,195.5,104.375,1,16.0,133.0,132.0,1,56.0,134.0,108.0,1,78.0,214.0,78.0,0,186.61111111111111,278.22222222222223,116.83333333333333,2,188.5,288.0,202.0,2,109.5,217.5,92.0,0,90.33333333333334,242.24761904761905,132.65714285714287,2,-84.0,86.5,131.0,0,0.0,100.0,100.0,1,-36.0,70.0,115.0,0,101.375,197.75,102.875,1,15.0,123.0,101.0,0,160.7,260.4,93.2,0,151.33333333333334,252.66666666666666,71.0,1,94.0,211.0,107.0
101144,1103820,104.75409836065573,35.74759225536594,99.0,28.0,183.1,325.8657545677361,109.5,167.75,288.6666666666667,321.49985311902645,194.0,197.0,61,17.376,3.5105893186003683,42.12707182320442,0.13333333333333333,0,0.0,1,0.01639344262295082,2,0.03278688524590164,1,0,40.09090909090909,145.67857142857142,114.70833333333333,0,226.375,342.025,96.46666666666667,0,193.21666666666664,254.81666666666666,66.65,1,147.0,239.0,71.0,0,11.222222222222221,122.5,98.85714285714286,2,16.5,95.5,74.5,0,52.1,144.2,111.33333333333333,2,66.0,173.0,94.5,0,142.35714285714286,240.88095238095235,96.19047619047619,0,115.25,195.5,104.375,3,48.333333333333336,166.66666666666666,114.33333333333333,0,100.75,191.0625,122.0625,0,57.92857142857143,168.85714285714286,93.14285714285714,2,195.5,286.5,122.0,1,565.0,660.0,253.0,2,242.0,360.5,93.5,0,90.33333333333334,242.24761904761905,132.65714285714287,1,-81.0,69.0,116.0,0,0.0,100.0,100.0,1,78.0,164.0,118.0,2,71.5,173.0,95.0,0,41.5,165.21428571428572,94.07142857142857,1,62.0,171.0,106.0,0,151.33333333333334,252.66666666666666,71.0,0,183.41666666666666,294.9166666666667,86.66666666666667
101144,1103846,118.19354838709677,56.16589445840042,108.0,42.0,107.13333333333334,152.45146404311404,78.0,90.0,224.4,141.82209512860354,180.5,92.0,31,6.878,4.507124164001163,54.08548996801396,0.16666666666666666,0,0.0,0,0.0,2,0.06451612903225806,0,0,40.09090909090909,145.67857142857142,114.70833333333333,1,31.0,177.0,90.0,0,193.21666666666664,254.81666666666666,66.65,1,109.0,199.0,44.0,0,11.222222222222221,122.5,98.85714285714286,0,52.5,154.11111111111111,82.83333333333333,0,52.1,144.2,111.33333333333333,0,309.15,417.2,91.55,0,142.35714285714286,240.88095238095235,96.19047619047619,0,115.25,195.5,104.375,1,31.0,132.0,118.0,0,100.75,191.0625,122.0625,0,57.92857142857143,168.85714285714286,93.14285714285714,0,186.61111111111111,278.22222222222223,116.83333333333333,0,265.0833333333333,361.6875,239.79166666666669,0,163.33333333333334,266.75,84.16666666666667,3,23.333333333333332,144.33333333333334,138.0,0,91.6111111111111,237.16666666666666,126.33333333333333,0,0.0,100.0,100.0,0,-0.75,106.75,116.25,0,101.375,197.75,102.875,0,41.5,165.21428571428572,94.07142857142857,1,63.0,136.0,86.0,1,203.0,300.0,76.0,0,183.41666666666666,294.9166666666667,86.66666666666667
101144,1103867,96.84507042253522,39.751569332941564,90.0,40.0,259.77142857142854,409.86036547057523,109.5,219.0,357.01428571428573,400.58120249946614,206.0,221.0,71,25.06,2.833200319233839,33.99840383080607,0.08571428571428572,0,0.0,2,0.028169014084507043,3,0.04225352112676056,0,0,40.09090909090909,145.67857142857142,114.70833333333333,2,202.0,302.5,92.5,1,78.0,155.0,56.0,0,170.61111111111111,259.8333333333333,79.05555555555556,0,11.222222222222221,122.5,98.85714285714286,1,-20.0,54.0,113.0,0,52.1,144.2,111.33333333333333,1,1647.0,1778.0,91.0,2,54.5,145.5,89.0,0,115.25,195.5,104.375,1,856.0,889.0,85.0,2,126.0,216.5,104.5,1,31.0,124.0,87.0,1,125.0,213.0,91.0,2,211.0,299.0,213.0,0,163.33333333333334,266.75,84.16666666666667,0,90.33333333333334,242.24761904761905,132.65714285714287,0,91.6111111111111,237.16666666666666,126.33333333333333,0,0.0,100.0,100.0,0,-0.75,106.75,116.25,0,101.375,197.75,102.875,1,93.0,245.0,94.0,1,63.0,179.0,90.0,0,151.33333333333334,252.66666666666666,71.0,0,183.41666666666666,294.9166666666667,86.66666666666667
101144,1103906,109.425,53.681415545792,100.0,35.5,145.23076923076923,232.87230588484803,78.0,150.0,255.82051282051282,220.03879282629907,169.0,141.0,40,10.041,3.9836669654416887,47.80400358530027,0.1282051282051282,0,0.0,0,0.0,1,0.025,0,0,40.09090909090909,145.67857142857142,114.70833333333333,1,219.0,346.0,131.0,0,193.21666666666664,254.81666666666666,66.65,0,170.61111111111111,259.8333333333333,79.05555555555556,0,11.222222222222221,122.5,98.85714285714286,0,52.5,154.11111111111111,82.83333333333333,0,52.1,144.2,111.33333333333333,2,47.0,144.0,90.5,1,94.0,169.0,106.0,0,115.25,195.5,104.375,0,114.59259259259261,215.92592592592592,102.25925925925927,0,100.75,191.0625,122.0625,0,57.92857142857143,168.85714285714286,93.14285714285714,1,78.0,184.0,89.0,0,265.0833333333333,361.6875,239.79166666666669,1,62.0,150.0,87.0,0,90.33333333333334,242.24761904761905,132.65714285714287,0,91.6111111111111,237.16666666666666,126.33333333333333,0,0.0,100.0,100.0,1,-24.0,102.0,115.0,0,101.375,197.75,102.875,1,15.0,131.0,88.0,0,160.7,260.4,93.2,1,110.0,229.0,76.0,0,183.41666666666666,294.9166666666667,86.66666666666667
101144,1103931,112.46376811594203,97.00255184304264,97.0,32.0,149.69117647058823,219.66875178409109,66.0,145.75,262.8382352941176,223.26913397315158,171.5,162.5,69,17.939,3.846368247951391,46.15641897541669,0.14705882352941177,0,0.0,1,0.014492753623188406,2,0.028985507246376812,0,0,40.09090909090909,145.67857142857142,114.70833333333333,4,42.75,174.75,99.5,0,193.21666666666664,254.81666666666666,66.65,2,94.0,170.5,65.0,0,11.222222222222221,122.5,98.85714285714286,2,34.5,99.5,82.5,0,52.1,144.2,111.33333333333333,2,109.5,207.0,77.0,2,172.0,270.0,80.0,2,180.0,257.0,117.5,1,-39.0,95.0,101.0,0,100.75,191.0625,122.0625,1,16.0,116.0,70.0,1,72.0,173.0,143.0,1,173.0,288.0,241.0,0,163.33333333333334,266.75,84.16666666666667,1,691.0,851.0,112.0,1,-66.0,68.0,160.0,0,0.0,100.0,100.0,0,-0.75,106.75,116.25,2,193.0,270.0,93.5,0,41.5,165.21428571428572,94.07142857142857,0,160.7,260.4,93.2,0,151.33333333333334,252.66666666666666,71.0,1,31.0,132.0,101.0
101226,1104728,125.54166666666667,62.23587244864849,115.0,32.25,130.95774647887325,188.0525425991902,64.0,125.5,256.7323943661972,177.3036670772935,188.0,120.0,72,18.337,3.92648742978677,47.11784915744124,0.08450704225352113,0,0.0,1,0.013888888888888888,2,0.027777777777777776,0,0,40.09090909090909,145.67857142857142,114.70833333333333,2,47.0,174.5,136.0,0,102.79545454545453,171.28896103896105,85.9155844155844,2,57.0,177.5,116.5,0,11.222222222222221,122.5,98.85714285714286,1,127.0,213.0,121.0,0,52.1,144.2,111.33333333333333,2,54.5,159.5,114.0,2,70.5,170.5,124.5,2,63.0,161.0,111.0,1,157.0,259.0,108.0,0,73.41666666666667,178.25,108.66666666666667,1,0.0,148.0,120.0,0,84.83333333333333,204.8125,155.02083333333334,1,424.0,544.0,502.0,2,8.0,152.0,120.5,0,-11.2,126.5,132.7,2,202.5,319.5,98.5,0,15.5,175.53030303030303,143.57575757575756,1,-56.0,169.0,180.0,1,251.0,381.0,102.0,0,15.714285714285714,150.5,122.78571428571429,1,62.0,153.0,122.0,0,168.25,306.25,135.625,0,3.9166666666666665,141.66666666666666,114.08333333333333
101226,1104751,107.15555555555555,41.43908812572204,98.0,33.0,93.68181818181819,166.84420777905802,47.0,97.75,201.22727272727272,164.9033964637759,157.5,78.5,45,8.944,5.031305903398926,60.375670840787116,0.09090909090909091,0,0.0,0,0.0,1,0.022222222222222223,3,0,40.09090909090909,145.67857142857142,114.70833333333333,3,93.33333333333333,207.33333333333334,127.66666666666667,0,102.79545454545453,171.28896103896105,85.9155844155844,0,47.52777777777778,165.33333333333334,111.82407407407408,0,11.222222222222221,122.5,98.85714285714286,0,69.65,174.95,104.3,0,52.1,144.2,111.33333333333333,1,31.0,131.0,117.0,1,94.0,203.0,120.0,1,188.0,325.0,98.0,2,125.0,205.5,82.0,1,47.0,164.0,74.0,0,37.233333333333334,151.83333333333331,115.2,0,84.83333333333333,204.8125,155.02083333333334,0,133.5,239.0,397.75,2,46.5,128.5,110.5,2,-9.0,112.0,112.5,1,46.0,144.0,72.0,1,-57.0,147.0,136.0,0,-7.5,172.9375,141.625,3,84.0,194.66666666666666,92.33333333333333,0,15.714285714285714,150.5,122.78571428571429,0,54.785714285714285,167.21428571428572,127.57142857142857,0,168.25,306.25,135.625,0,3.9166666666666665,141.66666666666666,114.08333333333333
101226,1104761,93.30882352941177,39.13072260458646,87.0,30.25,59.776119402985074,59.896383389566374,48.0,63.0,153.17910447761193,48.14341925028266,150.0,58.0,68,10.35,6.570048309178744,78.84057971014494,0.04477611940298507,0,0.0,0,0.0,1,0.014705882352941176,0,0,40.09090909090909,145.67857142857142,114.70833333333333,2,46.5,104.5,85.0,0,102.79545454545453,171.28896103896105,85.9155844155844,3,4.0,108.0,81.66666666666667,0,11.222222222222221,122.5,98.85714285714286,2,62.0,146.0,56.0,0,52.1,144.2,111.33333333333333,1,78.0,182.0,90.0,2,62.5,156.5,104.5,2,85.5,156.0,72.0,1,111.0,182.0,89.0,2,110.0,196.0,104.5,2,39.5,134.5,108.0,3,67.66666666666667,167.0,99.66666666666667,0,133.5,239.0,397.75,1,78.0,148.0,72.0,0,-11.2,126.5,132.7,1,-71.0,136.0,150.0,1,141.0,229.0,74.0,0,-7.5,172.9375,141.625,2,39.0,159.5,71.5,1,0.0,135.0,86.0,2,87.0,176.5,113.5,0,168.25,306.25,135.625,1,0.0,150.0,70.0
101226,1104776,115.6590909090909,79.4769672700606,89.5,38.5,109.74418604651163,226.5856881934623,63.0,102.0,226.51162790697674,219.69009590075927,162.0,64.0,44,9.808,4.486133768352365,53.833605220228385,0.18604651162790697,0,0.0,2,0.045454545454545456,3,0.06818181818181818,0,0,40.09090909090909,145.67857142857142,114.70833333333333,0,24.958333333333332,138.83333333333334,114.93055555555556,0,102.79545454545453,171.28896103896105,85.9155844155844,1,46.0,135.0,101.0,0,11.222222222222221,122.5,98.85714285714286,1,47.0,148.0,57.0,0,52.1,144.2,111.33333333333333,1,0.0,89.0,101.0,2,62.0,138.5,87.0,0,48.77777777777778,148.83333333333334,109.83333333333333,1,125.0,195.0,107.0,0,73.41666666666667,178.25,108.66666666666667,0,37.233333333333334,151.83333333333331,115.2,1,78.0,181.0,73.0,1,-79.0,55.0,362.0,2,501.0,662.0,118.0,0,-11.2,126.5,132.7,0,14.6875,174.75,139.9375,1,125.0,201.0,76.0,1,109.0,155.0,215.0,3,78.0,165.33333333333334,93.33333333333333,0,15.714285714285714,150.5,122.78571428571429,0,54.785714285714285,167.21428571428572,127.57142857142857,0,168.25,306.25,135.625,0,3.9166666666666665,141.66666666666666,114.08333333333333
101226,1104788,97.36,59.88981883425596,83.0,29.0,64.83333333333333,65.23078686905099,62.0,74.25,159.08333333333334,63.926335644152864,150.0,98.5,25,3.99,6.265664160401002,75.18796992481202,0.08333333333333333,0,0.0,0,0.0,2,0.08,0,0,40.09090909090909,145.67857142857142,114.70833333333333,1,47.0,148.0,89.0,0,102.79545454545453,171.28896103896105,85.9155844155844,0,47.52777777777778,165.33333333333334,111.82407407407408,0,11.222222222222221,122.5,98.85714285714286,0,69.65,174.95,104.3,0,52.1,144.2,111.33333333333333,0,12.3125,132.9375,109.5,0,82.38333333333333,184.68333333333334,118.46666666666667,0,48.77777777777778,148.83333333333334,109.83333333333333,1,141.0,202.0,57.0,0,73.41666666666667,178.25,108.66666666666667,0,37.233333333333334,151.83333333333331,115.2,0,84.83333333333333,204.8125,155.02083333333334,0,133.5,239.0,397.75,0,64.77272727272727,175.04545454545453,112.31818181818181,1,31.0,111.0,101.0,1,156.0,240.0,110.0,1,125.0,195.0,92.0,0,-7.5,172.9375,141.625,0,91.0,219.75,108.52777777777777,0,15.714285714285714,150.5,122.78571428571429,0,54.785714285714285,167.21428571428572,127.57142857142857,0,168.25,306.25,135.625,0,3.9166666666666665,141.66666666666666,114.08333333333333
101226,1104793,110.60714285714286,46.96985301059323,102.0,31.0,62.370370370370374,168.49181717643853,31.0,54.5,174.66666666666666,169.30205310386873,131.0,47.5,28,4.781,5.856515373352855,70.27818448023426,0.18518518518518517,0,0.0,0,0.0,1,0.03571428571428571,0,0,40.09090909090909,145.67857142857142,114.70833333333333,0,24.958333333333332,138.83333333333334,114.93055555555556,0,102.79545454545453,171.28896103896105,85.9155844155844,0,47.52777777777778,165.33333333333334,111.82407407407408,0,11.222222222222221,122.5,98.85714285714286,1,125.0,201.0,77.0,0,52.1,144.2,111.33333333333333,1,0.0,102.0,100.0,0,82.38333333333333,184.68333333333334,118.46666666666667,1,62.0,137.0,102.0,1,109.0,193.0,138.0,1,31.0,131.0,102.0,0,37.233333333333334,151.83333333333331,115.2,0,84.83333333333333,204.8125,155.02083333333334,0,133.5,239.0,397.75,1,0.0,138.0,115.0,0,-11.2,126.5,132.7,0,14.6875,174.75,139.9375,1,109.0,209.0,75.0,0,-7.5,172.9375,141.625,0,91.0,219.75,108.52777777777777,1,16.0,103.0,167.0,0,54.785714285714285,167.21428571428572,127.57142857142857,0,168.25,306.25,135.625,2,8.0,108.5,99.5
101226,1104802,105.41666666666667,48.34435219225601,98.0,28.25,41.54237288135593,60.898170642391,47.0,70.5,147.52542372881356,46.618304374854254,142.0,49.5,60,8.776,6.836827711941659,82.04193254329992,0.13559322033898305,0,0.0,0,0.0,1,0.016666666666666666,2,0,40.09090909090909,145.67857142857142,114.70833333333333,6,31.666666666666668,114.83333333333333,117.83333333333333,0,102.79545454545453,171.28896103896105,85.9155844155844,2,23.0,101.5,92.0,0,11.222222222222221,122.5,98.85714285714286,2,23.5,123.5,86.0,0,52.1,144.2,111.33333333333333,0,12.3125,132.9375,109.5,2,39.5,134.5,101.0,2,46.5,131.5,77.5,0,125.25,213.8125,115.125,1,65.0,164.0,117.0,0,37.233333333333334,151.83333333333331,115.2,2,-50.0,87.0,106.5,0,133.5,239.0,397.75,1,-48.0,86.0,69.0,2,78.0,172.5,89.0,0,14.6875,174.75,139.9375,0,15.5,175.53030303030303,143.57575757575756,1,-52.0,149.0,134.0,0,91.0,219.75,108.52777777777777,1,31.0,122.0,86.0,1,47.0,147.0,149.0,0,168.25,306.25,135.625,0,3.9166666666666665,141.66666666666666,114.08333333333333
101226,1104816,106.8409090909091,45.39420426653314,100.0,49.25,55.72093023255814,82.67569750098396,47.0,78.5,162.58139534883722,70.59390333981169,152.0,76.5,44,7.097,6.199802733549387,74.39763280259265,0.13953488372093023,0,0.0,0,0.0,1,0.022727272727272728,0,0,40.09090909090909,145.67857142857142,114.70833333333333,3,-6.0,88.33333333333333,110.66666666666667,0,102.79545454545453,171.28896103896105,85.9155844155844,2,47.0,164.0,89.0,0,11.222222222222221,122.5,98.85714285714286,1,140.0,214.0,75.0,0,52.1,144.2,111.33333333333333,0,12.3125,132.9375,109.5,1,63.0,150.0,165.0,1,32.0,107.0,101.0,0,125.25,213.8125,115.125,0,73.41666666666667,178.25,108.66666666666667,1,-15.0,87.0,99.0,1,0.0,122.0,133.0,0,133.5,239.0,397.75,1,47.0,121.0,133.0,0,-11.2,126.5,132.7,0,14.6875,174.75,139.9375,1,109.0,200.0,73.0,1,126.0,217.0,74.0,1,0.0,165.0,89.0,0,15.714285714285714,150.5,122.78571428571429,1,77.0,142.0,106.0,0,168.25,306.25,135.625,0,3.9166666666666665,141.66666666666666,114.08333333333333
101226,1104825,127.95061728395062,52.83351471742854,116.0,60.0,67.575,158.45967744192842,31.0,85.5,196.3875,144.1093763214247,150.5,93.75,81,15.77,5.136334812935955,61.63601775523146,0.25,0,0.0,7,0.08641975308641975,2,0.024691358024691357,0,0,40.09090909090909,145.67857142857142,114.70833333333333,2,0.0,110.0,99.5,4,82.25,162.75,75.0,0,47.52777777777778,165.33333333333334,111.82407407407408,0,11.222222222222221,122.5,98.85714285714286,0,69.65,174.95,104.3,0,52.1,144.2,111.33333333333333,0,12.3125,132.9375,109.5,0,82.38333333333333,184.68333333333334,118.46666666666667,0,48.77777777777778,148.83333333333334,109.83333333333333,0,125.25,213.8125,115.125,2,109.0,237.5,148.5,3,83.66666666666667,211.66666666666666,113.0,0,84.83333333333333,204.8125,155.02083333333334,1,32.0,147.0,319.0,2,62.5,159.0,119.0,1,-115.0,104.0,244.0,2,-77.0,115.0,161.0,1,-67.0,103.0,192.0,0,-7.5,172.9375,141.625,0,91.0,219.75,108.52777777777777,1,0.0,163.0,103.0,0,54.785714285714285,167.21428571428572,127.57142857142857,2,274.0,397.0,132.5,1,-39.0,131.0,149.0
101226,1104846,125.0,59.356068410423354,116.0,67.0,92.94736842105263,203.1522565347972,46.0,97.75,218.94736842105263,192.63914279081513,162.5,77.0,77,16.689,4.613817484570675,55.365809814848106,0.2236842105263158,0,0.0,14,0.18181818181818182,1,0.012987012987012988,0,0,40.09090909090909,145.67857142857142,114.70833333333333,2,54.5,168.0,111.5,11,191.8181818181818,252.27272727272728,62.90909090909091,4,7.25,141.0,134.75,0,11.222222222222221,122.5,98.85714285714286,1,31.0,157.0,132.0,0,52.1,144.2,111.33333333333333,0,12.3125,132.9375,109.5,2,0.0,110.5,147.0,1,-44.0,88.0,116.0,0,125.25,213.8125,115.125,0,73.41666666666667,178.25,108.66666666666667,0,37.233333333333334,151.83333333333331,115.2,0,84.83333333333333,204.8125,155.02083333333334,0,133.5,239.0,397.75,0,64.77272727272727,175.04545454545453,112.31818181818181,0,-11.2,126.5,132.7,0,14.6875,174.75,139.9375,1,-121.0,178.0,286.0,1,-15.0,194.0,120.0,0,91.0,219.75,108.52777777777777,0,15.714285714285714,150.5,122.78571428571429,2,47.0,172.0,104.5,0,168.25,306.25,135.625,0,3.9166666666666665,141.66666666666666,114.08333333333333
101226,1104863,133.65079365079364,68.42958580654886,119.0,59.5,87.83870967741936,174.06934042431027,47.5,106.0,222.82258064516128,167.08530988820365,183.0,81.0,63,13.866,4.543487667676331,54.521852012115964,0.1774193548387097,0,0.0,3,0.047619047619047616,2,0.031746031746031744,0,0,40.09090909090909,145.67857142857142,114.70833333333333,0,24.958333333333332,138.83333333333334,114.93055555555556,2,78.0,142.0,55.5,0,47.52777777777778,165.33333333333334,111.82407407407408,0,11.222222222222221,122.5,98.85714285714286,1,141.0,221.0,75.0,0,52.1,144.2,111.33333333333333,1,-33.0,124.0,102.0,2,78.0,168.0,128.0,0,48.77777777777778,148.83333333333334,109.83333333333333,0,125.25,213.8125,115.125,2,78.5,177.0,106.0,0,37.233333333333334,151.83333333333331,115.2,0,84.83333333333333,204.8125,155.02083333333334,1,157.0,210.0,408.0,0,64.77272727272727,175.04545454545453,112.31818181818181,0,-11.2,126.5,132.7,1,-55.0,120.0,180.0,0,15.5,175.53030303030303,143.57575757575756,0,-7.5,172.9375,141.625,0,91.0,219.75,108.52777777777777,1,32.0,171.0,72.0,0,54.785714285714285,167.21428571428572,127.57142857142857,2,31.5,199.5,129.0,0,3.9166666666666665,141.66666666666666,114.08333333333333
101226,1104878,140.59420289855072,101.00456566529157,119.0,60.0,108.5,180.66181438386639,72.0,175.0,250.0,168.30286076349526,197.5,166.75,69,17.079,4.040049183207447,48.480590198489374,0.22058823529411764,0,0.0,4,0.057971014492753624,2,0.028985507246376812,0,0,40.09090909090909,145.67857142857142,114.70833333333333,2,-26.5,124.5,101.5,1,62.0,135.0,104.0,1,94.0,228.0,76.0,0,11.222222222222221,122.5,98.85714285714286,0,69.65,174.95,104.3,0,52.1,144.2,111.33333333333333,1,32.0,160.0,134.0,1,32.0,151.0,102.0,1,78.0,184.0,105.0,0,125.25,213.8125,115.125,0,73.41666666666667,178.25,108.66666666666667,1,78.0,178.0,136.0,1,-52.0,98.0,146.0,0,133.5,239.0,397.75,1,-43.0,45.0,150.0,1,-41.0,133.0,117.0,2,2.0,203.5,153.0,3,-48.0,180.33333333333334,178.33333333333334,2,-26.0,202.5,120.0,0,91.0,219.75,108.52777777777777,0,15.714285714285714,150.5,122.78571428571429,0,54.785714285714285,167.21428571428572,127.57142857142857,0,168.25,306.25,135.625,2,-7.5,160.5,112.5
101226,1104898,131.45454545454547,74.46996177393653,106.0,62.5,54.31481481481482,133.85631103068502,31.0,105.0,187.14814814814815,123.8424039458584,149.5,87.75,55,10.163,5.41178785791597,64.94145429499164,0.2777777777777778,0,0.0,5,0.09090909090909091,1,0.01818181818181818,0,0,40.09090909090909,145.67857142857142,114.70833333333333,2,54.5,145.5,95.5,3,142.0,205.0,106.0,0,47.52777777777778,165.33333333333334,111.82407407407408,0,11.222222222222221,122.5,98.85714285714286,0,69.65,174.95,104.3,0,52.1,144.2,111.33333333333333,0,12.3125,132.9375,109.5,0,82.38333333333333,184.68333333333334,118.46666666666667,0,48.77777777777778,148.83333333333334,109.83333333333333,1,125.0,212.0,144.0,0,73.41666666666667,178.25,108.66666666666667,0,37.233333333333334,151.83333333333331,115.2,2,-7.0,124.5,161.0,0,133.5,239.0,397.75,2,-17.5,134.0,107.5,0,-11.2,126.5,132.7,0,14.6875,174.75,139.9375,0,15.5,175.53030303030303,143.57575757575756,1,-88.0,119.0,170.0,0,91.0,219.75,108.52777777777777,0,15.714285714285714,150.5,122.78571428571429,0,54.785714285714285,167.21428571428572,127.57142857142857,1,46.0,199.0,153.0,2,16.0,157.0,165.5
101226,1104909,137.94827586206895,57.01283050204519,125.0,80.0,83.0701754385965,139.91148325131593,47.0,110.0,221.94736842105263,126.40833598048624,188.0,101.0,58,12.736,4.5540201005025125,54.64824120603014,0.21052631578947367,0,0.0,4,0.06896551724137931,1,0.017241379310344827,0,0,40.09090909090909,145.67857142857142,114.70833333333333,2,54.5,222.5,146.0,2,85.5,148.0,64.0,1,64.0,205.0,169.0,0,11.222222222222221,122.5,98.85714285714286,1,0.0,149.0,122.0,0,52.1,144.2,111.33333333333333,1,-64.0,116.0,118.0,0,82.38333333333333,184.68333333333334,118.46666666666667,1,-72.0,50.0,206.0,0,125.25,213.8125,115.125,0,73.41666666666667,178.25,108.66666666666667,0,37.233333333333334,151.83333333333331,115.2,1,46.0,167.0,181.0,0,133.5,239.0,397.75,1,78.0,152.0,121.0,0,-11.2,126.5,132.7,1,-86.0,120.0,195.0,1,-73.0,136.0,213.0,0,-7.5,172.9375,141.625,0,91.0,219.75,108.52777777777777,1,31.0,206.0,242.0,1,32.0,199.0,170.0,0,168.25,306.25,135.625,1,46.0,143.0,88.0
101226,1104921,150.8985507246377,55.67690045500389,149.0,46.0,78.45588235294117,155.5808314428765,46.0,146.0,230.01470588235293,143.4095833871169,179.5,114.0,69,15.747,4.3817870070489615,52.58144408458754,0.2647058823529412,0,0.0,3,0.043478260869565216,1,0.014492753623188406,0,0,40.09090909090909,145.67857142857142,114.70833333333333,1,-97.0,58.0,159.0,1,78.0,154.0,134.0,2,85.5,228.0,146.5,0,11.222222222222221,122.5,98.85714285714286,1,0.0,177.0,242.0,0,52.1,144.2,111.33333333333333,0,12.3125,132.9375,109.5,3,322.3333333333333,464.3333333333333,105.66666666666667,0,48.77777777777778,148.83333333333334,109.83333333333333,1,109.0,262.0,196.0,0,73.41666666666667,178.25,108.66666666666667,0,37.233333333333334,151.83333333333331,115.2,1,596.0,692.0,340.0,0,133.5,239.0,397.75,0,64.77272727272727,175.04545454545453,112.31818181818181,0,-11.2,126.5,132.7,0,14.6875,174.75,139.9375,2,-72.5,152.5,184.0,1,-58.0,178.0,120.0,1,94.0,253.0,203.0,2,0.0,153.5,103.5,2,31.5,181.0,128.0,2,321.5,429.5,128.0,0,3.9166666666666665,141.66666666666666,114.08333333333333
101256,1114496,104.475,35.38996150040291,108.0,46.25,332.7692307692308,400.5693039392592,141.0,466.0,436.7435897435897,390.7259330612711,235.0,437.0,40,17.157,2.3314099201492104,27.976919041790524,0.05128205128205128,0,0.0,5,0.125,0,0.0,2,0,40.09090909090909,145.67857142857142,114.70833333333333,0,41.81481481481482,146.07407407407408,85.75925925925927,2,117.0,195.0,70.5,0,869.8333333333334,955.3571428571429,87.28571428571429,0,11.222222222222221,122.5,98.85714285714286,0,99.55,176.775,78.25,0,52.1,144.2,111.33333333333333,0,72.04166666666666,190.85416666666669,74.20833333333333,1,690.0,780.0,146.0,0,100.46666666666667,184.33333333333331,108.66666666666666,1,125.0,204.0,46.0,0,491.5833333333333,566.75,112.5,0,69.5,160.6,71.8,0,791.625,870.8125,103.8125,0,112.0,229.0,235.5,3,87.66666666666667,162.33333333333334,102.66666666666667,0,96.4,177.2,87.4,1,-32.0,172.0,124.0,0,337.8333333333333,408.5833333333333,73.75,0,366.73333333333335,445.4,74.53333333333333,1,811.0,919.0,79.0,0,155.0,271.11111111111114,75.38888888888889,0,51.75,133.25,92.25,0,102.8,175.0,89.2,0,79.83333333333333,174.83333333333334,69.0
101256,1114522,97.63636363636364,29.750801549495527,91.0,34.0,245.2,326.3170803422293,109.0,238.0,342.46153846153845,316.7762654727527,204.0,220.0,66,22.382,2.9487981413635955,35.38557769636314,0.03076923076923077,0,0.0,15,0.22727272727272727,0,0.0,0,0,40.09090909090909,145.67857142857142,114.70833333333333,2,1.0,120.0,77.5,12,108.33333333333333,197.58333333333334,85.33333333333333,0,869.8333333333334,955.3571428571429,87.28571428571429,0,11.222222222222221,122.5,98.85714285714286,0,99.55,176.775,78.25,0,52.1,144.2,111.33333333333333,1,62.0,231.0,47.0,0,152.16666666666669,233.65,102.55,2,46.0,130.0,119.0,1,171.0,250.0,95.0,0,491.5833333333333,566.75,112.5,0,69.5,160.6,71.8,1,1404.0,1451.0,121.0,0,112.0,229.0,235.5,0,78.90740740740742,150.14814814814815,92.51851851851853,0,96.4,177.2,87.4,0,10.75,161.66666666666666,128.5,0,337.8333333333333,408.5833333333333,73.75,0,366.73333333333335,445.4,74.53333333333333,0,3535.125,3626.5,75.25,0,155.0,271.11111111111114,75.38888888888889,0,51.75,133.25,92.25,0,102.8,175.0,89.2,0,79.83333333333333,174.83333333333334,69.0
101256,1114549,99.43243243243244,31.959890860467628,91.5,42.0,298.2083333333333,375.50857874132964,112.0,366.25,398.6666666666667,371.29656460690404,218.5,363.0,74,51.37,1.440529491921355,17.28635390305626,0.0273972602739726,1,0.0136986301369863,5,0.06756756756756757,0,0.0,0,0,40.09090909090909,145.67857142857142,114.70833333333333,3,40.333333333333336,153.66666666666666,60.333333333333336,3,89.0,176.66666666666666,71.33333333333333,3,578.3333333333334,667.0,123.33333333333333,0,11.222222222222221,122.5,98.85714285714286,4,176.5,296.25,84.5,0,52.1,144.2,111.33333333333333,3,30.333333333333332,138.33333333333334,88.66666666666667,1,97.0,187.0,124.0,3,96.33333333333333,201.66666666666666,115.33333333333333,1,79.0,141.0,109.0,0,491.5833333333333,566.75,112.5,0,69.5,160.6,71.8,0,791.625,870.8125,103.8125,0,112.0,229.0,235.5,1,94.0,156.0,90.0,1,30.0,140.0,141.0,2,38.5,190.5,154.5,1,156.0,219.0,91.0,0,366.73333333333335,445.4,74.53333333333333,2,11644.5,11715.0,70.0,3,182.0,337.6666666666667,87.33333333333333,0,51.75,133.25,92.25,1,171.0,234.0,79.0,0,79.83333333333333,174.83333333333334,69.0
101256,1114619,86.375,26.53034818844261,78.5,36.25,285.2258064516129,407.4946039363624,124.0,174.0,371.96774193548384,412.74537053115574,188.0,170.5,32,11.606,2.757194554540755,33.086334654489065,0.0,0,0.0,4,0.125,0,0.0,0,0,40.09090909090909,145.67857142857142,114.70833333333333,0,41.81481481481482,146.07407407407408,85.75925925925927,1,187.0,218.0,31.0,1,1263.0,1404.0,78.0,0,11.222222222222221,122.5,98.85714285714286,1,94.0,172.0,78.0,0,52.1,144.2,111.33333333333333,2,49.0,141.0,90.5,0,152.16666666666669,233.65,102.55,0,100.46666666666667,184.33333333333331,108.66666666666666,1,124.0,171.0,110.0,0,491.5833333333333,566.75,112.5,0,69.5,160.6,71.8,1,97.0,188.0,109.0,0,112.0,229.0,235.5,1,78.0,142.0,109.0,0,96.4,177.2,87.4,0,10.75,161.66666666666666,128.5,0,337.8333333333333,408.5833333333333,73.75,0,366.73333333333335,445.4,74.53333333333333,1,827.0,936.0,62.0,1,1.0,139.0,64.0,0,51.75,133.25,92.25,0,102.8,175.0,89.2,0,79.83333333333333,174.83333333333334,69.0
101256,1114634,89.0,29.164190371069793,87.5,16.0,342.5128205128205,463.86676755374776,124.5,376.75,431.79487179487177,460.034456874877,211.0,352.5,80,40.435,1.978483986645233,23.741807839742794,0.02531645569620253,1,0.012658227848101266,9,0.1125,0,0.0,0,0,40.09090909090909,145.67857142857142,114.70833333333333,1,93.0,208.0,110.0,4,386.75,464.0,66.5,1,1093.0,1175.0,77.0,0,11.222222222222221,122.5,98.85714285714286,1,94.0,171.0,78.0,0,52.1,144.2,111.33333333333333,1,46.0,296.0,79.0,0,152.16666666666669,233.65,102.55,0,100.46666666666667,184.33333333333331,108.66666666666666,2,140.0,199.0,78.5,2,584.5,670.5,118.0,1,48.0,140.0,78.0,1,1064.0,1154.0,91.0,0,112.0,229.0,235.5,1,58.0,121.0,82.0,0,96.4,177.2,87.4,2,78.0,187.5,86.0,0,337.8333333333333,408.5833333333333,73.75,0,366.73333333333335,445.4,74.53333333333333,0,3535.125,3626.5,75.25,0,155.0,271.11111111111114,75.38888888888889,1,63.0,144.0,90.0,0,102.8,175.0,89.2,0,79.83333333333333,174.83333333333334,69.0
101256,1114746,88.02941176470588,16.988725143662794,87.0,15.5,337.57575757575756,339.5464916890844,156.0,468.0,425.90909090909093,336.1532265731465,234.0,453.0,34,14.133,2.4057171159697166,28.868605391636596,0.0,0,0.0,0,0.0,0,0.0,0,0,40.09090909090909,145.67857142857142,114.70833333333333,0,41.81481481481482,146.07407407407408,85.75925925925927,0,146.68166666666667,221.75611111111112,67.87333333333333,0,869.8333333333334,955.3571428571429,87.28571428571429,0,11.222222222222221,122.5,98.85714285714286,0,99.55,176.775,78.25,0,52.1,144.2,111.33333333333333,0,72.04166666666666,190.85416666666669,74.20833333333333,1,18.0,110.0,109.0,0,100.46666666666667,184.33333333333331,108.66666666666666,0,166.63636363636363,233.72727272727272,84.86363636363636,0,491.5833333333333,566.75,112.5,0,69.5,160.6,71.8,0,791.625,870.8125,103.8125,0,112.0,229.0,235.5,0,78.90740740740742,150.14814814814815,92.51851851851853,1,109.0,186.0,78.0,0,10.75,161.66666666666666,128.5,2,139.5,220.5,79.0,0,366.73333333333335,445.4,74.53333333333333,0,3535.125,3626.5,75.25,1,140.0,234.0,78.0,0,51.75,133.25,92.25,0,102.8,175.0,89.2,2,103.0,187.0,54.5
101256,1114760,89.3125,21.896685679572606,84.0,21.5,372.7741935483871,513.7201892883073,187.0,336.0,462.4516129032258,505.48034253662814,280.0,344.0,32,14.414,2.2200638268350215,26.64076592202026,0.0,0,0.0,2,0.0625,0,0.0,0,0,40.09090909090909,145.67857142857142,114.70833333333333,1,45.0,122.0,96.0,0,146.68166666666667,221.75611111111112,67.87333333333333,2,679.5,756.5,100.0,0,11.222222222222221,122.5,98.85714285714286,1,113.0,191.0,90.0,0,52.1,144.2,111.33333333333333,0,72.04166666666666,190.85416666666669,74.20833333333333,0,152.16666666666669,233.65,102.55,1,63.0,153.0,77.0,1,189.0,280.0,109.0,0,491.5833333333333,566.75,112.5,0,69.5,160.6,71.8,0,791.625,870.8125,103.8125,0,112.0,229.0,235.5,1,78.0,140.0,78.0,1,93.0,171.0,78.0,0,10.75,161.66666666666666,128.5,0,337.8333333333333,408.5833333333333,73.75,1,191.0,281.0,62.0,0,3535.125,3626.5,75.25,0,155.0,271.11111111111114,75.38888888888889,1,32.0,109.0,91.0,0,102.8,175.0,89.2,0,79.83333333333333,174.83333333333334,69.0
101256,1114773,84.7258064516129,20.413601849714517,78.0,16.0,210.7704918032787,227.94005492116352,128.0,142.0,295.60655737704917,224.98869033058736,218.0,156.0,62,18.11,3.4235229155162896,41.08227498619547,0.0,0,0.0,6,0.0967741935483871,0,0.0,0,0,40.09090909090909,145.67857142857142,114.70833333333333,2,39.0,148.0,99.5,5,203.2,277.8,74.6,0,869.8333333333334,955.3571428571429,87.28571428571429,0,11.222222222222221,122.5,98.85714285714286,2,95.0,163.5,62.0,0,52.1,144.2,111.33333333333333,0,72.04166666666666,190.85416666666669,74.20833333333333,1,93.0,186.0,78.0,0,100.46666666666667,184.33333333333331,108.66666666666666,1,172.0,234.0,78.0,0,491.5833333333333,566.75,112.5,1,65.0,156.0,78.0,2,641.0,725.5,115.5,0,112.0,229.0,235.5,0,78.90740740740742,150.14814814814815,92.51851851851853,1,141.0,218.0,78.0,1,2.0,135.0,146.0,2,140.5,203.0,84.5,0,366.73333333333335,445.4,74.53333333333333,0,3535.125,3626.5,75.25,0,155.0,271.11111111111114,75.38888888888889,0,51.75,133.25,92.25,1,94.0,157.0,78.0,1,46.0,140.0,63.0
101256,1114799,89.26262626262626,29.54762834099366,79.0,18.5,306.5,410.41885648091517,112.5,292.25,395.8775510204082,403.7206870715355,203.0,267.5,99,38.874,2.5466893039049237,30.560271646859082,0.030612244897959183,0,0.0,17,0.1717171717171717,0,0.0,0,0,40.09090909090909,145.67857142857142,114.70833333333333,0,41.81481481481482,146.07407407407408,85.75925925925927,9,111.33333333333333,179.11111111111111,65.66666666666667,0,869.8333333333334,955.3571428571429,87.28571428571429,0,11.222222222222221,122.5,98.85714285714286,1,140.0,202.0,91.0,0,52.1,144.2,111.33333333333333,1,46.0,143.0,78.0,2,46.0,147.5,78.5,1,187.0,265.0,142.0,0,166.63636363636363,233.72727272727272,84.86363636363636,1,608.0,686.0,141.0,2,80.5,178.0,76.0,1,936.0,1014.0,122.0,0,112.0,229.0,235.5,1,65.0,155.0,77.0,0,96.4,177.2,87.4,2,-7.5,165.0,115.5,0,337.8333333333333,408.5833333333333,73.75,1,1031.0,1109.0,90.0,1,858.0,936.0,90.0,0,155.0,271.11111111111114,75.38888888888889,0,51.75,133.25,92.25,1,78.0,141.0,90.0,2,90.5,197.5,89.5
101256,1114831,80.64102564102564,21.71314995571445,78.0,27.5,296.9736842105263,385.8311252377341,109.0,304.75,377.7105263157895,381.0586988830721,187.0,299.75,39,14.43,2.7027027027027026,32.432432432432435,0.0,0,0.0,2,0.05128205128205128,0,0.0,0,0,40.09090909090909,145.67857142857142,114.70833333333333,0,41.81481481481482,146.07407407407408,85.75925925925927,1,82.0,172.0,77.0,1,1061.0,1123.0,78.0,0,11.222222222222221,122.5,98.85714285714286,0,99.55,176.775,78.25,0,52.1,144.2,111.33333333333333,1,140.0,241.0,63.0,3,312.6666666666667,380.0,92.0,0,100.46666666666667,184.33333333333331,108.66666666666666,1,422.0,483.0,77.0,0,491.5833333333333,566.75,112.5,0,69.5,160.6,71.8,1,768.0,858.0,91.0,0,112.0,229.0,235.5,0,78.90740740740742,150.14814814814815,92.51851851851853,1,109.0,171.0,62.0,0,10.75,161.66666666666666,128.5,1,109.0,171.0,63.0,0,366.73333333333335,445.4,74.53333333333333,0,3535.125,3626.5,75.25,0,155.0,271.11111111111114,75.38888888888889,1,31.0,109.0,110.0,1,78.0,141.0,109.0,0,79.83333333333333,174.83333333333334,69.0
101256,1114846,90.78571428571429,47.70097119620548,78.5,15.25,249.1851851851852,307.12695372833554,140.0,154.0,339.7037037037037,297.1032760723941,219.0,133.5,28,9.27,3.0204962243797198,36.24595469255663,0.037037037037037035,0,0.0,1,0.03571428571428571,1,0.03571428571428571,0,0,40.09090909090909,145.67857142857142,114.70833333333333,0,41.81481481481482,146.07407407407408,85.75925925925927,0,146.68166666666667,221.75611111111112,67.87333333333333,0,869.8333333333334,955.3571428571429,87.28571428571429,0,11.222222222222221,122.5,98.85714285714286,1,47.0,109.0,91.0,0,52.1,144.2,111.33333333333333,0,72.04166666666666,190.85416666666669,74.20833333333333,0,152.16666666666669,233.65,102.55,0,100.46666666666667,184.33333333333331,108.66666666666666,1,160.0,250.0,78.0,1,608.0,670.0,91.0,0,69.5,160.6,71.8,0,791.625,870.8125,103.8125,0,112.0,229.0,235.5,0,78.90740740740742,150.14814814814815,92.51851851851853,0,96.4,177.2,87.4,0,10.75,161.66666666666666,128.5,1,140.0,202.0,63.0,0,366.73333333333335,445.4,74.53333333333333,0,3535.125,3626.5,75.25,1,31.0,122.0,81.0,1,81.0,171.0,78.0,0,102.8,175.0,89.2,0,79.83333333333333,174.83333333333334,69.0
101256,1114859,89.92857142857143,28.176013825629077,78.0,32.5,314.5272727272727,464.64664402280243,110.0,260.5,404.45454545454544,463.5267499658291,187.0,279.5,56,22.335,2.5072755764495187,30.08730691739422,0.05454545454545454,0,0.0,3,0.05357142857142857,0,0.0,1,0,40.09090909090909,145.67857142857142,114.70833333333333,1,47.0,156.0,47.0,1,93.0,171.0,62.0,1,779.0,844.0,87.0,0,11.222222222222221,122.5,98.85714285714286,1,1.0,88.0,84.0,0,52.1,144.2,111.33333333333333,1,125.0,187.0,63.0,1,78.0,140.0,109.0,0,100.46666666666667,184.33333333333331,108.66666666666666,1,110.0,172.0,91.0,1,437.0,499.0,109.0,1,94.0,175.0,62.0,0,791.625,870.8125,103.8125,0,112.0,229.0,235.5,2,49.5,133.0,73.0,0,96.4,177.2,87.4,2,-14.5,120.0,145.0,0,337.8333333333333,408.5833333333333,73.75,3,92.66666666666667,165.0,81.66666666666667,0,3535.125,3626.5,75.25,0,155.0,271.11111111111114,75.38888888888889,0,51.75,133.25,92.25,0,102.8,175.0,89.2,0,79.83333333333333,174.83333333333334,69.0
101256,1114879,85.93548387096774,23.4726133952864,79.0,35.0,226.86666666666667,258.1998881142713,102.0,238.5,314.3,257.87647559765253,180.5,211.5,31,9.47,3.273495248152059,39.281942977824706,0.0,0,0.0,0,0.0,0,0.0,0,0,40.09090909090909,145.67857142857142,114.70833333333333,2,17.0,132.0,76.5,0,146.68166666666667,221.75611111111112,67.87333333333333,3,635.0,718.0,67.66666666666667,0,11.222222222222221,122.5,98.85714285714286,1,94.0,156.0,62.0,0,52.1,144.2,111.33333333333333,0,72.04166666666666,190.85416666666669,74.20833333333333,1,63.0,141.0,109.0,1,110.0,172.0,90.0,0,166.63636363636363,233.72727272727272,84.86363636363636,2,616.5,702.0,109.0,0,69.5,160.6,71.8,0,791.625,870.8125,103.8125,0,112.0,229.0,235.5,0,78.90740740740742,150.14814814814815,92.51851851851853,0,96.4,177.2,87.4,0,10.75,161.66666666666666,128.5,0,337.8333333333333,408.5833333333333,73.75,1,191.0,282.0,77.0,0,3535.125,3626.5,75.25,0,155.0,271.11111111111114,75.38888888888889,0,51.75,133.25,92.25,0,102.8,175.0,89.2,0,79.83333333333333,174.83333333333334,69.0
101256,1114997,85.48837209302326,19.862752441673866,90.0,16.5,366.35714285714283,493.07286341823334,94.0,367.75,452.0238095238095,488.00724468154976,179.5,428.5,43,19.063,2.2556785395792898,27.06814247495148,0.0,0,0.0,1,0.023255813953488372,0,0.0,0,0,40.09090909090909,145.67857142857142,114.70833333333333,1,94.0,168.0,140.0,0,146.68166666666667,221.75611111111112,67.87333333333333,0,869.8333333333334,955.3571428571429,87.28571428571429,0,11.222222222222221,122.5,98.85714285714286,0,99.55,176.775,78.25,0,52.1,144.2,111.33333333333333,2,78.0,149.5,84.5,1,78.0,141.0,90.0,0,100.46666666666667,184.33333333333331,108.66666666666666,0,166.63636363636363,233.72727272727272,84.86363636363636,0,491.5833333333333,566.75,112.5,0,69.5,160.6,71.8,1,690.0,780.0,90.0,0,112.0,229.0,235.5,1,43.0,122.0,129.0,0,96.4,177.2,87.4,0,10.75,161.66666666666666,128.5,0,337.8333333333333,408.5833333333333,73.75,1,328.0,390.0,62.0,0,3535.125,3626.5,75.25,1,78.0,171.0,79.0,0,51.75,133.25,92.25,1,93.0,202.0,90.0,0,79.83333333333333,174.83333333333334,69.0
101256,1115013,87.45098039215686,27.02091689819617,79.0,37.5,288.94,378.8322800395975,141.0,285.5,376.58,381.9053332960932,219.5,276.5,51,18.907,2.697413656317766,32.368963875813186,0.02,0,0.0,10,0.19607843137254902,0,0.0,1,0,40.09090909090909,145.67857142857142,114.70833333333333,1,0.0,107.0,65.0,5,89.2,166.4,74.8,0,869.8333333333334,955.3571428571429,87.28571428571429,0,11.222222222222221,122.5,98.85714285714286,1,141.0,219.0,62.0,0,52.1,144.2,111.33333333333333,0,72.04166666666666,190.85416666666669,74.20833333333333,1,46.0,124.0,90.0,0,100.46666666666667,184.33333333333331,108.66666666666666,1,141.0,187.0,62.0,2,95.5,173.0,107.0,2,60.0,154.0,65.0,1,733.0,796.0,91.0,0,112.0,229.0,235.5,1,157.0,220.0,92.0,0,96.4,177.2,87.4,0,10.75,161.66666666666666,128.5,1,1342.0,1436.0,62.0,0,366.73333333333335,445.4,74.53333333333333,0,3535.125,3626.5,75.25,1,498.0,623.0,63.0,0,51.75,133.25,92.25,0,102.8,175.0,89.2,0,79.83333333333333,174.83333333333334,69.0
101292,1105409,140.38297872340425,55.754993361529756,128.0,40.0,123.65217391304348,271.86187488688665,56.0,137.75,265.5217391304348,270.0973849438331,191.5,132.75,47,12.286,3.825492430408595,45.90590916490315,0.15217391304347827,0,0.0,1,0.02127659574468085,3,0.06382978723404255,0,0,40.09090909090909,145.67857142857142,114.70833333333333,0,75.33333333333333,198.4242424242424,127.39393939393939,0,179.46666666666667,261.18333333333334,78.4,1,152.0,303.0,120.0,0,11.222222222222221,122.5,98.85714285714286,1,7.0,127.0,80.0,0,52.1,144.2,111.33333333333333,0,24.0625,137.5625,129.375,2,4.0,128.0,135.0,0,32.75,162.0,121.1875,0,118.94444444444446,228.3888888888889,106.5,0,50.333333333333336,181.33333333333334,109.0,0,31.357142857142858,149.85714285714286,119.42857142857143,1,88.0,256.0,104.0,2,109.0,255.5,320.0,0,62.1,173.3,116.3,0,73.625,188.875,107.25,0,-38.4,110.8,139.0,1,-48.0,88.0,104.0,0,114.66666666666667,233.33333333333334,108.0,1,16.0,168.0,152.0,1,296.0,424.0,136.0,0,22.0,133.5,152.0,2,156.5,276.0,151.5,0,76.0,205.25,122.0
101292,1105421,128.88,33.895510027140766,128.0,32.0,141.79591836734693,188.45883863828539,111.0,158.0,271.6734693877551,185.11545076641534,224.0,128.0,50,13.392,3.733572281959379,44.80286738351255,0.061224489795918366,0,0.0,1,0.02,1,0.02,1,0,40.09090909090909,145.67857142857142,114.70833333333333,1,5.0,144.0,128.0,0,179.46666666666667,261.18333333333334,78.4,2,92.0,228.0,108.0,0,11.222222222222221,122.5,98.85714285714286,1,80.0,225.0,136.0,0,52.1,144.2,111.33333333333333,2,12.5,148.5,140.0,1,40.0,160.0,81.0,0,32.75,162.0,121.1875,0,118.94444444444446,228.3888888888889,106.5,0,50.333333333333336,181.33333333333334,109.0,1,24.0,152.0,128.0,0,61.08333333333333,217.375,109.5,0,101.53333333333333,235.7,235.8666666666667,0,62.1,173.3,116.3,0,73.625,188.875,107.25,0,-38.4,110.8,139.0,0,97.28571428571429,221.57142857142858,115.28571428571429,1,56.0,208.0,152.0,0,60.57142857142857,171.85714285714286,114.28571428571429,1,40.0,176.0,136.0,1,24.0,128.0,160.0,0,86.58333333333333,183.0,149.41666666666666,0,76.0,205.25,122.0
101292,1105440,136.2258064516129,47.378850377138875,128.0,32.0,105.9,169.77717750039315,76.0,86.5,242.13333333333333,165.12716984864187,198.5,86.75,31,7.4,4.189189189189189,50.270270270270274,0.1,0,0.0,0,0.0,2,0.06451612903225806,0,0,40.09090909090909,145.67857142857142,114.70833333333333,1,80.0,194.0,144.0,0,179.46666666666667,261.18333333333334,78.4,2,16.0,152.0,132.0,0,11.222222222222221,122.5,98.85714285714286,0,50.94444444444444,172.22222222222223,118.44444444444444,0,52.1,144.2,111.33333333333333,0,24.0625,137.5625,129.375,0,26.222222222222218,143.77777777777777,124.44444444444444,2,68.0,216.0,116.0,0,118.94444444444446,228.3888888888889,106.5,0,50.333333333333336,181.33333333333334,109.0,0,31.357142857142858,149.85714285714286,119.42857142857143,0,61.08333333333333,217.375,109.5,1,80.0,232.0,248.0,0,62.1,173.3,116.3,0,73.625,188.875,107.25,0,-38.4,110.8,139.0,0,97.28571428571429,221.57142857142858,115.28571428571429,0,114.66666666666667,233.33333333333334,108.0,0,60.57142857142857,171.85714285714286,114.28571428571429,0,91.16666666666667,213.5,126.5,1,0.0,72.0,152.0,0,86.58333333333333,183.0,149.41666666666666,0,76.0,205.25,122.0
101292,1105448,132.2325581395349,27.903352477837387,128.0,40.0,89.38095238095238,113.07181712373955,68.0,93.75,221.88095238095238,103.9755471209119,204.0,70.25,43,9.44,4.555084745762712,54.66101694915254,0.11904761904761904,0,0.0,0,0.0,1,0.023255813953488372,0,0,40.09090909090909,145.67857142857142,114.70833333333333,1,80.0,201.0,143.0,0,179.46666666666667,261.18333333333334,78.4,1,24.0,152.0,121.0,0,11.222222222222221,122.5,98.85714285714286,2,-3.5,137.0,136.0,0,52.1,144.2,111.33333333333333,1,8.0,136.0,167.0,0,26.222222222222218,143.77777777777777,124.44444444444444,1,24.0,152.0,119.0,0,118.94444444444446,228.3888888888889,106.5,1,41.0,192.0,127.0,1,8.0,136.0,128.0,0,61.08333333333333,217.375,109.5,0,101.53333333333333,235.7,235.8666666666667,0,62.1,173.3,116.3,2,47.5,172.5,116.0,1,-47.0,106.0,118.0,0,97.28571428571429,221.57142857142858,115.28571428571429,0,114.66666666666667,233.33333333333334,108.0,0,60.57142857142857,171.85714285714286,114.28571428571429,0,91.16666666666667,213.5,126.5,0,22.0,133.5,152.0,1,81.0,168.0,151.0,1,72.0,190.0,128.0
101292,1105458,125.65625,29.633816594180036,128.0,24.25,91.96774193548387,151.0416485760751,48.0,84.5,219.3548387096774,146.38251887238994,168.0,88.0,32,6.872,4.656577415599535,55.87892898719441,0.0967741935483871,0,0.0,0,0.0,1,0.03125,0,0,40.09090909090909,145.67857142857142,114.70833333333333,1,223.0,344.0,136.0,0,179.46666666666667,261.18333333333334,78.4,0,53.77777777777778,190.55555555555554,116.55555555555556,0,11.222222222222221,122.5,98.85714285714286,2,36.0,132.0,104.5,0,52.1,144.2,111.33333333333333,0,24.0625,137.5625,129.375,1,8.0,96.0,112.0,1,24.0,136.0,152.0,0,118.94444444444446,228.3888888888889,106.5,0,50.333333333333336,181.33333333333334,109.0,0,31.357142857142858,149.85714285714286,119.42857142857143,3,61.666666666666664,211.0,133.0,0,101.53333333333333,235.7,235.8666666666667,1,72.0,204.0,168.0,0,73.625,188.875,107.25,1,-40.0,112.0,128.0,0,97.28571428571429,221.57142857142858,115.28571428571429,0,114.66666666666667,233.33333333333334,108.0,1,48.0,160.0,136.0,1,3.0,132.0,132.0,0,22.0,133.5,152.0,0,86.58333333333333,183.0,149.41666666666666,1,32.0,160.0,136.0
101292,1105464,128.63829787234042,48.73524895514316,120.0,34.0,127.52173913043478,228.54423405265462,52.0,86.0,256.8478260869565,210.39558676468647,176.0,92.0,47,11.912,3.9456010745466754,47.34721289456011,0.1956521739130435,0,0.0,2,0.0425531914893617,5,0.10638297872340426,0,0,40.09090909090909,145.67857142857142,114.70833333333333,1,93.0,205.0,107.0,1,416.0,504.0,80.0,0,53.77777777777778,190.55555555555554,116.55555555555556,0,11.222222222222221,122.5,98.85714285714286,1,136.0,256.0,152.0,0,52.1,144.2,111.33333333333333,1,28.0,148.0,124.0,0,26.222222222222218,143.77777777777777,124.44444444444444,1,96.0,248.0,136.0,1,88.0,184.0,120.0,0,50.333333333333336,181.33333333333334,109.0,1,24.0,144.0,128.0,1,2.0,170.0,120.0,3,58.666666666666664,180.0,179.33333333333334,1,24.0,144.0,88.0,1,80.0,176.0,112.0,0,-38.4,110.8,139.0,1,-40.0,46.0,128.0,0,114.66666666666667,233.33333333333334,108.0,1,64.0,171.0,96.0,0,91.16666666666667,213.5,126.5,0,22.0,133.5,152.0,2,44.0,164.0,160.0,0,76.0,205.25,122.0
101292,1105470,113.94285714285714,36.167027491224935,107.0,44.0,163.88235294117646,259.26749356213764,56.0,136.75,279.29411764705884,247.33182395694357,172.0,132.0,35,9.56,3.6610878661087862,43.93305439330543,0.14705882352941177,0,0.0,1,0.02857142857142857,1,0.02857142857142857,0,0,40.09090909090909,145.67857142857142,114.70833333333333,2,-21.0,92.0,152.0,0,179.46666666666667,261.18333333333334,78.4,2,16.0,156.0,112.0,0,11.222222222222221,122.5,98.85714285714286,2,-4.0,108.0,108.0,0,52.1,144.2,111.33333333333333,0,24.0625,137.5625,129.375,1,8.0,136.0,168.0,2,52.0,160.0,111.5,0,118.94444444444446,228.3888888888889,106.5,0,50.333333333333336,181.33333333333334,109.0,1,8.0,113.0,128.0,1,48.0,216.0,104.0,0,101.53333333333333,235.7,235.8666666666667,0,62.1,173.3,116.3,0,73.625,188.875,107.25,0,-38.4,110.8,139.0,1,928.0,1024.0,96.0,0,114.66666666666667,233.33333333333334,108.0,0,60.57142857142857,171.85714285714286,114.28571428571429,0,91.16666666666667,213.5,126.5,0,22.0,133.5,152.0,1,72.0,152.0,144.0,0,76.0,205.25,122.0
101292,1105477,120.05952380952381,49.60927121264163,119.5,40.0,109.81927710843374,139.04321462051843,80.0,120.0,229.87951807228916,148.50478857967187,185.0,120.0,84,19.2,4.375,52.5,0.08433734939759036,0,0.0,6,0.07142857142857142,5,0.05952380952380952,0,0,40.09090909090909,145.67857142857142,114.70833333333333,3,35.666666666666664,162.66666666666666,122.33333333333333,4,140.0,202.75,72.0,2,16.0,132.0,112.0,0,11.222222222222221,122.5,98.85714285714286,2,32.5,156.5,88.0,0,52.1,144.2,111.33333333333333,1,8.0,104.0,112.0,0,26.222222222222218,143.77777777777777,124.44444444444444,1,72.0,159.0,104.0,3,90.66666666666667,186.33333333333334,104.0,0,50.333333333333336,181.33333333333334,109.0,0,31.357142857142858,149.85714285714286,119.42857142857143,1,88.0,192.0,120.0,2,116.0,268.0,144.0,2,60.0,172.0,128.0,0,73.625,188.875,107.25,1,-41.0,104.0,145.0,0,97.28571428571429,221.57142857142858,115.28571428571429,0,114.66666666666667,233.33333333333334,108.0,1,144.0,256.0,80.0,2,184.0,308.0,124.0,0,22.0,133.5,152.0,0,86.58333333333333,183.0,149.41666666666666,0,76.0,205.25,122.0
101292,1105486,121.675,33.23506243412219,123.5,50.75,137.12820512820514,201.88866943317146,88.0,108.0,258.64102564102564,200.85822110026626,192.0,103.5,40,10.215,3.9158100832109644,46.989720998531574,0.15384615384615385,0,0.0,4,0.1,1,0.025,1,0,40.09090909090909,145.67857142857142,114.70833333333333,1,128.0,288.0,104.0,3,101.33333333333333,178.66666666666666,80.0,0,53.77777777777778,190.55555555555554,116.55555555555556,0,11.222222222222221,122.5,98.85714285714286,0,50.94444444444444,172.22222222222223,118.44444444444444,0,52.1,144.2,111.33333333333333,0,24.0625,137.5625,129.375,2,20.0,148.0,112.0,0,32.75,162.0,121.1875,0,118.94444444444446,228.3888888888889,106.5,0,50.333333333333336,181.33333333333334,109.0,1,40.0,168.0,88.0,0,61.08333333333333,217.375,109.5,0,101.53333333333333,235.7,235.8666666666667,0,62.1,173.3,116.3,0,73.625,188.875,107.25,0,-38.4,110.8,139.0,1,-40.0,104.0,136.0,0,114.66666666666667,233.33333333333334,108.0,1,48.0,152.0,112.0,0,91.16666666666667,213.5,126.5,0,22.0,133.5,152.0,0,86.58333333333333,183.0,149.41666666666666,1,32.0,151.0,104.0
101292,1105495,120.525,57.60902164591932,112.0,48.0,142.43589743589743,204.03692411836096,80.0,92.0,264.4102564102564,205.79585577406658,192.0,79.5,40,10.376,3.855050115651504,46.26060138781804,0.07692307692307693,0,0.0,2,0.05,3,0.075,0,0,40.09090909090909,145.67857142857142,114.70833333333333,0,75.33333333333333,198.4242424242424,127.39393939393939,0,179.46666666666667,261.18333333333334,78.4,1,104.0,240.0,128.0,0,11.222222222222221,122.5,98.85714285714286,0,50.94444444444444,172.22222222222223,118.44444444444444,0,52.1,144.2,111.33333333333333,1,64.0,168.0,152.0,3,77.33333333333333,194.66666666666666,138.66666666666666,0,32.75,162.0,121.1875,1,159.0,256.0,96.0,0,50.333333333333336,181.33333333333334,109.0,0,31.357142857142858,149.85714285714286,119.42857142857143,1,1.0,169.0,87.0,0,101.53333333333333,235.7,235.8666666666667,0,62.1,173.3,116.3,1,71.0,207.0,105.0,0,-38.4,110.8,139.0,1,-48.0,88.0,120.0,0,114.66666666666667,233.33333333333334,108.0,0,60.57142857142857,171.85714285714286,114.28571428571429,0,91.16666666666667,213.5,126.5,1,56.0,198.0,136.0,1,82.0,170.0,166.0,0,76.0,205.25,122.0
101292,1105505,117.03921568627452,28.939396299998755,112.0,31.5,102.22,124.81510966225201,76.0,100.0,219.04,114.47828789774941,188.0,86.0,51,11.08,4.602888086642599,55.23465703971119,0.08,0,0.0,0,0.0,1,0.0196078431372549,1,0,40.09090909090909,145.67857142857142,114.70833333333333,2,76.0,196.0,109.0,0,179.46666666666667,261.18333333333334,78.4,1,24.0,176.0,104.0,0,11.222222222222221,122.5,98.85714285714286,2,39.5,169.5,124.5,0,52.1,144.2,111.33333333333333,1,16.0,120.0,112.0,0,26.222222222222218,143.77777777777777,124.44444444444444,1,-26.0,136.0,112.0,0,118.94444444444446,228.3888888888889,106.5,0,50.333333333333336,181.33333333333334,109.0,1,59.0,179.0,141.0,1,208.0,349.0,112.0,0,101.53333333333333,235.7,235.8666666666667,0,62.1,173.3,116.3,0,73.625,188.875,107.25,1,-32.0,96.0,152.0,1,-24.0,104.0,104.0,0,114.66666666666667,233.33333333333334,108.0,1,32.0,128.0,136.0,0,91.16666666666667,213.5,126.5,0,22.0,133.5,152.0,2,84.0,168.0,124.0,0,76.0,205.25,122.0
101292,1105517,106.83870967741936,39.00959085891864,104.0,28.0,189.6,301.8036447758708,104.0,146.0,298.1333333333333,295.34293438118493,200.0,104.0,31,9.0,3.4444444444444446,41.333333333333336,0.06666666666666667,0,0.0,2,0.06451612903225806,1,0.03225806451612903,0,0,40.09090909090909,145.67857142857142,114.70833333333333,0,75.33333333333333,198.4242424242424,127.39393939393939,1,120.0,224.0,80.0,0,53.77777777777778,190.55555555555554,116.55555555555556,0,11.222222222222221,122.5,98.85714285714286,0,50.94444444444444,172.22222222222223,118.44444444444444,0,52.1,144.2,111.33333333333333,0,24.0625,137.5625,129.375,0,26.222222222222218,143.77777777777777,124.44444444444444,0,32.75,162.0,121.1875,1,104.0,192.0,120.0,0,50.333333333333336,181.33333333333334,109.0,0,31.357142857142858,149.85714285714286,119.42857142857143,1,-8.0,176.0,96.0,0,101.53333333333333,235.7,235.8666666666667,1,48.0,136.0,104.0,0,73.625,188.875,107.25,0,-38.4,110.8,139.0,0,97.28571428571429,221.57142857142858,115.28571428571429,2,192.0,284.0,76.0,0,60.57142857142857,171.85714285714286,114.28571428571429,0,91.16666666666667,213.5,126.5,0,22.0,133.5,152.0,0,86.58333333333333,183.0,149.41666666666666,0,76.0,205.25,122.0
101292,1105525,129.66666666666666,45.077006421639275,120.0,36.0,93.85,129.8608004749701,62.0,78.0,221.2,121.12869189419986,184.0,76.0,21,4.6,4.565217391304349,54.78260869565218,0.1,0,0.0,0,0.0,1,0.047619047619047616,0,0,40.09090909090909,145.67857142857142,114.70833333333333,0,75.33333333333333,198.4242424242424,127.39393939393939,0,179.46666666666667,261.18333333333334,78.4,1,40.0,176.0,112.0,0,11.222222222222221,122.5,98.85714285714286,0,50.94444444444444,172.22222222222223,118.44444444444444,0,52.1,144.2,111.33333333333333,1,36.0,144.0,120.0,0,26.222222222222218,143.77777777777777,124.44444444444444,0,32.75,162.0,121.1875,0,118.94444444444446,228.3888888888889,106.5,0,50.333333333333336,181.33333333333334,109.0,0,31.357142857142858,149.85714285714286,119.42857142857143,0,61.08333333333333,217.375,109.5,0,101.53333333333333,235.7,235.8666666666667,0,62.1,173.3,116.3,0,73.625,188.875,107.25,0,-38.4,110.8,139.0,0,97.28571428571429,221.57142857142858,115.28571428571429,0,114.66666666666667,233.33333333333334,108.0,0,60.57142857142857,171.85714285714286,114.28571428571429,0,91.16666666666667,213.5,126.5,1,8.0,136.0,160.0,0,86.58333333333333,183.0,149.41666666666666,0,76.0,205.25,122.0
101292,1105533,114.34693877551021,50.19332056563318,111.0,24.0,132.25,186.8458031818394,87.0,85.25,247.97916666666666,178.48021477455765,191.0,79.25,49,11.951,4.100075307505648,49.200903690067776,0.08333333333333333,0,0.0,0,0.0,1,0.02040816326530612,0,0,40.09090909090909,145.67857142857142,114.70833333333333,1,81.0,200.0,144.0,0,179.46666666666667,261.18333333333334,78.4,0,53.77777777777778,190.55555555555554,116.55555555555556,0,11.222222222222221,122.5,98.85714285714286,1,135.0,239.0,137.0,0,52.1,144.2,111.33333333333333,2,20.0,132.0,108.0,0,26.222222222222218,143.77777777777777,124.44444444444444,1,-48.0,89.0,119.0,1,96.0,184.0,87.0,1,39.0,159.0,105.0,2,56.5,157.0,95.0,0,61.08333333333333,217.375,109.5,0,101.53333333333333,235.7,235.8666666666667,0,62.1,173.3,116.3,1,96.0,200.0,96.0,0,-38.4,110.8,139.0,1,-47.0,97.0,119.0,0,114.66666666666667,233.33333333333334,108.0,1,72.0,168.0,88.0,1,8.0,113.0,119.0,0,22.0,133.5,152.0,0,86.58333333333333,183.0,149.41666666666666,0,76.0,205.25,122.0
101292,1105543,123.84615384615384,50.73626552135322,112.0,40.0,172.54901960784315,291.64310137129974,96.0,136.0,296.47058823529414,277.60363568713,208.0,100.0,52,15.24,3.4120734908136483,40.94488188976378,0.0784313725490196,0,0.0,3,0.057692307692307696,3,0.057692307692307696,0,0,40.09090909090909,145.67857142857142,114.70833333333333,1,48.0,156.0,112.0,2,120.0,196.5,80.0,0,53.77777777777778,190.55555555555554,116.55555555555556,0,11.222222222222221,122.5,98.85714285714286,0,50.94444444444444,172.22222222222223,118.44444444444444,0,52.1,144.2,111.33333333333333,0,24.0625,137.5625,129.375,0,26.222222222222218,143.77777777777777,124.44444444444444,0,32.75,162.0,121.1875,1,176.0,368.0,112.0,1,71.0,193.0,95.0,0,31.357142857142858,149.85714285714286,119.42857142857143,0,61.08333333333333,217.375,109.5,1,144.0,243.0,288.0,2,106.5,210.5,93.5,0,73.625,188.875,107.25,1,-32.0,136.0,152.0,0,97.28571428571429,221.57142857142858,115.28571428571429,1,96.0,208.0,96.0,0,60.57142857142857,171.85714285714286,114.28571428571429,1,16.0,128.0,112.0,0,22.0,133.5,152.0,0,86.58333333333333,183.0,149.41666666666666,1,168.0,320.0,120.0
101323,1105754,160.9811320754717,45.72125989368157,150.0,37.0,30.403846153846153,95.8246113430848,30.0,89.0,191.73076923076923,80.17531640690135,172.0,84.5,53,10.113,5.240779195095422,62.889350341145054,0.34615384615384615,0,0.0,0,0.0,2,0.03773584905660377,0,28,54.82142857142857,204.64285714285714,148.78571428571428,0,16.0,124.38888888888889,103.5,0,174.25,285.25,97.41666666666666,0,50.0,155.0,100.1875,11,-9.909090909090908,153.0909090909091,155.36363636363637,0,8.5,110.0,96.0,10,43.3,198.6,162.3,0,20.5,134.0,104.0,0,23.0,135.1818181818182,104.0,0,24.5,112.0,104.375,0,52.25,144.0,106.5,0,59.0,165.0,119.10416666666667,0,22.1,130.4,98.5,0,66.28571428571429,187.5,114.6,1,41.0,197.0,355.0,0,48.0,150.0,103.0,0,-15.466666666666669,117.4,113.88888888888889,0,-30.214285714285715,116.0,120.0,0,-20.75,119.25,101.33333333333333,0,37.25,153.0,107.66666666666667,0,74.0,178.0,103.71428571428571,0,16.0,134.28571428571428,97.0,0,35.75,133.5,106.66666666666667,0,64.5,160.0,99.6875,0,10.5,131.16666666666666,104.33333333333333
101323,1105765,159.203125,129.20673595147574,138.0,39.0,34.65079365079365,90.86098901490641,17.0,81.5,194.015873015873,133.11261398536064,167.0,70.5,64,12.372,5.172971225347559,62.07565470417072,0.3333333333333333,0,0.0,0,0.0,1,0.015625,0,40,44.925,185.875,142.025,0,16.0,124.38888888888889,103.5,0,174.25,285.25,97.41666666666666,0,50.0,155.0,100.1875,11,-13.181818181818182,144.1818181818182,137.1818181818182,0,8.5,110.0,96.0,11,63.09090909090909,200.27272727272728,152.45454545454547,0,20.5,134.0,104.0,0,23.0,135.1818181818182,104.0,0,24.5,112.0,104.375,0,52.25,144.0,106.5,0,59.0,165.0,119.10416666666667,0,22.1,130.4,98.5,0,66.28571428571429,187.5,114.6,0,26.0,161.33333333333334,356.7083333333333,0,48.0,150.0,103.0,0,-15.466666666666669,117.4,113.88888888888889,0,-30.214285714285715,116.0,120.0,0,-20.75,119.25,101.33333333333333,0,37.25,153.0,107.66666666666667,0,74.0,178.0,103.71428571428571,0,16.0,134.28571428571428,97.0,0,35.75,133.5,106.66666666666667,0,64.5,160.0,99.6875,0,10.5,131.16666666666666,104.33333333333333
101323,1105775,146.43103448275863,38.82858530594283,138.0,27.75,18.333333333333332,60.01880796834873,4.0,80.0,164.89473684210526,52.00158034390956,162.0,73.0,58,9.538,6.080939400293563,72.97127280352275,0.45614035087719296,0,0.0,0,0.0,1,0.017241379310344827,0,34,19.852941176470587,162.88235294117646,145.58823529411765,0,16.0,124.38888888888889,103.5,0,174.25,285.25,97.41666666666666,0,50.0,155.0,100.1875,11,-14.272727272727273,140.63636363636363,126.54545454545455,0,8.5,110.0,96.0,11,65.27272727272727,191.8181818181818,147.9090909090909,0,20.5,134.0,104.0,0,23.0,135.1818181818182,104.0,0,24.5,112.0,104.375,0,52.25,144.0,106.5,0,59.0,165.0,119.10416666666667,0,22.1,130.4,98.5,0,66.28571428571429,187.5,114.6,0,26.0,161.33333333333334,356.7083333333333,0,48.0,150.0,103.0,0,-15.466666666666669,117.4,113.88888888888889,0,-30.214285714285715,116.0,120.0,0,-20.75,119.25,101.33333333333333,0,37.25,153.0,107.66666666666667,0,74.0,178.0,103.71428571428571,0,16.0,134.28571428571428,97.0,0,35.75,133.5,106.66666666666667,0,64.5,160.0,99.6875,0,10.5,131.16666666666666,104.33333333333333
101323,1105781,149.29166666666666,55.47633066352612,133.5,34.75,58.17391304347826,140.53427623797538,32.0,93.5,208.3913043478261,124.77797294827835,164.0,63.0,24,4.921,4.877057508636455,58.52469010363747,0.391304347826087,0,0.0,0,0.0,2,0.08333333333333333,0,13,99.3076923076923,232.53846153846155,134.76923076923077,0,16.0,124.38888888888889,103.5,0,174.25,285.25,97.41666666666666,0,50.0,155.0,100.1875,4,55.25,195.75,129.0,0,8.5,110.0,96.0,3,38.666666666666664,167.66666666666666,132.66666666666666,0,20.5,134.0,104.0,0,23.0,135.1818181818182,104.0,0,24.5,112.0,104.375,0,52.25,144.0,106.5,0,59.0,165.0,119.10416666666667,0,22.1,130.4,98.5,0,66.28571428571429,187.5,114.6,1,-9.0,120.0,329.0,0,48.0,150.0,103.0,0,-15.466666666666669,117.4,113.88888888888889,0,-30.214285714285715,116.0,120.0,0,-20.75,119.25,101.33333333333333,0,37.25,153.0,107.66666666666667,0,74.0,178.0,103.71428571428571,0,16.0,134.28571428571428,97.0,0,35.75,133.5,106.66666666666667,0,64.5,160.0,99.6875,0,10.5,131.16666666666666,104.33333333333333
101323,1105787,140.3846153846154,44.05801267944716,143.0,39.5,84.60526315789474,132.79020641473375,61.0,82.0,225.1578947368421,121.65017280273912,196.5,87.0,39,8.69,4.487917146144994,53.85500575373994,0.15789473684210525,0,0.0,4,0.10256410256410256,1,0.02564102564102564,0,24,67.0,206.41666666666666,142.41666666666666,0,16.0,124.38888888888889,103.5,3,81.0,183.0,95.33333333333333,0,50.0,155.0,100.1875,4,14.0,165.25,124.0,0,8.5,110.0,96.0,4,112.25,236.25,133.5,0,20.5,134.0,104.0,0,23.0,135.1818181818182,104.0,0,24.5,112.0,104.375,0,52.25,144.0,106.5,0,59.0,165.0,119.10416666666667,0,22.1,130.4,98.5,0,66.28571428571429,187.5,114.6,0,26.0,161.33333333333334,356.7083333333333,0,48.0,150.0,103.0,0,-15.466666666666669,117.4,113.88888888888889,0,-30.214285714285715,116.0,120.0,0,-20.75,119.25,101.33333333333333,0,37.25,153.0,107.66666666666667,0,74.0,178.0,103.71428571428571,0,16.0,134.28571428571428,97.0,0,35.75,133.5,106.66666666666667,0,64.5,160.0,99.6875,0,10.5,131.16666666666666,104.33333333333333
101323,1105796,140.36363636363637,40.26263639911279,133.0,36.0,47.28125,73.13268522649432,50.5,70.75,187.59375,60.64953594989412,169.0,68.0,33,6.145,5.370219690805533,64.4426362896664,0.1875,0,0.0,0,0.0,1,0.030303030303030304,0,17,38.0,171.58823529411765,138.94117647058823,0,16.0,124.38888888888889,103.5,0,174.25,285.25,97.41666666666666,0,50.0,155.0,100.1875,7,31.714285714285715,175.42857142857142,127.57142857142857,0,8.5,110.0,96.0,7,116.85714285714286,244.42857142857142,133.28571428571428,0,20.5,134.0,104.0,0,23.0,135.1818181818182,104.0,0,24.5,112.0,104.375,0,52.25,144.0,106.5,0,59.0,165.0,119.10416666666667,0,22.1,130.4,98.5,0,66.28571428571429,187.5,114.6,0,26.0,161.33333333333334,356.7083333333333,0,48.0,150.0,103.0,0,-15.466666666666669,117.4,113.88888888888889,0,-30.214285714285715,116.0,120.0,0,-20.75,119.25,101.33333333333333,0,37.25,153.0,107.66666666666667,0,74.0,178.0,103.71428571428571,0,16.0,134.28571428571428,97.0,0,35.75,133.5,106.66666666666667,0,64.5,160.0,99.6875,0,10.5,131.16666666666666,104.33333333333333
101323,1105803,141.10204081632654,36.871118556265294,138.0,22.0,63.270833333333336,129.4188515993924,31.0,95.25,204.0625,127.23950615702394,167.0,80.5,49,9.951,4.924128228318762,59.08953873982515,0.2708333333333333,0,0.0,0,0.0,1,0.02040816326530612,0,33,62.484848484848484,197.45454545454547,138.3030303030303,0,16.0,124.38888888888889,103.5,0,174.25,285.25,97.41666666666666,0,50.0,155.0,100.1875,7,-1.5714285714285714,143.14285714285714,135.57142857142858,0,8.5,110.0,96.0,7,153.57142857142858,289.14285714285717,131.57142857142858,0,20.5,134.0,104.0,0,23.0,135.1818181818182,104.0,0,24.5,112.0,104.375,0,52.25,144.0,106.5,0,59.0,165.0,119.10416666666667,0,22.1,130.4,98.5,0,66.28571428571429,187.5,114.6,0,26.0,161.33333333333334,356.7083333333333,0,48.0,150.0,103.0,0,-15.466666666666669,117.4,113.88888888888889,0,-30.214285714285715,116.0,120.0,0,-20.75,119.25,101.33333333333333,0,37.25,153.0,107.66666666666667,0,74.0,178.0,103.71428571428571,0,16.0,134.28571428571428,97.0,0,35.75,133.5,106.66666666666667,0,64.5,160.0,99.6875,0,10.5,131.16666666666666,104.33333333333333
101323,1105816,133.14285714285714,46.39651640687991,128.0,24.5,49.6764705882353,65.83031689759187,34.0,73.0,182.44117647058823,59.50985641371203,168.0,65.5,35,6.349,5.512679162072767,66.1521499448732,0.11764705882352941,0,0.0,0,0.0,2,0.05714285714285714,0,18,71.16666666666667,191.66666666666666,115.83333333333333,0,16.0,124.38888888888889,103.5,0,174.25,285.25,97.41666666666666,0,50.0,155.0,100.1875,7,26.0,147.14285714285714,130.71428571428572,0,8.5,110.0,96.0,6,59.833333333333336,190.83333333333334,136.0,0,20.5,134.0,104.0,0,23.0,135.1818181818182,104.0,0,24.5,112.0,104.375,0,52.25,144.0,106.5,0,59.0,165.0,119.10416666666667,0,22.1,130.4,98.5,0,66.28571428571429,187.5,114.6,1,23.0,152.0,232.0,0,48.0,150.0,103.0,0,-15.466666666666669,117.4,113.88888888888889,0,-30.214285714285715,116.0,120.0,0,-20.75,119.25,101.33333333333333,0,37.25,153.0,107.66666666666667,0,74.0,178.0,103.71428571428571,0,16.0,134.28571428571428,97.0,0,35.75,133.5,106.66666666666667,0,64.5,160.0,99.6875,0,10.5,131.16666666666666,104.33333333333333
101323,1105827,150.48275862068965,45.16874162489164,142.0,43.5,25.17543859649123,60.950115584139084,24.0,85.0,175.87719298245614,51.431463568055605,165.0,80.0,58,10.163,5.706976286529568,68.48371543835482,0.3508771929824561,0,0.0,0,0.0,2,0.034482758620689655,0,33,20.757575757575758,169.3030303030303,152.84848484848484,0,16.0,124.38888888888889,103.5,0,174.25,285.25,97.41666666666666,0,50.0,155.0,100.1875,11,-3.5454545454545454,145.54545454545453,125.45454545454545,0,8.5,110.0,96.0,10,90.9,216.9,132.5,0,20.5,134.0,104.0,0,23.0,135.1818181818182,104.0,0,24.5,112.0,104.375,0,52.25,144.0,106.5,0,59.0,165.0,119.10416666666667,0,22.1,130.4,98.5,0,66.28571428571429,187.5,114.6,1,90.0,210.0,293.0,0,48.0,150.0,103.0,0,-15.466666666666669,117.4,113.88888888888889,0,-30.214285714285715,116.0,120.0,0,-20.75,119.25,101.33333333333333,0,37.25,153.0,107.66666666666667,0,74.0,178.0,103.71428571428571,0,16.0,134.28571428571428,97.0,0,35.75,133.5,106.66666666666667,0,64.5,160.0,99.6875,0,10.5,131.16666666666666,104.33333333333333
101323,1105838,144.1492537313433,56.266756371568206,133.0,28.5,45.74242424242424,86.02859119626427,36.0,88.25,189.9090909090909,78.80100123820287,174.5,71.5,67,12.677,5.28516210459888,63.421945255186564,0.3181818181818182,0,0.0,0,0.0,2,0.029850746268656716,0,44,57.22727272727273,191.0,134.22727272727272,0,16.0,124.38888888888889,103.5,0,174.25,285.25,97.41666666666666,0,50.0,155.0,100.1875,10,-4.8,144.3,126.6,0,8.5,110.0,96.0,9,84.88888888888889,208.66666666666666,143.88888888888889,0,20.5,134.0,104.0,0,23.0,135.1818181818182,104.0,0,24.5,112.0,104.375,0,52.25,144.0,106.5,0,59.0,165.0,119.10416666666667,0,22.1,130.4,98.5,0,66.28571428571429,187.5,114.6,1,36.0,188.0,466.0,0,48.0,150.0,103.0,0,-15.466666666666669,117.4,113.88888888888889,0,-30.214285714285715,116.0,120.0,0,-20.75,119.25,101.33333333333333,0,37.25,153.0,107.66666666666667,0,74.0,178.0,103.71428571428571,0,16.0,134.28571428571428,97.0,0,35.75,133.5,106.66666666666667,0,64.5,160.0,99.6875,0,10.5,131.16666666666666,104.33333333333333
101323,1105853,158.83333333333334,46.61097867813262,153.0,25.0,14.411764705882353,113.25403970124208,31.0,99.0,173.7058823529412,104.69662880458465,168.0,88.0,18,3.104,5.798969072164948,69.58762886597938,0.47058823529411764,0,0.0,0,0.0,1,0.05555555555555555,0,8,42.0,186.25,154.75,0,16.0,124.38888888888889,103.5,0,174.25,285.25,97.41666666666666,0,50.0,155.0,100.1875,4,-25.5,130.5,148.25,0,8.5,110.0,96.0,4,45.0,193.25,139.25,0,20.5,134.0,104.0,0,23.0,135.1818181818182,104.0,0,24.5,112.0,104.375,0,52.25,144.0,106.5,0,59.0,165.0,119.10416666666667,0,22.1,130.4,98.5,0,66.28571428571429,187.5,114.6,0,26.0,161.33333333333334,356.7083333333333,0,48.0,150.0,103.0,0,-15.466666666666669,117.4,113.88888888888889,0,-30.214285714285715,116.0,120.0,0,-20.75,119.25,101.33333333333333,0,37.25,153.0,107.66666666666667,0,74.0,178.0,103.71428571428571,0,16.0,134.28571428571428,97.0,0,35.75,133.5,106.66666666666667,0,64.5,160.0,99.6875,0,10.5,131.16666666666666,104.33333333333333
101323,1105860,145.56521739130434,35.492590882625585,138.0,27.0,36.6764705882353,86.13283878379383,34.0,78.75,182.08823529411765,76.27287222900605,165.0,73.0,69,12.538,5.503270059020577,66.03924070824694,0.3382352941176471,0,0.0,1,0.014492753623188406,2,0.028985507246376812,0,38,42.81578947368421,185.0,143.0,0,16.0,124.38888888888889,103.5,0,174.25,285.25,97.41666666666666,0,50.0,155.0,100.1875,13,-8.692307692307692,141.92307692307693,131.0,0,8.5,110.0,96.0,12,71.16666666666667,201.91666666666666,141.25,0,20.5,134.0,104.0,0,23.0,135.1818181818182,104.0,0,24.5,112.0,104.375,0,52.25,144.0,106.5,0,59.0,165.0,119.10416666666667,0,22.1,130.4,98.5,0,66.28571428571429,187.5,114.6,1,31.0,165.0,233.0,0,48.0,150.0,103.0,0,-15.466666666666669,117.4,113.88888888888889,0,-30.214285714285715,116.0,120.0,0,-20.75,119.25,101.33333333333333,0,37.25,153.0,107.66666666666667,0,74.0,178.0,103.71428571428571,0,16.0,134.28571428571428,97.0,0,35.75,133.5,106.66666666666667,0,64.5,160.0,99.6875,0,10.5,131.16666666666666,104.33333333333333
101323,1105881,151.046875,74.3720439932531,138.0,27.0,42.96825396825397,114.39113744308517,40.0,109.5,193.88888888888889,86.71758780820282,173.0,100.5,64,12.374,5.172135122030062,62.06562146436075,0.36507936507936506,0,0.0,3,0.046875,2,0.03125,0,41,39.951219512195124,178.41463414634146,141.1219512195122,0,16.0,124.38888888888889,103.5,2,267.5,387.5,99.5,0,50.0,155.0,100.1875,8,7.125,158.875,132.75,0,8.5,110.0,96.0,7,83.0,218.28571428571428,143.85714285714286,0,20.5,134.0,104.0,0,23.0,135.1818181818182,104.0,0,24.5,112.0,104.375,0,52.25,144.0,106.5,0,59.0,165.0,119.10416666666667,0,22.1,130.4,98.5,0,66.28571428571429,187.5,114.6,1,-13.0,102.0,675.0,0,48.0,150.0,103.0,0,-15.466666666666669,117.4,113.88888888888889,0,-30.214285714285715,116.0,120.0,0,-20.75,119.25,101.33333333333333,0,37.25,153.0,107.66666666666667,0,74.0,178.0,103.71428571428571,0,16.0,134.28571428571428,97.0,0,35.75,133.5,106.66666666666667,0,64.5,160.0,99.6875,0,10.5,131.16666666666666,104.33333333333333
101323,1105896,154.14705882352942,42.00429414528471,147.5,37.75,17.80597014925373,55.68842930436419,20.0,81.5,172.0597014925373,51.68096176413629,164.0,68.5,68,11.675,5.82441113490364,69.89293361884367,0.47761194029850745,0,0.0,0,0.0,1,0.014705882352941176,0,42,21.666666666666668,172.33333333333334,156.57142857142858,0,16.0,124.38888888888889,103.5,0,174.25,285.25,97.41666666666666,0,50.0,155.0,100.1875,12,-18.0,139.25,140.33333333333334,0,8.5,110.0,96.0,12,50.833333333333336,191.16666666666666,137.83333333333334,0,20.5,134.0,104.0,0,23.0,135.1818181818182,104.0,0,24.5,112.0,104.375,0,52.25,144.0,106.5,0,59.0,165.0,119.10416666666667,0,22.1,130.4,98.5,0,66.28571428571429,187.5,114.6,0,26.0,161.33333333333334,356.7083333333333,0,48.0,150.0,103.0,0,-15.466666666666669,117.4,113.88888888888889,0,-30.214285714285715,116.0,120.0,0,-20.75,119.25,101.33333333333333,0,37.25,153.0,107.66666666666667,0,74.0,178.0,103.71428571428571,0,16.0,134.28571428571428,97.0,0,35.75,133.5,106.66666666666667,0,64.5,160.0,99.6875,0,10.5,131.16666666666666,104.33333333333333
101323,1105913,173.07142857142858,56.75066303667333,155.5,55.0,32.53658536585366,107.97246658088248,18.0,76.0,206.3658536585366,94.36197976023641,185.0,63.0,42,8.603,4.882017900732303,58.584214808787635,0.36585365853658536,0,0.0,0,0.0,4,0.09523809523809523,0,27,36.77777777777778,199.07407407407408,165.2962962962963,0,16.0,124.38888888888889,103.5,0,174.25,285.25,97.41666666666666,0,50.0,155.0,100.1875,5,11.0,177.0,148.8,0,8.5,110.0,96.0,2,129.0,279.5,153.5,0,20.5,134.0,104.0,0,23.0,135.1818181818182,104.0,0,24.5,112.0,104.375,0,52.25,144.0,106.5,0,59.0,165.0,119.10416666666667,0,22.1,130.4,98.5,0,66.28571428571429,187.5,114.6,3,9.0,156.66666666666666,270.6666666666667,0,48.0,150.0,103.0,0,-15.466666666666669,117.4,113.88888888888889,0,-30.214285714285715,116.0,120.0,0,-20.75,119.25,101.33333333333333,0,37.25,153.0,107.66666666666667,0,74.0,178.0,103.71428571428571,0,16.0,134.28571428571428,97.0,0,35.75,133.5,106.66666666666667,0,64.5,160.0,99.6875,0,10.5,131.16666666666666,104.33333333333333
101328,1105809,106.61764705882354,44.13882824871487,103.5,24.75,38.666666666666664,89.65038716699398,32.0,80.0,145.36363636363637,78.31630434443903,136.0,48.0,34,4.981,6.825938566552901,81.91126279863481,0.30303030303030304,0,0.0,4,0.11764705882352941,3,0.08823529411764706,0,0,40.09090909090909,145.67857142857142,114.70833333333333,1,-15.0,73.0,112.0,1,65.0,128.0,87.0,1,24.0,137.0,128.0,0,11.222222222222221,122.5,98.85714285714286,1,-32.0,96.0,103.0,0,52.1,144.2,111.33333333333333,1,40.0,151.0,113.0,2,44.0,171.5,108.0,1,-8.0,95.0,88.0,0,62.666666666666664,150.375,104.54166666666667,0,37.4,145.4,81.6,0,41.6,130.4,116.0,0,14.0,128.42857142857142,85.85714285714286,0,70.66666666666667,174.66666666666666,157.33333333333334,0,22.5,130.05555555555557,119.1111111111111,0,-54.0,91.33333333333333,107.16666666666667,0,-45.4375,84.0,132.5625,0,-40.0,86.5,124.0,0,33.6,131.73333333333332,117.0,2,28.5,136.5,104.0,0,18.0,112.0,98.75,0,35.75,129.75,113.75,0,2.142857142857143,117.07142857142857,116.71428571428571,0,24.5,139.75,118.25
101328,1105819,106.17073170731707,31.446355746071863,104.0,32.0,49.375,81.12788900865102,56.0,88.0,156.0,82.09263060713793,144.0,72.0,41,6.328,6.47914032869785,77.7496839443742,0.3,0,0.0,6,0.14634146341463414,2,0.04878048780487805,0,0,40.09090909090909,145.67857142857142,114.70833333333333,1,80.0,208.0,80.0,5,72.0,147.2,80.0,3,85.33333333333333,194.66666666666666,136.0,0,11.222222222222221,122.5,98.85714285714286,1,-16.0,104.0,104.0,0,52.1,144.2,111.33333333333333,1,32.0,120.0,144.0,0,29.666666666666668,140.0,117.0,1,-24.0,80.0,88.0,3,93.33333333333333,186.66666666666666,106.66666666666667,0,37.4,145.4,81.6,1,-8.0,88.0,96.0,0,14.0,128.42857142857142,85.85714285714286,1,80.0,176.0,144.0,3,-8.0,98.66666666666667,125.33333333333333,1,-80.0,40.0,128.0,2,8.0,112.0,116.0,0,-40.0,86.5,124.0,0,33.6,131.73333333333332,117.0,3,90.66666666666667,216.0,93.33333333333333,0,18.0,112.0,98.75,0,35.75,129.75,113.75,1,64.0,168.0,104.0,0,24.5,139.75,118.25
101328,1105828,107.69565217391305,23.578610023952336,104.0,24.0,54.355555555555554,87.5828891344411,40.0,104.0,162.48888888888888,84.0099523792594,136.0,80.0,46,7.4,6.216216216216216,74.59459459459458,0.26666666666666666,0,0.0,0,0.0,1,0.021739130434782608,0,0,40.09090909090909,145.67857142857142,114.70833333333333,1,-8.0,88.0,128.0,0,68.25,138.8,78.0,1,24.0,136.0,136.0,0,11.222222222222221,122.5,98.85714285714286,1,-72.0,64.0,104.0,0,52.1,144.2,111.33333333333333,2,72.0,164.0,124.0,1,40.0,128.0,96.0,1,56.0,160.0,96.0,0,62.666666666666664,150.375,104.54166666666667,0,37.4,145.4,81.6,0,41.6,130.4,116.0,1,144.0,264.0,56.0,0,70.66666666666667,174.66666666666666,157.33333333333334,0,22.5,130.05555555555557,119.1111111111111,1,8.0,136.0,88.0,1,-72.0,80.0,128.0,0,-40.0,86.5,124.0,1,16.0,112.0,112.0,0,20.305555555555557,141.86111111111111,98.94444444444444,0,18.0,112.0,98.75,0,35.75,129.75,113.75,0,2.142857142857143,117.07142857142857,116.71428571428571,2,4.0,120.0,120.0
101328,1105835,113.42105263157895,29.669789330090744,105.0,24.0,3.4864864864864864,54.1402690823002,-7.0,74.0,117.4054054054054,44.447028575147414,112.0,72.0,38,4.464,8.512544802867383,102.1505376344086,0.5135135135135135,0,0.0,0,0.0,2,0.05263157894736842,0,0,40.09090909090909,145.67857142857142,114.70833333333333,3,-10.0,96.0,118.0,0,68.25,138.8,78.0,2,3.0,116.0,116.0,0,11.222222222222221,122.5,98.85714285714286,2,-48.0,68.0,100.0,0,52.1,144.2,111.33333333333333,1,80.0,200.0,112.0,0,29.666666666666668,140.0,117.0,3,0.0,106.66666666666667,103.66666666666667,1,72.0,168.0,104.0,2,36.0,152.0,88.0,0,41.6,130.4,116.0,0,14.0,128.42857142857142,85.85714285714286,0,70.66666666666667,174.66666666666666,157.33333333333334,0,22.5,130.05555555555557,119.1111111111111,2,-80.0,64.0,99.5,1,-16.0,80.0,160.0,0,-40.0,86.5,124.0,0,33.6,131.73333333333332,117.0,0,20.305555555555557,141.86111111111111,98.94444444444444,0,18.0,112.0,98.75,0,35.75,129.75,113.75,1,-8.0,104.0,120.0,0,24.5,139.75,118.25
101328,1105842,104.5,22.383357788373775,103.5,28.0,48.67164179104478,83.98443140368366,39.0,87.5,153.4179104477612,75.65517793166954,136.0,72.0,68,10.367,6.55927462139481,78.71129545673772,0.2835820895522388,0,0.0,1,0.014705882352941176,3,0.04411764705882353,0,0,40.09090909090909,145.67857142857142,114.70833333333333,0,15.1,114.8,122.53333333333333,0,68.25,138.8,78.0,0,4.569444444444444,121.34722222222223,121.91666666666667,0,11.222222222222221,122.5,98.85714285714286,0,-14.616666666666665,107.5,105.66666666666667,0,52.1,144.2,111.33333333333333,2,155.5,259.5,120.0,2,12.0,132.5,116.0,0,-8.875,95.70833333333333,96.45833333333334,3,53.0,152.33333333333334,101.66666666666667,1,63.0,175.0,88.0,0,41.6,130.4,116.0,1,49.0,169.0,98.0,2,60.0,156.0,168.0,2,43.5,147.5,112.0,0,-54.0,91.33333333333333,107.16666666666667,0,-45.4375,84.0,132.5625,0,-40.0,86.5,124.0,1,88.0,192.0,112.0,3,-26.333333333333332,85.66666666666667,101.33333333333333,0,18.0,112.0,98.75,0,35.75,129.75,113.75,0,2.142857142857143,117.07142857142857,116.71428571428571,0,24.5,139.75,118.25
101328,1105856,119.36363636363636,24.35945237705874,120.0,16.0,24.15625,61.520885363732376,24.0,84.0,144.25,59.55774508827546,136.0,84.75,33,4.712,7.003395585738541,84.04074702886248,0.34375,0,0.0,0,0.0,1,0.030303030303030304,0,0,40.09090909090909,145.67857142857142,114.70833333333333,0,15.1,114.8,122.53333333333333,0,68.25,138.8,78.0,1,-80.0,40.0,120.0,0,11.222222222222221,122.5,98.85714285714286,1,88.0,208.0,128.0,0,52.1,144.2,111.33333333333333,0,64.25,163.16666666666666,121.79166666666667,1,128.0,248.0,128.0,0,-8.875,95.70833333333333,96.45833333333334,0,62.666666666666664,150.375,104.54166666666667,1,16.0,136.0,96.0,0,41.6,130.4,116.0,0,14.0,128.42857142857142,85.85714285714286,0,70.66666666666667,174.66666666666666,157.33333333333334,0,22.5,130.05555555555557,119.1111111111111,0,-54.0,91.33333333333333,107.16666666666667,1,-88.0,40.0,128.0,1,-40.0,80.0,144.0,0,33.6,131.73333333333332,117.0,0,20.305555555555557,141.86111111111111,98.94444444444444,0,18.0,112.0,98.75,0,35.75,129.75,113.75,2,-16.0,107.5,112.0,0,24.5,139.75,118.25
101328,1105866,113.26785714285714,23.661671139681765,112.0,24.0,19.509090909090908,63.419776877355496,16.0,64.0,133.23636363636365,55.39148724762797,128.0,48.0,56,7.416,7.5512405609492985,90.61488673139158,0.36363636363636365,0,0.0,0,0.0,2,0.03571428571428571,0,0,40.09090909090909,145.67857142857142,114.70833333333333,1,-32.0,80.0,160.0,0,68.25,138.8,78.0,1,-16.0,112.0,120.0,0,11.222222222222221,122.5,98.85714285714286,1,-16.0,96.0,88.0,0,52.1,144.2,111.33333333333333,1,88.0,176.0,104.0,0,29.666666666666668,140.0,117.0,0,-8.875,95.70833333333333,96.45833333333334,0,62.666666666666664,150.375,104.54166666666667,1,48.0,128.0,88.0,0,41.6,130.4,116.0,1,-48.0,56.0,104.0,1,72.0,192.0,160.0,1,32.0,144.0,120.0,0,-54.0,91.33333333333333,107.16666666666667,1,-48.0,80.0,104.0,0,-40.0,86.5,124.0,3,64.0,162.66666666666666,112.0,0,20.305555555555557,141.86111111111111,98.94444444444444,2,12.0,112.0,101.5,1,24.0,128.0,112.0,1,-24.0,80.0,120.0,0,24.5,139.75,118.25
101328,1105876,112.82352941176471,27.017935859933637,108.0,22.25,9.333333333333334,43.489926849487084,16.0,48.0,122.18181818181819,36.11719522102469,112.0,37.0,34,4.144,8.204633204633204,98.45559845559846,0.36363636363636365,0,0.0,0,0.0,2,0.058823529411764705,0,0,40.09090909090909,145.67857142857142,114.70833333333333,0,15.1,114.8,122.53333333333333,0,68.25,138.8,78.0,0,4.569444444444444,121.34722222222223,121.91666666666667,0,11.222222222222221,122.5,98.85714285714286,0,-14.616666666666665,107.5,105.66666666666667,0,52.1,144.2,111.33333333333333,0,64.25,163.16666666666666,121.79166666666667,2,4.0,116.0,116.0,0,-8.875,95.70833333333333,96.45833333333334,0,62.666666666666664,150.375,104.54166666666667,0,37.4,145.4,81.6,2,32.0,120.0,124.0,0,14.0,128.42857142857142,85.85714285714286,0,70.66666666666667,174.66666666666666,157.33333333333334,0,22.5,130.05555555555557,119.1111111111111,1,-64.0,96.0,112.0,0,-45.4375,84.0,132.5625,1,-40.0,93.0,104.0,0,33.6,131.73333333333332,117.0,0,20.305555555555557,141.86111111111111,98.94444444444444,0,18.0,112.0,98.75,0,35.75,129.75,113.75,1,-32.0,96.0,128.0,0,24.5,139.75,118.25
101328,1105885,104.38095238095238,22.930487483606353,99.5,32.0,28.073170731707318,56.70565431603691,13.0,72.0,132.0731707317073,52.395024081329005,120.0,58.0,42,5.535,7.588075880758807,91.0569105691057,0.2926829268292683,0,0.0,0,0.0,2,0.047619047619047616,0,0,40.09090909090909,145.67857142857142,114.70833333333333,1,8.0,97.0,128.0,0,68.25,138.8,78.0,2,96.0,207.5,108.0,0,11.222222222222221,122.5,98.85714285714286,1,-23.0,88.0,95.0,0,52.1,144.2,111.33333333333333,0,64.25,163.16666666666666,121.79166666666667,0,29.666666666666668,140.0,117.0,1,8.0,103.0,89.0,1,72.0,136.0,96.0,0,37.4,145.4,81.6,1,56.0,136.0,120.0,1,24.0,129.0,88.0,0,70.66666666666667,174.66666666666666,157.33333333333334,0,22.5,130.05555555555557,119.1111111111111,0,-54.0,91.33333333333333,107.16666666666667,0,-45.4375,84.0,132.5625,0,-40.0,86.5,124.0,1,-15.0,73.0,128.0,0,20.305555555555557,141.86111111111111,98.94444444444444,0,18.0,112.0,98.75,1,64.0,152.0,103.0,0,2.142857142857143,117.07142857142857,116.71428571428571,0,24.5,139.75,118.25
101328,1105890,106.225,26.47497639281289,104.0,31.25,59.46153846153846,109.94353939201426,39.0,92.5,165.92307692307693,95.38595946116712,145.0,80.5,40,6.568,6.090133982947625,73.08160779537151,0.2564102564102564,0,0.0,3,0.075,2,0.05,0,0,40.09090909090909,145.67857142857142,114.70833333333333,0,15.1,114.8,122.53333333333333,1,64.0,128.0,65.0,1,-27.0,95.0,112.0,0,11.222222222222221,122.5,98.85714285714286,0,-14.616666666666665,107.5,105.66666666666667,0,52.1,144.2,111.33333333333333,2,60.0,163.0,132.0,1,15.0,128.0,136.0,0,-8.875,95.70833333333333,96.45833333333334,1,63.0,152.0,107.0,0,37.4,145.4,81.6,1,112.0,196.0,128.0,0,14.0,128.42857142857142,85.85714285714286,0,70.66666666666667,174.66666666666666,157.33333333333334,0,22.5,130.05555555555557,119.1111111111111,0,-54.0,91.33333333333333,107.16666666666667,0,-45.4375,84.0,132.5625,0,-40.0,86.5,124.0,0,33.6,131.73333333333332,117.0,2,20.0,148.0,104.0,0,18.0,112.0,98.75,1,39.0,127.0,120.0,0,2.142857142857143,117.07142857142857,116.71428571428571,0,24.5,139.75,118.25
101328,1105903,108.75925925925925,76.02994906618616,96.0,30.25,50.9811320754717,108.81913167079733,24.0,96.0,160.1320754716981,99.74193829168843,128.0,72.0,54,8.575,6.297376093294461,75.56851311953353,0.2830188679245283,0,0.0,2,0.037037037037037035,1,0.018518518518518517,0,0,40.09090909090909,145.67857142857142,114.70833333333333,1,40.0,136.0,136.0,1,72.0,152.0,80.0,2,4.0,140.0,108.0,0,11.222222222222221,122.5,98.85714285714286,0,-14.616666666666665,107.5,105.66666666666667,0,52.1,144.2,111.33333333333333,2,112.0,196.0,120.0,1,40.0,120.0,120.0,0,-8.875,95.70833333333333,96.45833333333334,2,24.0,112.0,100.0,0,37.4,145.4,81.6,0,41.6,130.4,116.0,1,-31.0,81.0,87.0,0,70.66666666666667,174.66666666666666,157.33333333333334,0,22.5,130.05555555555557,119.1111111111111,0,-54.0,91.33333333333333,107.16666666666667,1,-27.0,96.0,120.0,0,-40.0,86.5,124.0,0,33.6,131.73333333333332,117.0,0,20.305555555555557,141.86111111111111,98.94444444444444,0,18.0,112.0,98.75,0,35.75,129.75,113.75,0,2.142857142857143,117.07142857142857,116.71428571428571,0,24.5,139.75,118.25
101328,1105916,106.79166666666667,26.76281494702844,104.0,32.0,16.04255319148936,46.16388818334757,8.0,72.0,123.06382978723404,38.76684493460609,120.0,56.0,48,5.88,8.16326530612245,97.95918367346938,0.3829787234042553,0,0.0,0,0.0,1,0.020833333333333332,0,0,40.09090909090909,145.67857142857142,114.70833333333333,3,26.666666666666668,112.0,136.0,0,68.25,138.8,78.0,2,-32.0,76.0,116.0,0,11.222222222222221,122.5,98.85714285714286,3,-10.666666666666666,112.0,98.66666666666667,0,52.1,144.2,111.33333333333333,1,40.0,120.0,120.0,1,-40.0,72.0,128.0,2,-24.0,76.0,84.0,0,62.666666666666664,150.375,104.54166666666667,0,37.4,145.4,81.6,0,41.6,130.4,116.0,1,-48.0,72.0,96.0,0,70.66666666666667,174.66666666666666,157.33333333333334,0,22.5,130.05555555555557,119.1111111111111,0,-54.0,91.33333333333333,107.16666666666667,0,-45.4375,84.0,132.5625,0,-40.0,86.5,124.0,0,33.6,131.73333333333332,117.0,0,20.305555555555557,141.86111111111111,98.94444444444444,0,18.0,112.0,98.75,0,35.75,129.75,113.75,0,2.142857142857143,117.07142857142857,116.71428571428571,1,64.0,152.0,104.0
101328,1105923,114.25,28.929872104798527,108.0,24.0,22.451612903225808,64.39937823266139,8.0,60.0,137.29032258064515,59.10635223129144,120.0,64.0,32,4.352,7.352941176470588,88.23529411764706,0.41935483870967744,0,0.0,0,0.0,1,0.03125,0,0,40.09090909090909,145.67857142857142,114.70833333333333,0,15.1,114.8,122.53333333333333,0,68.25,138.8,78.0,0,4.569444444444444,121.34722222222223,121.91666666666667,0,11.222222222222221,122.5,98.85714285714286,0,-14.616666666666665,107.5,105.66666666666667,0,52.1,144.2,111.33333333333333,1,56.0,160.0,136.0,0,29.666666666666668,140.0,117.0,1,-40.0,80.0,128.0,2,68.0,152.0,100.0,0,37.4,145.4,81.6,0,41.6,130.4,116.0,0,14.0,128.42857142857142,85.85714285714286,0,70.66666666666667,174.66666666666666,157.33333333333334,0,22.5,130.05555555555557,119.1111111111111,2,-60.0,100.0,108.0,1,-48.0,80.0,168.0,0,-40.0,86.5,124.0,0,33.6,131.73333333333332,117.0,1,24.0,160.0,88.0,1,24.0,112.0,96.0,0,35.75,129.75,113.75,1,8.0,128.0,120.0,0,24.5,139.75,118.25
101328,1105933,112.33333333333333,21.981232976669055,112.0,16.75,4.341463414634147,42.97282735102898,7.0,47.0,117.04878048780488,36.43902439024391,119.0,47.0,42,4.896,8.57843137254902,102.94117647058825,0.4634146341463415,0,0.0,0,0.0,1,0.023809523809523808,0,0,40.09090909090909,145.67857142857142,114.70833333333333,1,16.0,120.0,120.0,0,68.25,138.8,78.0,3,-28.0,92.0,121.0,0,11.222222222222221,122.5,98.85714285714286,1,0.0,117.0,120.0,0,52.1,144.2,111.33333333333333,2,24.0,132.5,112.0,0,29.666666666666668,140.0,117.0,0,-8.875,95.70833333333333,96.45833333333334,1,56.0,144.0,121.0,0,37.4,145.4,81.6,0,41.6,130.4,116.0,0,14.0,128.42857142857142,85.85714285714286,0,70.66666666666667,174.66666666666666,157.33333333333334,0,22.5,130.05555555555557,119.1111111111111,0,-54.0,91.33333333333333,107.16666666666667,0,-45.4375,84.0,132.5625,0,-40.0,86.5,124.0,1,15.0,119.0,121.0,0,20.305555555555557,141.86111111111111,98.94444444444444,0,18.0,112.0,98.75,0,35.75,129.75,113.75,1,23.0,136.0,113.0,1,15.0,127.0,129.0
101328,1105938,112.34375,24.539011511010383,112.0,32.0,28.46031746031746,53.1239417513498,31.0,76.5,140.8095238095238,42.77955940572373,136.0,55.0,64,8.983,7.124568629633752,85.49482355560504,0.30158730158730157,0,0.0,0,0.0,1,0.015625,0,0,40.09090909090909,145.67857142857142,114.70833333333333,3,45.333333333333336,138.0,107.33333333333333,0,68.25,138.8,78.0,2,1.5,110.0,142.0,0,11.222222222222221,122.5,98.85714285714286,2,-16.5,122.0,116.0,0,52.1,144.2,111.33333333333333,2,11.5,116.0,124.5,1,24.0,144.0,105.0,1,-39.0,65.0,95.0,0,62.666666666666664,150.375,104.54166666666667,1,24.0,136.0,48.0,1,16.0,112.0,112.0,1,8.0,128.0,72.0,0,70.66666666666667,174.66666666666666,157.33333333333334,0,22.5,130.05555555555557,119.1111111111111,2,-48.0,112.0,107.5,2,-72.5,104.0,136.5,0,-40.0,86.5,124.0,0,33.6,131.73333333333332,117.0,1,-15.0,105.0,103.0,0,18.0,112.0,98.75,1,16.0,112.0,120.0,0,2.142857142857143,117.07142857142857,116.71428571428571,1,15.0,160.0,120.0
101329,1105821,113.48235294117647,45.10656969619597,110.0,26.0,110.25,166.61553084585967,58.5,101.0,223.71428571428572,160.67184624840388,170.5,114.5,85,18.907,4.495689427196276,53.94827312635532,0.19047619047619047,0,0.0,12,0.1411764705882353,1,0.011764705882352941,0,0,40.09090909090909,145.67857142857142,114.70833333333333,1,25.0,132.0,104.0,3,44.333333333333336,134.33333333333334,86.66666666666667,1,30.0,141.0,110.0,0,11.222222222222221,122.5,98.85714285714286,1,-55.0,55.0,141.0,0,52.1,144.2,111.33333333333333,1,643.0,726.0,109.0,0,74.75,192.0,118.0,1,-37.0,104.0,107.0,1,-39.0,95.0,140.0,0,106.41666666666667,225.33333333333334,118.5,1,3.0,131.0,99.0,0,13.25,134.5,126.0,0,163.8125,287.125,232.5625,2,53.5,161.0,106.0,1,-76.0,77.0,103.0,0,135.5,271.0,126.0,0,28.5,149.5,94.5,1,-48.0,65.0,126.0,1,98.0,221.0,60.0,0,16.0,138.125,124.75,0,66.25,178.5,111.0,1,56.0,159.0,104.0,0,11.0,133.0,124.0
101329,1105847,119.10714285714286,31.837017185429072,116.5,25.0,90.45454545454545,104.31086724207306,68.0,139.0,210.3090909090909,93.61990323105303,182.0,138.5,56,11.645,4.8089308716187205,57.707170459424646,0.14545454545454545,0,0.0,1,0.017857142857142856,2,0.03571428571428571,1,0,40.09090909090909,145.67857142857142,114.70833333333333,3,127.33333333333333,239.0,115.66666666666667,0,60.6521164021164,144.57804232804233,99.38492063492065,1,80.0,219.0,106.0,0,11.222222222222221,122.5,98.85714285714286,1,52.0,154.0,119.0,0,52.1,144.2,111.33333333333333,2,104.0,205.0,129.5,0,74.75,192.0,118.0,1,18.0,137.0,92.0,1,4.0,128.0,132.0,1,-16.0,108.0,109.0,0,23.98148148148148,142.53703703703704,113.77777777777777,0,13.25,134.5,126.0,1,104.0,224.0,275.0,0,71.72222222222223,190.94444444444446,120.33333333333333,0,-38.666666666666664,99.66666666666667,119.66666666666667,1,-67.0,72.0,131.0,0,28.5,149.5,94.5,0,-0.5,122.125,127.25,0,94.5,216.33333333333334,98.66666666666667,1,48.0,168.0,120.0,0,66.25,178.5,111.0,0,52.333333333333336,145.0,116.33333333333333,0,11.0,133.0,124.0
101329,1105862,121.96296296296296,40.87331963380902,111.0,17.5,86.26923076923077,143.34722709139825,45.5,116.0,208.15384615384616,129.6443930104702,161.0,112.75,27,5.56,4.856115107913669,58.27338129496404,0.19230769230769232,0,0.0,3,0.1111111111111111,3,0.1111111111111111,0,0,40.09090909090909,145.67857142857142,114.70833333333333,0,59.41666666666666,170.05303030303028,126.33333333333334,1,42.0,117.0,93.0,0,58.94444444444445,181.20833333333334,113.84722222222223,0,11.222222222222221,122.5,98.85714285714286,0,-30.6,83.3,122.45,0,52.1,144.2,111.33333333333333,0,211.7,316.5,115.5,1,27.0,131.0,114.0,0,-14.083333333333334,114.25,104.52083333333333,0,9.462962962962965,135.1851851851852,138.72222222222223,0,106.41666666666667,225.33333333333334,118.5,1,15.0,113.0,111.0,0,13.25,134.5,126.0,1,263.0,374.0,220.0,0,71.72222222222223,190.94444444444446,120.33333333333333,0,-38.666666666666664,99.66666666666667,119.66666666666667,0,135.5,271.0,126.0,0,28.5,149.5,94.5,0,-0.5,122.125,127.25,0,94.5,216.33333333333334,98.66666666666667,0,16.0,138.125,124.75,0,66.25,178.5,111.0,0,52.333333333333336,145.0,116.33333333333333,0,11.0,133.0,124.0
101329,1105873,113.19354838709677,29.758619629405842,113.0,28.0,70.5,121.10759678897108,55.0,96.5,184.36666666666667,120.80962526038873,147.0,114.75,31,5.624,5.512091038406828,66.14509246088194,0.26666666666666666,0,0.0,4,0.12903225806451613,2,0.06451612903225806,0,0,40.09090909090909,145.67857142857142,114.70833333333333,2,-12.0,102.0,132.0,2,62.5,132.0,100.5,1,15.0,116.0,113.0,0,11.222222222222221,122.5,98.85714285714286,2,-20.5,92.5,127.0,0,52.1,144.2,111.33333333333333,0,211.7,316.5,115.5,0,74.75,192.0,118.0,1,-62.0,64.0,107.0,0,9.462962962962965,135.1851851851852,138.72222222222223,0,106.41666666666667,225.33333333333334,118.5,0,23.98148148148148,142.53703703703704,113.77777777777777,0,13.25,134.5,126.0,1,329.0,461.0,178.0,1,58.0,196.0,101.0,0,-38.666666666666664,99.66666666666667,119.66666666666667,0,135.5,271.0,126.0,0,28.5,149.5,94.5,1,-52.0,76.0,138.0,0,94.5,216.33333333333334,98.66666666666667,0,16.0,138.125,124.75,0,66.25,178.5,111.0,1,58.0,144.0,115.0,0,11.0,133.0,124.0
101329,1105883,120.47945205479452,47.91977016120272,117.0,23.0,96.41666666666667,169.25709816069096,52.5,86.25,217.30555555555554,163.0684620104977,164.0,98.75,73,15.737,4.638749443985512,55.664993327826146,0.19444444444444445,0,0.0,11,0.1506849315068493,2,0.0273972602739726,1,0,40.09090909090909,145.67857142857142,114.70833333333333,2,38.0,144.0,127.0,7,59.0,155.14285714285714,103.85714285714286,1,127.0,258.0,112.0,0,11.222222222222221,122.5,98.85714285714286,1,-33.0,83.0,125.0,0,52.1,144.2,111.33333333333333,0,211.7,316.5,115.5,0,74.75,192.0,118.0,3,-2.6666666666666665,110.0,107.66666666666667,1,31.0,157.0,135.0,0,106.41666666666667,225.33333333333334,118.5,3,10.666666666666666,126.33333333333333,111.0,1,2.0,119.0,123.0,1,53.0,181.0,203.0,2,74.0,182.5,126.5,0,-38.666666666666664,99.66666666666667,119.66666666666667,0,135.5,271.0,126.0,0,28.5,149.5,94.5,0,-0.5,122.125,127.25,0,94.5,216.33333333333334,98.66666666666667,2,43.0,171.5,124.0,0,66.25,178.5,111.0,0,52.333333333333336,145.0,116.33333333333333,0,11.0,133.0,124.0
101329,1105904,114.8913043478261,40.09783050667648,109.5,22.0,43.266666666666666,94.96535040622857,32.0,65.0,158.86666666666667,86.9064886977824,137.0,55.0,46,7.232,6.360619469026548,76.32743362831857,0.28888888888888886,0,0.0,1,0.021739130434782608,2,0.043478260869565216,0,0,40.09090909090909,145.67857142857142,114.70833333333333,2,-3.0,113.0,115.0,0,60.6521164021164,144.57804232804233,99.38492063492065,2,14.0,144.0,105.5,0,11.222222222222221,122.5,98.85714285714286,0,-30.6,83.3,122.45,0,52.1,144.2,111.33333333333333,0,211.7,316.5,115.5,0,74.75,192.0,118.0,0,-14.083333333333334,114.25,104.52083333333333,1,1.0,122.0,110.0,0,106.41666666666667,225.33333333333334,118.5,1,87.0,208.0,122.0,1,49.0,151.0,104.0,1,61.0,181.0,252.0,1,52.0,162.0,113.0,1,-79.0,74.0,119.0,0,135.5,271.0,126.0,0,28.5,149.5,94.5,0,-0.5,122.125,127.25,1,114.0,247.0,121.0,0,16.0,138.125,124.75,1,43.0,140.0,92.0,1,43.0,132.0,130.0,0,11.0,133.0,124.0
101329,1105915,133.2,43.57170335588607,123.5,30.0,102.58620689655173,193.8158595057618,50.0,100.0,234.20689655172413,188.55299800291124,172.0,121.0,30,6.984,4.29553264604811,51.54639175257732,0.27586206896551724,0,0.0,0,0.0,2,0.06666666666666667,0,0,40.09090909090909,145.67857142857142,114.70833333333333,2,144.5,242.5,142.5,0,60.6521164021164,144.57804232804233,99.38492063492065,2,76.0,185.0,112.5,0,11.222222222222221,122.5,98.85714285714286,2,-46.5,66.0,116.0,0,52.1,144.2,111.33333333333333,2,-7.5,104.0,109.0,0,74.75,192.0,118.0,1,18.0,158.0,86.0,0,9.462962962962965,135.1851851851852,138.72222222222223,0,106.41666666666667,225.33333333333334,118.5,0,23.98148148148148,142.53703703703704,113.77777777777777,0,13.25,134.5,126.0,0,163.8125,287.125,232.5625,0,71.72222222222223,190.94444444444446,120.33333333333333,1,39.0,148.0,137.0,1,749.0,868.0,109.0,0,28.5,149.5,94.5,1,-5.0,116.0,136.0,0,94.5,216.33333333333334,98.66666666666667,0,16.0,138.125,124.75,0,66.25,178.5,111.0,0,52.333333333333336,145.0,116.33333333333333,0,11.0,133.0,124.0
101329,1105925,123.40322580645162,29.990030428094666,121.0,19.5,72.88524590163935,127.63653549102877,46.0,120.0,196.72131147540983,120.42889625840526,167.0,104.0,62,12.097,5.1252376622303055,61.50285194676366,0.3114754098360656,0,0.0,2,0.03225806451612903,2,0.03225806451612903,0,0,40.09090909090909,145.67857142857142,114.70833333333333,4,83.25,186.75,125.5,0,60.6521164021164,144.57804232804233,99.38492063492065,1,40.0,171.0,108.0,0,11.222222222222221,122.5,98.85714285714286,2,-39.5,73.0,116.5,0,52.1,144.2,111.33333333333333,0,211.7,316.5,115.5,1,152.0,273.0,133.0,2,-27.0,89.5,107.5,0,9.462962962962965,135.1851851851852,138.72222222222223,1,230.0,363.0,133.0,2,-31.5,92.5,128.0,0,13.25,134.5,126.0,1,74.0,199.0,245.0,0,71.72222222222223,190.94444444444446,120.33333333333333,0,-38.666666666666664,99.66666666666667,119.66666666666667,0,135.5,271.0,126.0,0,28.5,149.5,94.5,1,-30.0,91.0,143.0,0,94.5,216.33333333333334,98.66666666666667,1,-9.0,124.0,124.0,0,66.25,178.5,111.0,0,52.333333333333336,145.0,116.33333333333333,0,11.0,133.0,124.0
101329,1105942,125.32727272727273,42.57402304242024,119.0,23.0,57.48148148148148,112.55825499791467,45.5,114.25,183.94444444444446,103.19693805870094,155.0,89.75,55,9.997,5.501650495148545,66.01980594178254,0.2777777777777778,0,0.0,7,0.12727272727272726,4,0.07272727272727272,0,0,40.09090909090909,145.67857142857142,114.70833333333333,2,145.5,247.0,114.0,4,60.25,136.75,97.75,1,39.0,169.0,120.0,0,11.222222222222221,122.5,98.85714285714286,1,-49.0,71.0,117.0,0,52.1,144.2,111.33333333333333,0,211.7,316.5,115.5,0,74.75,192.0,118.0,0,-14.083333333333334,114.25,104.52083333333333,2,-30.0,89.0,138.0,2,35.5,150.0,109.0,1,6.0,149.0,111.0,0,13.25,134.5,126.0,1,101.0,212.0,283.0,0,71.72222222222223,190.94444444444446,120.33333333333333,0,-38.666666666666664,99.66666666666667,119.66666666666667,0,135.5,271.0,126.0,0,28.5,149.5,94.5,0,-0.5,122.125,127.25,0,94.5,216.33333333333334,98.66666666666667,1,-18.0,89.0,131.0,2,89.5,217.0,130.0,0,52.333333333333336,145.0,116.33333333333333,0,11.0,133.0,124.0
101329,1105957,117.46551724137932,41.969699873731315,110.0,25.5,49.666666666666664,118.28071476525713,39.0,94.0,167.78947368421052,108.19957791565778,151.0,74.0,58,9.644,6.014102032351722,72.16922438822066,0.3157894736842105,0,0.0,6,0.10344827586206896,3,0.05172413793103448,0,0,40.09090909090909,145.67857142857142,114.70833333333333,2,-22.0,95.0,140.0,3,59.666666666666664,147.0,105.33333333333333,3,46.333333333333336,162.0,107.66666666666667,0,11.222222222222221,122.5,98.85714285714286,2,-72.5,44.0,116.5,0,52.1,144.2,111.33333333333333,0,211.7,316.5,115.5,1,17.0,131.0,124.0,1,-45.0,90.0,107.0,1,-45.0,55.0,159.0,1,98.0,222.0,104.0,1,-5.0,110.0,95.0,1,15.0,147.0,147.0,0,163.8125,287.125,232.5625,1,43.0,150.0,102.0,0,-38.666666666666664,99.66666666666667,119.66666666666667,1,-79.0,68.0,142.0,1,55.0,156.0,90.0,1,-11.0,102.0,107.0,0,94.5,216.33333333333334,98.66666666666667,0,16.0,138.125,124.75,0,66.25,178.5,111.0,0,52.333333333333336,145.0,116.33333333333333,1,1.0,143.0,110.0
101329,1105973,114.23255813953489,36.734013899611526,113.0,27.5,113.0,160.2397014000023,77.0,135.25,227.83333333333334,154.75432399015799,178.0,137.75,43,9.658,4.452267550217437,53.42721060260924,0.21428571428571427,0,0.0,6,0.13953488372093023,2,0.046511627906976744,0,0,40.09090909090909,145.67857142857142,114.70833333333333,1,130.0,251.0,132.0,3,106.33333333333333,193.33333333333334,118.0,1,245.0,367.0,121.0,0,11.222222222222221,122.5,98.85714285714286,1,-80.0,41.0,110.0,0,52.1,144.2,111.33333333333333,2,258.0,367.5,117.0,0,74.75,192.0,118.0,0,-14.083333333333334,114.25,104.52083333333333,0,9.462962962962965,135.1851851851852,138.72222222222223,0,106.41666666666667,225.33333333333334,118.5,0,23.98148148148148,142.53703703703704,113.77777777777777,0,13.25,134.5,126.0,0,163.8125,287.125,232.5625,2,200.0,313.0,124.5,0,-38.666666666666664,99.66666666666667,119.66666666666667,1,-61.0,76.0,122.0,0,28.5,149.5,94.5,2,59.5,152.5,117.5,0,94.5,216.33333333333334,98.66666666666667,0,16.0,138.125,124.75,0,66.25,178.5,111.0,0,52.333333333333336,145.0,116.33333333333333,0,11.0,133.0,124.0
101329,1105985,130.3953488372093,26.04302302218632,129.0,15.5,34.285714285714285,73.75870754545195,19.0,80.0,164.61904761904762,68.60305157066453,149.5,72.75,43,7.047,6.101887327940968,73.2226479352916,0.38095238095238093,0,0.0,0,0.0,1,0.023255813953488372,0,0,40.09090909090909,145.67857142857142,114.70833333333333,3,-3.0,118.33333333333333,142.0,0,60.6521164021164,144.57804232804233,99.38492063492065,2,6.0,125.5,132.5,0,11.222222222222221,122.5,98.85714285714286,2,38.0,153.5,136.5,0,52.1,144.2,111.33333333333333,0,211.7,316.5,115.5,1,103.0,233.0,101.0,2,25.0,161.5,122.0,0,9.462962962962965,135.1851851851852,138.72222222222223,0,106.41666666666667,225.33333333333334,118.5,0,23.98148148148148,142.53703703703704,113.77777777777777,1,-13.0,121.0,130.0,0,163.8125,287.125,232.5625,1,64.0,189.0,126.0,0,-38.666666666666664,99.66666666666667,119.66666666666667,0,135.5,271.0,126.0,0,28.5,149.5,94.5,0,-0.5,122.125,127.25,0,94.5,216.33333333333334,98.66666666666667,0,16.0,138.125,124.75,0,66.25,178.5,111.0,0,52.333333333333336,145.0,116.33333333333333,1,21.0,123.0,138.0
101329,1105998,125.97560975609755,35.536643955958866,126.0,29.0,71.025,140.56786394834347,49.0,80.5,197.4,139.45300283608097,150.0,66.0,41,8.006,5.121159130652011,61.45390956782412,0.3,0,0.0,9,0.21951219512195122,1,0.024390243902439025,0,0,40.09090909090909,145.67857142857142,114.70833333333333,0,59.41666666666666,170.05303030303028,126.33333333333334,7,55.285714285714285,148.14285714285714,95.85714285714286,0,58.94444444444445,181.20833333333334,113.84722222222223,0,11.222222222222221,122.5,98.85714285714286,0,-30.6,83.3,122.45,0,52.1,144.2,111.33333333333333,0,211.7,316.5,115.5,0,74.75,192.0,118.0,0,-14.083333333333334,114.25,104.52083333333333,2,-27.5,108.0,156.5,1,-7.0,101.0,123.0,0,23.98148148148148,142.53703703703704,113.77777777777777,0,13.25,134.5,126.0,0,163.8125,287.125,232.5625,0,71.72222222222223,190.94444444444446,120.33333333333333,0,-38.666666666666664,99.66666666666667,119.66666666666667,0,135.5,271.0,126.0,0,28.5,149.5,94.5,1,11.0,162.0,129.0,0,94.5,216.33333333333334,98.66666666666667,0,16.0,138.125,124.75,0,66.25,178.5,111.0,0,52.333333333333336,145.0,116.33333333333333,0,11.0,133.0,124.0
101329,1106010,152.75,191.3155007659686,128.0,22.5,83.96610169491525,181.62216004771125,55.0,100.5,237.94915254237287,243.46422308628968,180.0,106.5,60,14.119,4.249592747361711,50.995112968340536,0.3050847457627119,0,0.0,3,0.05,4,0.06666666666666667,0,0,40.09090909090909,145.67857142857142,114.70833333333333,0,59.41666666666666,170.05303030303028,126.33333333333334,2,56.5,137.5,93.5,1,-11.0,117.0,118.0,0,11.222222222222221,122.5,98.85714285714286,0,-30.6,83.3,122.45,0,52.1,144.2,111.33333333333333,1,61.0,180.0,113.0,0,74.75,192.0,118.0,0,-14.083333333333334,114.25,104.52083333333333,3,257.6666666666667,397.6666666666667,143.0,0,106.41666666666667,225.33333333333334,118.5,3,30.666666666666668,152.0,144.0,0,13.25,134.5,126.0,2,325.5,465.0,204.5,1,83.0,212.0,129.0,0,-38.666666666666664,99.66666666666667,119.66666666666667,0,135.5,271.0,126.0,0,28.5,149.5,94.5,2,71.5,212.5,121.5,0,94.5,216.33333333333334,98.66666666666667,0,16.0,138.125,124.75,0,66.25,178.5,111.0,0,52.333333333333336,145.0,116.33333333333333,0,11.0,133.0,124.0
101329,1106030,126.37931034482759,46.8860789523327,110.0,34.0,89.5,191.06291035752,44.0,128.75,217.07142857142858,184.35910775506835,159.0,100.5,29,6.171,4.699400421325555,56.39280505590665,0.2857142857142857,0,0.0,0,0.0,2,0.06896551724137931,0,0,40.09090909090909,145.67857142857142,114.70833333333333,0,59.41666666666666,170.05303030303028,126.33333333333334,0,60.6521164021164,144.57804232804233,99.38492063492065,0,58.94444444444445,181.20833333333334,113.84722222222223,0,11.222222222222221,122.5,98.85714285714286,0,-30.6,83.3,122.45,0,52.1,144.2,111.33333333333333,0,211.7,316.5,115.5,0,74.75,192.0,118.0,0,-14.083333333333334,114.25,104.52083333333333,1,-67.0,65.0,135.0,1,298.0,408.0,133.0,1,100.0,201.0,103.0,0,13.25,134.5,126.0,0,163.8125,287.125,232.5625,1,18.0,153.0,155.0,0,-38.666666666666664,99.66666666666667,119.66666666666667,0,135.5,271.0,126.0,1,2.0,143.0,99.0,0,-0.5,122.125,127.25,2,71.5,181.0,115.0,0,16.0,138.125,124.75,0,66.25,178.5,111.0,0,52.333333333333336,145.0,116.33333333333333,0,11.0,133.0,124.0
101336,1105937,102.46428571428571,52.51835199164543,90.0,24.75,52.148148148148145,66.99624295917435,50.0,48.0,155.33333333333334,73.17558791473195,144.0,44.5,28,4.277,6.546644844517185,78.55973813420621,0.1111111111111111,0,0.0,0,0.0,1,0.03571428571428571,0,0,40.09090909090909,145.67857142857142,114.70833333333333,0,51.819444444444436,145.27083333333334,94.1388888888889,0,74.0,140.0,70.0,0,31.3,129.05,95.85,0,11.222222222222221,122.5,98.85714285714286,0,-5.222222222222222,95.0,87.44444444444444,0,52.1,144.2,111.33333333333333,0,16.333333333333332,110.55555555555556,101.5,0,111.46666666666665,202.43333333333334,100.36666666666666,0,40.125,124.5,100.0625,2,45.5,123.0,90.0,0,53.13333333333334,151.6,100.0,1,10.0,78.0,97.0,0,94.57142857142857,195.57142857142858,101.57142857142857,0,92.0,181.25,169.75,0,70.16666666666666,163.58333333333334,103.08333333333333,0,-6.4,123.2,113.73333333333332,0,-17.2,109.1,130.7,0,43.666666666666664,138.91666666666666,96.25,1,50.0,120.0,83.0,0,57.75,152.25,89.0,0,95.0,200.33333333333334,99.33333333333333,0,51.5,134.83333333333334,98.16666666666667,0,35.0,123.5,83.5,0,53.333333333333336,170.33333333333334,104.33333333333333
101336,1105951,96.94339622641509,23.83466248209648,94.0,19.0,92.25,96.69895294159085,70.0,78.25,189.21153846153845,92.57789579559922,164.5,70.25,53,9.935,5.334675390035229,64.01610468042274,0.09615384615384616,0,0.0,0,0.0,1,0.018867924528301886,0,0,40.09090909090909,145.67857142857142,114.70833333333333,1,32.0,116.0,88.0,0,74.0,140.0,70.0,2,35.0,136.0,105.5,0,11.222222222222221,122.5,98.85714285714286,1,-10.0,104.0,102.0,0,52.1,144.2,111.33333333333333,3,24.0,127.66666666666667,106.0,0,111.46666666666665,202.43333333333334,100.36666666666666,1,16.0,103.0,84.0,1,57.0,139.0,73.0,0,53.13333333333334,151.6,100.0,1,31.0,115.0,102.0,1,181.0,283.0,108.0,0,92.0,181.25,169.75,1,60.0,133.0,100.0,0,-6.4,123.2,113.73333333333332,1,-24.0,103.0,106.0,0,43.666666666666664,138.91666666666666,96.25,0,79.92857142857143,164.78571428571428,83.85714285714286,2,65.0,148.0,79.0,0,95.0,200.33333333333334,99.33333333333333,1,73.0,169.0,114.0,1,40.0,130.0,78.0,0,53.333333333333336,170.33333333333334,104.33333333333333
101336,1105967,110.7,37.79563466856986,97.5,34.0,32.473684210526315,62.24600466658812,40.0,103.0,142.31578947368422,55.79006951022448,134.0,69.5,20,2.831,7.064641469445426,84.7756976333451,0.3157894736842105,0,0.0,0,0.0,1,0.05,0,0,40.09090909090909,145.67857142857142,114.70833333333333,1,-40.0,50.0,91.0,0,74.0,140.0,70.0,1,40.0,134.0,110.0,0,11.222222222222221,122.5,98.85714285714286,1,-40.0,70.0,90.0,0,52.1,144.2,111.33333333333333,1,10.0,92.0,94.0,0,111.46666666666665,202.43333333333334,100.36666666666666,2,60.0,154.0,104.0,0,52.25,140.875,84.25,0,53.13333333333334,151.6,100.0,0,12.333333333333334,101.16666666666667,94.0,0,94.57142857142857,195.57142857142858,101.57142857142857,0,92.0,181.25,169.75,0,70.16666666666666,163.58333333333334,103.08333333333333,1,-63.0,133.0,123.0,1,-21.0,97.0,196.0,0,43.666666666666664,138.91666666666666,96.25,1,86.0,161.0,62.0,0,57.75,152.25,89.0,0,95.0,200.33333333333334,99.33333333333333,0,51.5,134.83333333333334,98.16666666666667,0,35.0,123.5,83.5,0,53.333333333333336,170.33333333333334,104.33333333333333
101336,1105974,108.54166666666667,46.93078162452537,94.5,16.75,45.73913043478261,54.08706137274893,60.0,40.5,152.1304347826087,36.095651126496485,150.0,31.5,24,3.657,6.562756357670222,78.75307629204266,0.08695652173913043,0,0.0,0,0.0,2,0.08333333333333333,0,0,40.09090909090909,145.67857142857142,114.70833333333333,1,10.0,105.0,84.0,0,74.0,140.0,70.0,1,60.0,154.0,90.0,0,11.222222222222221,122.5,98.85714285714286,0,-5.222222222222222,95.0,87.44444444444444,0,52.1,144.2,111.33333333333333,0,16.333333333333332,110.55555555555556,101.5,0,111.46666666666665,202.43333333333334,100.36666666666666,0,40.125,124.5,100.0625,0,52.25,140.875,84.25,0,53.13333333333334,151.6,100.0,1,10.0,110.0,94.0,1,122.0,245.0,98.0,0,92.0,181.25,169.75,0,70.16666666666666,163.58333333333334,103.08333333333333,0,-6.4,123.2,113.73333333333332,0,-17.2,109.1,130.7,0,43.666666666666664,138.91666666666666,96.25,0,79.92857142857143,164.78571428571428,83.85714285714286,0,57.75,152.25,89.0,0,95.0,200.33333333333334,99.33333333333333,2,55.0,136.0,106.0,0,35.0,123.5,83.5,0,53.333333333333336,170.33333333333334,104.33333333333333
101336,1105983,100.47368421052632,29.700319132999756,94.0,20.0,71.21428571428571,89.05690682401463,55.0,62.75,171.96428571428572,85.43564083267472,151.5,63.5,57,9.715,5.867215645908389,70.40658775090068,0.125,0,0.0,1,0.017543859649122806,2,0.03508771929824561,0,0,40.09090909090909,145.67857142857142,114.70833333333333,2,15.0,114.0,101.0,0,74.0,140.0,70.0,1,42.0,121.0,85.0,0,11.222222222222221,122.5,98.85714285714286,0,-5.222222222222222,95.0,87.44444444444444,0,52.1,144.2,111.33333333333333,0,16.333333333333332,110.55555555555556,101.5,0,111.46666666666665,202.43333333333334,100.36666666666666,0,40.125,124.5,100.0625,0,52.25,140.875,84.25,1,50.0,147.0,93.0,1,10.0,97.0,97.0,0,94.57142857142857,195.57142857142858,101.57142857142857,1,95.0,178.0,198.0,1,100.0,220.0,105.0,0,-6.4,123.2,113.73333333333332,0,-17.2,109.1,130.7,1,40.0,133.0,80.0,2,70.0,166.0,93.5,0,57.75,152.25,89.0,1,40.0,133.0,120.0,1,40.0,124.0,83.0,0,35.0,123.5,83.5,0,53.333333333333336,170.33333333333334,104.33333333333333
101336,1106004,99.41538461538461,27.070217701203156,96.0,25.0,62.1875,88.60126180675984,45.5,60.0,161.9375,81.93306624159747,141.5,64.25,65,10.442,6.224861137713082,74.69833365255698,0.140625,0,0.0,2,0.03076923076923077,2,0.03076923076923077,0,0,40.09090909090909,145.67857142857142,114.70833333333333,3,10.333333333333334,102.0,108.66666666666667,1,74.0,140.0,70.0,2,21.0,132.0,100.5,0,11.222222222222221,122.5,98.85714285714286,1,-25.0,88.0,97.0,0,52.1,144.2,111.33333333333333,0,16.333333333333332,110.55555555555556,101.5,3,26.666666666666668,128.33333333333334,96.0,1,40.0,137.0,92.0,2,66.5,165.5,91.0,1,61.0,152.0,88.0,1,-10.0,71.0,80.0,1,10.0,118.0,100.0,1,113.0,209.0,144.0,3,50.666666666666664,131.33333333333334,100.33333333333333,0,-6.4,123.2,113.73333333333332,2,10.0,120.5,132.5,1,110.0,208.0,80.0,2,62.5,150.5,91.5,2,50.5,156.5,99.0,0,95.0,200.33333333333334,99.33333333333333,1,40.0,119.0,98.0,0,35.0,123.5,83.5,1,110.0,258.0,108.0
101336,1106027,100.1639344262295,32.84847493920784,95.0,17.0,97.3,101.54248700256787,71.0,78.5,197.43333333333334,100.51208329792438,169.0,103.0,61,11.948,5.10545698024774,61.26548376297288,0.05,0,0.0,1,0.01639344262295082,1,0.01639344262295082,0,0,40.09090909090909,145.67857142857142,114.70833333333333,1,452.0,548.0,90.0,0,74.0,140.0,70.0,2,20.0,124.0,97.0,0,11.222222222222221,122.5,98.85714285714286,2,-7.5,89.5,91.0,0,52.1,144.2,111.33333333333333,0,16.333333333333332,110.55555555555556,101.5,3,40.666666666666664,128.33333333333334,99.33333333333333,2,75.0,166.0,91.5,0,52.25,140.875,84.25,1,50.0,160.0,93.0,1,10.0,107.0,98.0,0,94.57142857142857,195.57142857142858,101.57142857142857,0,92.0,181.25,169.75,1,70.0,170.0,107.0,1,40.0,144.0,123.0,1,-10.0,116.0,106.0,0,43.666666666666664,138.91666666666666,96.25,0,79.92857142857143,164.78571428571428,83.85714285714286,0,57.75,152.25,89.0,1,465.0,566.0,75.0,0,51.5,134.83333333333334,98.16666666666667,1,30.0,117.0,89.0,0,53.333333333333336,170.33333333333334,104.33333333333333
101336,1106050,100.10714285714286,16.910139151480955,96.5,15.0,47.81481481481482,59.674448305126894,60.0,82.0,147.74074074074073,59.36864903583534,140.0,62.5,28,4.094,6.8392769907181235,82.07132388861747,0.25925925925925924,0,0.0,0,0.0,1,0.03571428571428571,0,0,40.09090909090909,145.67857142857142,114.70833333333333,0,51.819444444444436,145.27083333333334,94.1388888888889,0,74.0,140.0,70.0,0,31.3,129.05,95.85,0,11.222222222222221,122.5,98.85714285714286,1,30.0,122.0,96.0,0,52.1,144.2,111.33333333333333,0,16.333333333333332,110.55555555555556,101.5,0,111.46666666666665,202.43333333333334,100.36666666666666,0,40.125,124.5,100.0625,0,52.25,140.875,84.25,0,53.13333333333334,151.6,100.0,0,12.333333333333334,101.16666666666667,94.0,0,94.57142857142857,195.57142857142858,101.57142857142857,0,92.0,181.25,169.75,0,70.16666666666666,163.58333333333334,103.08333333333333,0,-6.4,123.2,113.73333333333332,0,-17.2,109.1,130.7,2,-5.0,117.5,115.5,0,79.92857142857143,164.78571428571428,83.85714285714286,0,57.75,152.25,89.0,1,-17.0,90.0,97.0,0,51.5,134.83333333333334,98.16666666666667,0,35.0,123.5,83.5,2,0.0,90.0,108.0
101336,1106060,101.3103448275862,26.959872413844042,97.0,19.0,61.714285714285715,83.15555867634772,42.5,60.0,163.71428571428572,81.72508669875099,150.5,58.25,29,4.666,6.215173596228032,74.58208315473638,0.07142857142857142,0,0.0,0,0.0,1,0.034482758620689655,0,0,40.09090909090909,145.67857142857142,114.70833333333333,1,20.0,130.0,125.0,0,74.0,140.0,70.0,0,31.3,129.05,95.85,0,11.222222222222221,122.5,98.85714285714286,0,-5.222222222222222,95.0,87.44444444444444,0,52.1,144.2,111.33333333333333,0,16.333333333333332,110.55555555555556,101.5,0,111.46666666666665,202.43333333333334,100.36666666666666,0,40.125,124.5,100.0625,0,52.25,140.875,84.25,1,41.0,134.0,106.0,2,5.0,102.5,93.0,1,101.0,194.0,96.0,0,92.0,181.25,169.75,0,70.16666666666666,163.58333333333334,103.08333333333333,0,-6.4,123.2,113.73333333333332,0,-17.2,109.1,130.7,1,40.0,128.0,102.0,0,79.92857142857143,164.78571428571428,83.85714285714286,0,57.75,152.25,89.0,0,95.0,200.33333333333334,99.33333333333333,0,51.5,134.83333333333334,98.16666666666667,0,35.0,123.5,83.5,0,53.333333333333336,170.33333333333334,104.33333333333333
101336,1106068,106.54545454545455,34.01901510081901,98.5,23.0,95.32558139534883,125.05677239692538,64.0,95.0,202.0,122.98629154087355,168.0,83.0,44,8.787,5.007397291453283,60.08876749743939,0.09302325581395349,0,0.0,0,0.0,2,0.045454545454545456,0,0,40.09090909090909,145.67857142857142,114.70833333333333,1,10.0,90.0,99.0,0,74.0,140.0,70.0,1,0.0,95.0,90.0,0,11.222222222222221,122.5,98.85714285714286,1,20.0,110.0,70.0,0,52.1,144.2,111.33333333333333,0,16.333333333333332,110.55555555555556,101.5,0,111.46666666666665,202.43333333333334,100.36666666666666,1,20.0,90.0,80.0,1,40.0,136.0,83.0,0,53.13333333333334,151.6,100.0,0,12.333333333333334,101.16666666666667,94.0,0,94.57142857142857,195.57142857142858,101.57142857142857,1,70.0,163.0,183.0,0,70.16666666666666,163.58333333333334,103.08333333333333,1,-10.0,95.0,120.0,0,-17.2,109.1,130.7,0,43.666666666666664,138.91666666666666,96.25,0,79.92857142857143,164.78571428571428,83.85714285714286,0,57.75,152.25,89.0,1,20.0,160.0,104.0,0,51.5,134.83333333333334,98.16666666666667,0,35.0,123.5,83.5,0,53.333333333333336,170.33333333333334,104.33333333333333
101336,1106086,98.67105263157895,32.524641734300445,93.5,20.0,109.74666666666667,124.08524954866937,80.0,126.5,208.64,121.26770826014099,167.0,121.0,76,15.73,4.831532104259377,57.97838525111252,0.06666666666666667,0,0.0,3,0.039473684210526314,1,0.013157894736842105,0,0,40.09090909090909,145.67857142857142,114.70833333333333,4,62.5,145.25,86.0,0,74.0,140.0,70.0,0,31.3,129.05,95.85,0,11.222222222222221,122.5,98.85714285714286,1,10.0,99.0,79.0,0,52.1,144.2,111.33333333333333,2,15.0,112.0,104.5,1,457.0,560.0,106.0,1,30.0,109.0,150.0,0,52.25,140.875,84.25,3,63.666666666666664,165.0,120.0,2,5.0,95.0,96.0,1,159.0,265.0,122.0,0,92.0,181.25,169.75,0,70.16666666666666,163.58333333333334,103.08333333333333,3,23.0,138.0,100.66666666666667,1,-41.0,109.0,113.0,0,43.666666666666664,138.91666666666666,96.25,1,80.0,163.0,86.0,0,57.75,152.25,89.0,1,22.0,118.0,87.0,0,51.5,134.83333333333334,98.16666666666667,0,35.0,123.5,83.5,1,50.0,163.0,97.0
101336,1106112,92.5925925925926,29.071125115837635,82.0,19.0,56.61538461538461,60.63768625271614,58.5,40.0,149.73076923076923,52.63850425475172,140.5,37.5,27,3.972,6.797583081570997,81.57099697885198,0.038461538461538464,0,0.0,1,0.037037037037037035,1,0.037037037037037035,0,0,40.09090909090909,145.67857142857142,114.70833333333333,1,30.0,124.0,80.0,0,74.0,140.0,70.0,0,31.3,129.05,95.85,0,11.222222222222221,122.5,98.85714285714286,0,-5.222222222222222,95.0,87.44444444444444,0,52.1,144.2,111.33333333333333,0,16.333333333333332,110.55555555555556,101.5,0,111.46666666666665,202.43333333333334,100.36666666666666,0,40.125,124.5,100.0625,0,52.25,140.875,84.25,0,53.13333333333334,151.6,100.0,0,12.333333333333334,101.16666666666667,94.0,1,10.0,90.0,99.0,0,92.0,181.25,169.75,0,70.16666666666666,163.58333333333334,103.08333333333333,0,-6.4,123.2,113.73333333333332,0,-17.2,109.1,130.7,1,47.0,127.0,97.0,0,79.92857142857143,164.78571428571428,83.85714285714286,0,57.75,152.25,89.0,0,95.0,200.33333333333334,99.33333333333333,0,51.5,134.83333333333334,98.16666666666667,0,35.0,123.5,83.5,0,53.333333333333336,170.33333333333334,104.33333333333333
101336,1106120,94.67241379310344,33.511906237796204,89.0,15.5,98.29824561403508,127.72310578477213,67.0,103.0,193.28070175438597,124.38251053031262,160.0,116.0,58,11.094,5.228051198846224,62.736614386154685,0.12280701754385964,0,0.0,4,0.06896551724137931,1,0.017241379310344827,0,0,40.09090909090909,145.67857142857142,114.70833333333333,2,-5.0,101.5,88.5,0,74.0,140.0,70.0,2,15.0,121.5,104.5,0,11.222222222222221,122.5,98.85714285714286,1,0.0,99.0,77.0,0,52.1,144.2,111.33333333333333,0,16.333333333333332,110.55555555555556,101.5,2,-10.0,81.5,105.5,1,10.0,87.0,116.0,0,52.25,140.875,84.25,0,53.13333333333334,151.6,100.0,0,12.333333333333334,101.16666666666667,94.0,0,94.57142857142857,195.57142857142858,101.57142857142857,0,92.0,181.25,169.75,0,70.16666666666666,163.58333333333334,103.08333333333333,0,-6.4,123.2,113.73333333333332,0,-17.2,109.1,130.7,0,43.666666666666664,138.91666666666666,96.25,1,144.0,232.0,86.0,0,57.75,152.25,89.0,0,95.0,200.33333333333334,99.33333333333333,1,60.0,142.0,103.0,0,35.0,123.5,83.5,0,53.333333333333336,170.33333333333334,104.33333333333333
101336,1106136,106.5909090909091,39.56083817811968,95.0,23.5,70.47619047619048,77.53132641689886,50.0,71.0,177.71428571428572,74.8631404358538,142.0,85.0,22,3.825,5.751633986928105,69.01960784313727,0.14285714285714285,0,0.0,1,0.045454545454545456,2,0.09090909090909091,0,0,40.09090909090909,145.67857142857142,114.70833333333333,0,51.819444444444436,145.27083333333334,94.1388888888889,0,74.0,140.0,70.0,1,20.0,109.0,80.0,0,11.222222222222221,122.5,98.85714285714286,0,-5.222222222222222,95.0,87.44444444444444,0,52.1,144.2,111.33333333333333,0,16.333333333333332,110.55555555555556,101.5,0,111.46666666666665,202.43333333333334,100.36666666666666,0,40.125,124.5,100.0625,0,52.25,140.875,84.25,0,53.13333333333334,151.6,100.0,1,40.0,135.0,89.0,0,94.57142857142857,195.57142857142858,101.57142857142857,1,90.0,175.0,154.0,0,70.16666666666666,163.58333333333334,103.08333333333333,0,-6.4,123.2,113.73333333333332,0,-17.2,109.1,130.7,0,43.666666666666664,138.91666666666666,96.25,0,79.92857142857143,164.78571428571428,83.85714285714286,0,57.75,152.25,89.0,1,40.0,135.0,113.0,1,41.0,119.0,85.0,0,35.0,123.5,83.5,0,53.333333333333336,170.33333333333334,104.33333333333333
101336,1106147,104.0,40.29190365321549,91.5,15.75,58.29032258064516,95.79318904618366,40.0,59.0,160.80645161290323,85.43604261511372,130.0,57.0,32,5.135,6.2317429406037,74.78091528724441,0.1935483870967742,0,0.0,1,0.03125,2,0.0625,0,0,40.09090909090909,145.67857142857142,114.70833333333333,2,25.0,117.5,88.5,0,74.0,140.0,70.0,1,60.0,164.0,96.0,0,11.222222222222221,122.5,98.85714285714286,2,-24.5,73.5,85.0,0,52.1,144.2,111.33333333333333,0,16.333333333333332,110.55555555555556,101.5,1,43.0,114.0,95.0,1,70.0,150.0,83.0,0,52.25,140.875,84.25,0,53.13333333333334,151.6,100.0,0,12.333333333333334,101.16666666666667,94.0,1,79.0,174.0,88.0,0,92.0,181.25,169.75,0,70.16666666666666,163.58333333333334,103.08333333333333,1,-22.0,106.0,102.0,0,-17.2,109.1,130.7,1,30.0,120.0,103.0,1,67.0,161.0,85.0,0,57.75,152.25,89.0,0,95.0,200.33333333333334,99.33333333333333,0,51.5,134.83333333333334,98.16666666666667,0,35.0,123.5,83.5,0,53.333333333333336,170.33333333333334,104.33333333333333
101338,1105960,130.8,22.420080285315663,119.0,24.5,17.57894736842105,102.52769371169595,-23.0,72.5,149.0,100.6818856858728,104.0,51.5,20,2.95,6.779661016949152,81.35593220338983,0.7368421052631579,0,0.0,0,0.0,1,0.05,0,0,40.09090909090909,145.67857142857142,114.70833333333333,1,-39.0,104.0,103.0,0,85.17037037037036,167.40370370370368,88.9037037037037,1,-39.0,120.0,119.0,0,11.222222222222221,122.5,98.85714285714286,1,-39.0,80.0,110.0,0,52.1,144.2,111.33333333333333,1,-23.0,96.0,159.0,0,-26.14814814814815,91.53703703703702,125.22222222222223,2,-30.5,103.5,131.0,0,59.125,189.0,140.5,0,12.476190476190478,135.38095238095238,165.76190476190476,0,-41.0,81.0,127.125,0,50.25,175.08333333333334,127.08333333333333,0,74.66666666666666,196.0952380952381,190.66666666666669,0,-26.916666666666668,110.16666666666667,124.66666666666667,1,-30.0,104.0,119.0,1,-15.0,104.0,134.0,0,-47.0,92.0,103.75,1,-95.0,96.0,143.0,0,-11.75,118.0,133.25,0,-95.75,85.0,128.75,0,-30.75,88.0,133.5,0,-39.333333333333336,106.5,119.5,0,-46.25,75.5,135.75
101338,1105971,132.9512195121951,36.439693728139304,127.0,39.0,-17.675,63.07907240123305,-23.0,50.5,114.425,51.09984711327422,100.0,57.5,41,4.744,8.642495784148398,103.70994940978078,0.775,0,0.0,0,0.0,3,0.07317073170731707,0,0,40.09090909090909,145.67857142857142,114.70833333333333,3,-60.666666666666664,88.66666666666667,148.66666666666666,0,85.17037037037036,167.40370370370368,88.9037037037037,2,-14.5,128.0,106.5,0,11.222222222222221,122.5,98.85714285714286,1,-14.0,80.0,135.0,0,52.1,144.2,111.33333333333333,0,-42.66666666666667,91.22916666666667,134.16666666666666,1,-63.0,64.0,127.0,1,-71.0,64.0,96.0,0,59.125,189.0,140.5,0,12.476190476190478,135.38095238095238,165.76190476190476,1,-15.0,80.0,110.0,0,50.25,175.08333333333334,127.08333333333333,1,0.0,104.0,241.0,0,-26.916666666666668,110.16666666666667,124.66666666666667,3,-56.666666666666664,80.0,144.0,1,-8.0,88.0,121.0,1,-62.0,88.0,111.0,1,-47.0,64.0,191.0,0,-11.75,118.0,133.25,0,-95.75,85.0,128.75,1,-14.0,80.0,135.0,0,-39.333333333333336,106.5,119.5,0,-46.25,75.5,135.75
101338,1105979,130.63636363636363,34.37301459330276,130.5,41.5,52.095238095238095,150.07328519661723,-6.0,176.0,183.28571428571428,136.2637997754785,142.0,120.0,22,3.968,5.544354838709677,66.53225806451613,0.5238095238095238,0,0.0,1,0.045454545454545456,2,0.09090909090909091,0,0,40.09090909090909,145.67857142857142,114.70833333333333,0,-55.81410256410257,89.62820512820514,130.0320512820513,0,85.17037037037036,167.40370370370368,88.9037037037037,1,-6.0,144.0,79.0,0,11.222222222222221,122.5,98.85714285714286,0,-33.7,79.6,128.6,0,52.1,144.2,111.33333333333333,0,-42.66666666666667,91.22916666666667,134.16666666666666,0,-26.14814814814815,91.53703703703702,125.22222222222223,0,-33.6875,95.875,135.625,2,-86.5,68.0,151.0,2,17.5,136.0,171.0,0,-41.0,81.0,127.125,0,50.25,175.08333333333334,127.08333333333333,0,74.66666666666666,196.0952380952381,190.66666666666669,0,-26.916666666666668,110.16666666666667,124.66666666666667,0,-57.166666666666664,76.0,153.25,0,-29.25,98.0,123.25,0,-47.0,92.0,103.75,0,-59.35,104.95,138.7,0,-11.75,118.0,133.25,0,-95.75,85.0,128.75,0,-30.75,88.0,133.5,0,-39.333333333333336,106.5,119.5,0,-46.25,75.5,135.75
101338,1105987,122.14285714285714,23.953263089106574,119.0,26.0,19.289473684210527,106.18687794210456,-14.5,102.75,141.26315789473685,103.78943365004031,108.5,67.25,77,10.871,7.083065035415325,84.9967804249839,0.5789473684210527,0,0.0,5,0.06493506493506493,1,0.012987012987012988,0,0,40.09090909090909,145.67857142857142,114.70833333333333,3,-47.666666666666664,87.0,125.0,4,78.5,159.75,101.5,1,-39.0,106.0,119.0,0,11.222222222222221,122.5,98.85714285714286,0,-33.7,79.6,128.6,0,52.1,144.2,111.33333333333333,3,-44.333333333333336,90.33333333333333,129.33333333333334,0,-26.14814814814815,91.53703703703702,125.22222222222223,0,-33.6875,95.875,135.625,0,59.125,189.0,140.5,1,40.0,143.0,153.0,2,-59.5,84.0,127.0,0,50.25,175.08333333333334,127.08333333333333,0,74.66666666666666,196.0952380952381,190.66666666666669,0,-26.916666666666668,110.16666666666667,124.66666666666667,0,-57.166666666666664,76.0,153.25,0,-29.25,98.0,123.25,2,33.0,153.0,91.0,0,-59.35,104.95,138.7,0,-11.75,118.0,133.25,0,-95.75,85.0,128.75,1,17.0,104.0,105.0,0,-39.333333333333336,106.5,119.5,0,-46.25,75.5,135.75
101338,1106006,126.30434782608695,28.210546053429027,127.0,32.0,41.955882352941174,167.31965126873783,-24.5,122.0,168.9558823529412,160.06776449399112,119.0,97.25,69,11.568,5.964730290456432,71.57676348547719,0.6323529411764706,0,0.0,6,0.08695652173913043,1,0.014492753623188406,0,0,40.09090909090909,145.67857142857142,114.70833333333333,2,-67.0,80.0,123.0,3,75.33333333333333,160.0,84.66666666666667,1,-22.0,152.0,111.0,0,11.222222222222221,122.5,98.85714285714286,1,-55.0,56.0,142.0,0,52.1,144.2,111.33333333333333,2,-67.0,72.0,135.0,3,-47.333333333333336,66.33333333333333,143.0,2,5.5,124.0,147.0,0,59.125,189.0,140.5,0,12.476190476190478,135.38095238095238,165.76190476190476,1,-23.0,80.0,126.0,0,50.25,175.08333333333334,127.08333333333333,0,74.66666666666666,196.0952380952381,190.66666666666669,0,-26.916666666666668,110.16666666666667,124.66666666666667,1,-55.0,63.0,135.0,1,-47.0,96.0,111.0,0,-47.0,92.0,103.75,1,-47.0,136.0,183.0,0,-11.75,118.0,133.25,0,-95.75,85.0,128.75,0,-30.75,88.0,133.5,2,-56.0,95.5,120.5,0,-46.25,75.5,135.75
101338,1106024,135.375,33.883147851599226,135.0,40.25,0.6956521739130435,116.0005377733444,-39.0,91.5,136.04347826086956,100.607925291102,104.0,67.0,24,3.265,7.350689127105666,88.208269525268,0.6956521739130435,0,0.0,1,0.041666666666666664,1,0.041666666666666664,0,0,40.09090909090909,145.67857142857142,114.70833333333333,1,-31.0,104.0,103.0,0,85.17037037037036,167.40370370370368,88.9037037037037,0,-9.0,144.83333333333334,110.70833333333333,0,11.222222222222221,122.5,98.85714285714286,0,-33.7,79.6,128.6,0,52.1,144.2,111.33333333333333,0,-42.66666666666667,91.22916666666667,134.16666666666666,0,-26.14814814814815,91.53703703703702,125.22222222222223,0,-33.6875,95.875,135.625,1,-23.0,128.0,119.0,1,-30.0,80.0,159.0,0,-41.0,81.0,127.125,1,41.0,160.0,143.0,0,74.66666666666666,196.0952380952381,190.66666666666669,1,-55.0,80.0,110.0,0,-57.166666666666664,76.0,153.25,0,-29.25,98.0,123.25,1,-47.0,88.0,87.0,0,-59.35,104.95,138.7,0,-11.75,118.0,133.25,0,-95.75,85.0,128.75,0,-30.75,88.0,133.5,0,-39.333333333333336,106.5,119.5,0,-46.25,75.5,135.75
101338,1106036,128.96,38.73136196933953,127.0,42.0,54.333333333333336,237.12912563036667,-39.0,123.5,185.70833333333334,225.85180966854253,95.5,111.0,25,4.528,5.521201413427562,66.25441696113076,0.5833333333333334,0,0.0,3,0.12,2,0.08,0,0,40.09090909090909,145.67857142857142,114.70833333333333,2,-75.5,79.5,127.5,1,96.0,175.0,112.0,1,-47.0,88.0,102.0,0,11.222222222222221,122.5,98.85714285714286,1,-14.0,88.0,127.0,0,52.1,144.2,111.33333333333333,0,-42.66666666666667,91.22916666666667,134.16666666666666,0,-26.14814814814815,91.53703703703702,125.22222222222223,1,-39.0,88.0,95.0,0,59.125,189.0,140.5,0,12.476190476190478,135.38095238095238,165.76190476190476,0,-41.0,81.0,127.125,1,39.0,159.0,96.0,0,74.66666666666666,196.0952380952381,190.66666666666669,1,-55.0,72.0,135.0,1,-87.0,57.0,215.0,0,-29.25,98.0,123.25,0,-47.0,92.0,103.75,1,-78.0,96.0,127.0,0,-11.75,118.0,133.25,0,-95.75,85.0,128.75,0,-30.75,88.0,133.5,0,-39.333333333333336,106.5,119.5,0,-46.25,75.5,135.75
101338,1106045,125.39024390243902,32.71896447820251,126.5,33.0,45.01234567901235,138.7173601984399,-6.0,128.0,170.679012345679,128.00470932313812,128.0,97.0,82,13.928,5.887421022400918,70.64905226881102,0.5061728395061729,0,0.0,7,0.08536585365853659,2,0.024390243902439025,0,0,40.09090909090909,145.67857142857142,114.70833333333333,1,-80.0,103.0,136.0,5,130.2,212.8,85.8,1,-56.0,152.0,120.0,0,11.222222222222221,122.5,98.85714285714286,1,-24.0,96.0,129.0,0,52.1,144.2,111.33333333333333,2,-55.0,100.0,131.0,2,-23.0,99.5,171.5,1,-55.0,74.0,183.0,0,59.125,189.0,140.5,3,70.66666666666667,194.66666666666666,177.33333333333334,1,-39.0,96.0,126.0,0,50.25,175.08333333333334,127.08333333333333,1,64.0,175.0,192.0,1,17.0,152.0,135.0,0,-57.166666666666664,76.0,153.25,0,-29.25,98.0,123.25,1,-31.0,96.0,78.0,0,-59.35,104.95,138.7,0,-11.75,118.0,133.25,2,-51.0,116.0,135.0,0,-30.75,88.0,133.5,0,-39.333333333333336,106.5,119.5,0,-46.25,75.5,135.75
101338,1106066,129.73333333333332,34.094411402587504,127.0,39.0,11.915254237288135,86.72268057797959,-6.0,132.5,141.5593220338983,74.63544647636806,127.0,83.5,60,8.487,7.069635913750441,84.83563096500531,0.5423728813559322,0,0.0,3,0.05,5,0.08333333333333333,0,0,40.09090909090909,145.67857142857142,114.70833333333333,2,-51.0,112.5,135.0,2,84.5,164.0,75.5,1,-56.0,143.0,104.0,0,11.222222222222221,122.5,98.85714285714286,0,-33.7,79.6,128.6,0,52.1,144.2,111.33333333333333,0,-42.66666666666667,91.22916666666667,134.16666666666666,0,-26.14814814814815,91.53703703703702,125.22222222222223,0,-33.6875,95.875,135.625,1,-71.0,104.0,150.0,0,12.476190476190478,135.38095238095238,165.76190476190476,1,-55.0,88.0,127.0,0,50.25,175.08333333333334,127.08333333333333,3,138.66666666666666,265.6666666666667,189.66666666666666,2,33.5,181.0,127.0,0,-57.166666666666664,76.0,153.25,0,-29.25,98.0,123.25,1,-88.0,48.0,119.0,2,-59.5,131.5,132.0,0,-11.75,118.0,133.25,0,-95.75,85.0,128.75,0,-30.75,88.0,133.5,0,-39.333333333333336,106.5,119.5,0,-46.25,75.5,135.75
101338,1106080,127.85507246376811,38.18349114485528,119.0,32.0,17.073529411764707,100.82925523414653,-6.5,121.5,145.27941176470588,89.19902492019071,128.0,90.0,69,9.983,6.911749974957427,82.94099969948913,0.5441176470588235,0,0.0,6,0.08695652173913043,2,0.028985507246376812,0,0,40.09090909090909,145.67857142857142,114.70833333333333,4,-44.75,93.5,140.75,3,80.33333333333333,178.66666666666666,108.66666666666667,2,-51.0,85.0,107.0,0,11.222222222222221,122.5,98.85714285714286,2,-19.5,87.5,131.0,0,52.1,144.2,111.33333333333333,0,-42.66666666666667,91.22916666666667,134.16666666666666,1,105.0,200.0,135.0,2,-50.5,80.5,147.0,0,59.125,189.0,140.5,1,-55.0,80.0,206.0,2,-42.5,84.0,123.0,0,50.25,175.08333333333334,127.08333333333333,1,48.0,159.0,184.0,0,-26.916666666666668,110.16666666666667,124.66666666666667,0,-57.166666666666664,76.0,153.25,0,-29.25,98.0,123.25,0,-47.0,92.0,103.75,1,-62.0,80.0,143.0,0,-11.75,118.0,133.25,1,-134.0,72.0,142.0,0,-30.75,88.0,133.5,0,-39.333333333333336,106.5,119.5,0,-46.25,75.5,135.75
101338,1106098,129.04,32.564987333023794,135.0,40.0,-4.326530612244898,105.88314462904273,-39.0,53.0,125.73469387755102,90.16827251180668,104.0,56.0,50,6.24,8.012820512820513,96.15384615384615,0.7551020408163265,0,0.0,1,0.02,1,0.02,0,0,40.09090909090909,145.67857142857142,114.70833333333333,2,-63.0,92.0,139.0,0,85.17037037037036,167.40370370370368,88.9037037037037,1,73.0,208.0,119.0,0,11.222222222222221,122.5,98.85714285714286,0,-33.7,79.6,128.6,0,52.1,144.2,111.33333333333333,2,-47.0,100.5,143.0,2,-55.0,52.0,142.5,0,-33.6875,95.875,135.625,0,59.125,189.0,140.5,2,-18.5,116.0,167.0,1,-55.0,64.0,143.0,2,-7.5,131.5,143.5,0,74.66666666666666,196.0952380952381,190.66666666666669,1,-63.0,64.0,127.0,0,-57.166666666666664,76.0,153.25,0,-29.25,98.0,123.25,1,-64.0,71.0,128.0,1,-78.0,80.0,127.0,2,-22.5,124.0,122.5,0,-95.75,85.0,128.75,1,-55.0,96.0,175.0,0,-39.333333333333336,106.5,119.5,0,-46.25,75.5,135.75
101338,1106107,119.07843137254902,25.66896587913338,113.0,32.5,20.14,108.12973874008945,-18.0,100.75,139.54,104.84220714960175,113.5,79.75,51,7.08,7.203389830508475,86.44067796610169,0.56,0,0.0,5,0.09803921568627451,1,0.0196078431372549,0,0,40.09090909090909,145.67857142857142,114.70833333333333,2,-52.0,83.0,139.5,3,64.33333333333333,155.0,87.33333333333333,0,-9.0,144.83333333333334,110.70833333333333,0,11.222222222222221,122.5,98.85714285714286,1,-55.0,48.0,135.0,0,52.1,144.2,111.33333333333333,0,-42.66666666666667,91.22916666666667,134.16666666666666,1,-47.0,64.0,103.0,1,-23.0,112.0,151.0,0,59.125,189.0,140.5,3,62.666666666666664,198.0,127.0,0,-41.0,81.0,127.125,0,50.25,175.08333333333334,127.08333333333333,0,74.66666666666666,196.0952380952381,190.66666666666669,0,-26.916666666666668,110.16666666666667,124.66666666666667,0,-57.166666666666664,76.0,153.25,1,-47.0,104.0,127.0,1,-55.0,88.0,103.0,1,-56.0,143.0,96.0,1,-1.0,112.0,144.0,1,-95.0,72.0,87.0,0,-30.75,88.0,133.5,1,-31.0,120.0,127.0,1,-72.0,55.0,128.0
101338,1106119,120.1604938271605,29.367176096024284,119.0,32.0,25.0375,103.94426917223478,-6.0,120.0,145.3125,94.00845623533023,112.0,106.0,81,11.736,6.901840490797546,82.82208588957054,0.5375,0,0.0,5,0.06172839506172839,2,0.024691358024691357,1,0,40.09090909090909,145.67857142857142,114.70833333333333,4,-67.0,66.0,143.0,3,78.33333333333333,149.66666666666666,73.66666666666667,2,12.5,156.0,115.0,0,11.222222222222221,122.5,98.85714285714286,2,-39.5,75.5,99.0,0,52.1,144.2,111.33333333333333,1,-39.0,71.0,111.0,1,-39.0,81.0,87.0,1,-6.0,121.0,135.0,1,417.0,456.0,142.0,0,12.476190476190478,135.38095238095238,165.76190476190476,1,-39.0,72.0,135.0,1,233.0,360.0,127.0,1,232.0,383.0,184.0,0,-26.916666666666668,110.16666666666667,124.66666666666667,0,-57.166666666666664,76.0,153.25,0,-29.25,98.0,123.25,1,-62.0,104.0,113.0,0,-59.35,104.95,138.7,0,-11.75,118.0,133.25,0,-95.75,85.0,128.75,1,-71.0,72.0,119.0,0,-39.333333333333336,106.5,119.5,2,-20.5,96.0,143.5
101338,1106138,119.80392156862744,33.465240736658025,127.0,40.0,34.42,142.82606064720824,-6.0,120.0,155.04,134.9417592889614,112.0,94.0,51,7.831,6.512578214787383,78.1509385774486,0.54,0,0.0,6,0.11764705882352941,2,0.0392156862745098,0,0,40.09090909090909,145.67857142857142,114.70833333333333,0,-55.81410256410257,89.62820512820514,130.0320512820513,4,79.0,151.75,71.0,0,-9.0,144.83333333333334,110.70833333333333,0,11.222222222222221,122.5,98.85714285714286,1,-14.0,121.0,127.0,0,52.1,144.2,111.33333333333333,2,-35.0,112.0,135.0,1,-23.0,97.0,103.0,0,-33.6875,95.875,135.625,0,59.125,189.0,140.5,0,12.476190476190478,135.38095238095238,165.76190476190476,0,-41.0,81.0,127.125,1,-2.0,112.0,127.0,1,-8.0,111.0,168.0,1,-39.0,112.0,114.0,0,-57.166666666666664,76.0,153.25,0,-29.25,98.0,123.25,0,-47.0,92.0,103.75,1,-39.0,112.0,94.0,0,-11.75,118.0,133.25,1,-103.0,80.0,151.0,0,-30.75,88.0,133.5,1,-31.0,104.0,111.0,0,-46.25,75.5,135.75
101338,1106149,128.3,28.768211623248323,127.0,32.0,16.517241379310345,84.1208575102042,-2.0,104.0,145.68965517241378,71.41288565666653,137.0,79.0,30,4.328,6.9316081330868755,83.1792975970425,0.5172413793103449,0,0.0,0,0.0,2,0.06666666666666667,0,0,40.09090909090909,145.67857142857142,114.70833333333333,1,-47.0,72.0,127.0,0,85.17037037037036,167.40370370370368,88.9037037037037,1,137.0,256.0,127.0,0,11.222222222222221,122.5,98.85714285714286,1,-63.0,64.0,151.0,0,52.1,144.2,111.33333333333333,1,-31.0,88.0,130.0,2,-43.0,100.0,115.0,0,-33.6875,95.875,135.625,0,59.125,189.0,140.5,0,12.476190476190478,135.38095238095238,165.76190476190476,0,-41.0,81.0,127.125,1,-2.0,128.0,126.0,1,48.0,175.0,176.0,0,-26.916666666666668,110.16666666666667,124.66666666666667,0,-57.166666666666664,76.0,153.25,0,-29.25,98.0,123.25,0,-47.0,92.0,103.75,1,-32.0,111.0,151.0,0,-11.75,118.0,133.25,0,-95.75,85.0,128.75,0,-30.75,88.0,133.5,0,-39.333333333333336,106.5,119.5,0,-46.25,75.5,135.75
