PARTICIPANT_ID,AGE,GENDER,HAS_TAKEN_TYPING_COURSE,COUNTRY,LAYOUT,NATIVE_LANGUAGE,FINGERS,TIME_SPENT_TYPING,KEYBOARD_TYPE,ERROR_RATE,AVG_WPM_15,AVG_IKI,ECPC,KSPC,ROR
120,31,male,1,IN,qwerty,ta,9-10,3,laptop,0.183823529411765,26.6517,280.547296408318,0.161764705882353,1.39154411764706,0.2089
1061,26,female,0,IN,qwerty,bn,1-2,1,laptop,0.794912559618442,41.9328,272.952178303426,0.0111464968152866,1.06528662420382,0.0612
1548,13,female,0,US,azerty,en,9-10,0,full,3.82916053019146,29.1184,296.754834242424,0.14962962962963,1.35407407407407,0.1268
1570,26,male,0,IN,qwerty,en,1-2,60,full,0.4739336492891,45.0438,230.499410032362,0.0552922590837283,1.15797788309637,0.1825
2023,12,female,1,US,qwerty,en,9-10,1,full,2.20472440944882,43.1437,205.086258745875,0.0998389694041868,1.24315619967794,0.2098
2216,63,male,0,US,qwerty,en,9-10,3,laptop,0.782472613458529,47.6742,237.046493579454,0.0141065830721003,1.06583072100313,0.1098
2487,20,female,0,US,qwerty,es,1-2,1,full,0.595238095238095,46.6904,223.284980792683,0.0476900149031297,1.16244411326379,0.1333
3329,27,none,0,US,qwerty,en,9-10,5,full,0.511073253833049,49.5008,205.091206315789,0.0700854700854701,1.18803418803419,0.325
3428,56,female,1,US,qwerty,en,9-10,3,full,0.921273031825796,70.0667,163.699398846154,0.0074766355140186,1.05607476635514,0.5364
4063,31,female,0,CA,qwerty,en,9-10,0,full,1.32231404958678,32.3394,297.187257189542,0.118022328548644,1.2615629984051,0.3415
4206,24,male,1,US,qwerty,en,9-10,7,full,0.16366612111293,87.1249,127.631041107383,0.0147299509001637,1.07692307692308,0.4852
4279,36,female,0,US,qwerty,en,9-10,1,full,0.087719298245614,76.476,148.226456238698,0.0105633802816901,1.06161971830986,0.6224
5214,50,female,0,US,qwerty,en,1-2,1,laptop,1.02189781021898,13.5657,770.970692985075,0.0642335766423358,1.16496350364964,0.0294
5736,42,female,1,US,qwerty,en,9-10,6,laptop,0.600600600600601,68.433,165.419145454545,0.0135542168674699,1.06626506024096,0.2092
5743,14,female,1,US,qwerty,en,7-8,1,laptop,0.658978583196046,68.9721,148.038955348048,0.0562913907284768,1.16225165562914,0.2416
5865,19,none,0,US,qwerty,en,1-2,4,laptop,1.76125244618395,64.9497,158.932758233533,0.0395314787701318,1.1112737920937,0.2876
7122,12,male,0,US,qwerty,en,9-10,1,full,4.14285714285714,19.6815,518.702076331361,0.0709117221418234,1.18668596237337,0.0596
7501,0,none,0,US,qwerty,en,1-2,0,laptop,8.32049306625578,40.7289,235.3830400982,0.0543130990415335,1.10223642172524,0.1517
7833,23,male,0,PK,qwerty,en,7-8,0,small,0.738007380073801,57.2702,168.70364573055,0.103321033210332,1.25092250922509,0.4163
8225,31,male,0,CA,qwerty,en,3-4,4,full,0.152671755725191,62.7082,168.22206713615,0.0397553516819572,1.13914373088685,0.3233
8331,25,male,0,IN,qwerty,en,3-4,8,laptop,1.01180438448567,39.3019,278.571904521739,0.0322033898305085,1.10338983050847,0.1179
8708,24,female,0,PH,qwerty,tl,5-6,1,laptop,0.137551581843191,21.267,488.957226123595,0.0605226960110041,1.14855570839065,0.028
9054,21,male,0,US,qwerty,en,1-2,1,laptop,2.1484375,39.4024,279.196353374233,0.0317460317460317,1.10515873015873,0.1328
9153,19,none,1,PR,qwerty,en,5-6,0,full,3.10880829015544,32.2457,332.576402139037,0.0590277777777778,1.13888888888889,0.0515
9461,26,none,0,US,qwerty,en,9-10,8,laptop,0.661157024793388,60.9224,180.170040847458,0.0247933884297521,1.10082644628099,0.063
9819,15,male,0,US,qwerty,en,5-6,8,full,3.51145038167939,50.3292,188.635582389937,0.127496159754224,1.27342549923195,0.0541
10464,23,none,0,US,qwerty,en,5-6,4,laptop,0.75,60.871,158.326087234043,0.0949913644214162,1.24870466321244,0.2514
10927,16,male,1,US,qwerty,en,9-10,1,full,0.317460317460317,61.2701,170.321000487805,0.0619047619047619,1.15396825396825,0.3202
11032,25,male,0,US,qwerty,en,9-10,3,full,0.0,72.3306,145.360069338959,0.0564738292011019,1.14187327823691,0.3117
11408,43,male,1,US,qwerty,en,7-8,2,laptop,0.601051840721262,50.549,183.202318585526,0.142857142857143,1.28731942215088,0.3342
11618,56,female,0,CA,qwerty,en,9-10,5,on-screen,0.0,56.7677,192.756642978003,0.0363036303630363,1.10726072607261,0.2287
11736,14,female,1,US,qwerty,en,9-10,1,laptop,0.711743772241993,35.719,300.887762201835,0.0375,1.12857142857143,0.1021
13137,26,female,0,US,qwerty,en,9-10,6,full,1.84593539226127,53.9867,192.840162986198,0.0578817733990148,1.1551724137931,0.4225
13277,14,female,0,BB,qwerty,en,7-8,2,laptop,1.02040816326531,34.3276,311.363695087719,0.052991452991453,1.14358974358974,0.0596
16022,23,male,0,IN,qwerty,ta,1-2,1,laptop,0.0,35.7394,286.717548558422,0.0385756676557863,1.17359050445104,0.0412
17415,37,male,1,US,qwerty,en,9-10,8,full,0.0,67.9648,154.40541673699,0.059228650137741,1.14187327823691,0.4693
18155,14,male,1,US,qwerty,en,5-6,2,laptop,0.950871632329635,58.0438,134.564948287113,0.0605095541401274,1.14649681528662,0.4837
18387,14,none,1,US,qwerty,en,7-8,2,full,0.168208578637511,47.4357,211.601227629234,0.0833333333333333,1.20659722222222,0.2824
18891,29,female,0,US,qwerty,en,7-8,8,full,0.0960614793467819,65.4776,149.913357352941,0.0835030549898167,1.22403258655804,0.4454
19240,19,none,1,FI,qwerty,fi,3-4,1,full,1.71428571428571,43.2993,190.889783827893,0.145137880986938,1.38171262699565,0.2386
20487,30,none,0,US,qwerty,en,9-10,5,full,0.143266475644699,90.321,121.138183870968,0.0373027259684362,1.10329985652798,0.569
21060,27,male,0,US,qwerty,en,9-10,3,full,0.0,83.5814,109.199728278041,0.0138888888888889,1.06172839506173,0.5964
21357,18,none,0,US,qwerty,en,7-8,6,laptop,0.566037735849057,19.3124,520.4840671875,0.0303605313092979,1.19165085388994,0.0147
22162,28,female,0,US,qwerty,en,3-4,1,laptop,0.747663551401869,36.7254,256.857921194605,0.0955056179775281,1.23220973782772,0.1415
22590,20,female,0,US,qwerty,en,7-8,4,full,0.328947368421053,47.8555,212.76813608769,0.0690789473684211,1.1875,0.2461
22775,24,male,0,US,qwerty,en,7-8,4,laptop,3.06859205776173,62.2602,139.825966728625,0.121157323688969,1.31103074141049,0.4028
23066,34,male,0,US,qwerty,en,7-8,6,full,0.0,69.5204,154.273411599297,0.0445205479452055,1.11986301369863,0.2254
23373,3,none,0,US,qwerty,en,1-2,1,laptop,9.09090909090909,75.3495,152.79528372093,0.0087108013937282,1.04355400696864,0.589
23956,27,female,0,US,qwerty,en,5-6,4,laptop,3.29489291598023,48.7132,206.649607312925,0.0696517412935323,1.19900497512438,0.2782
24420,18,female,0,IN,qwerty,en,1-2,1,on-screen,4.45969125214408,33.426,329.693458545455,0.0407079646017699,1.10796460176991,0.0671
24615,30,none,0,US,qwerty,en,9-10,1,full,2.09497206703911,60.2803,178.584766094421,0.0392156862745098,1.12464985994398,0.3058
25604,25,none,0,US,qwerty,en,1-2,2,full,0.163576881134133,38.7836,285.23946265625,0.0305343511450382,1.10534351145038,0.0381
26065,28,female,1,US,qwerty,en,5-6,1,full,1.53452685421995,45.1251,233.71105984148,0.0453367875647668,1.14378238341969,0.2604
32301,23,none,1,US,qwerty,en,9-10,1,full,1.09034267912773,64.8621,163.73350096,0.0453125,1.128125,0.5106
32465,14,male,0,DE,qwertz,es,7-8,1,laptop,0.464396284829721,49.6872,202.100433438986,0.0758513931888545,1.19814241486068,0.2754
32903,19,male,1,US,qwerty,en,9-10,2,full,0.29940119760479,78.5231,136.613172043011,0.0375375375375375,1.11561561561562,0.6071
33473,28,male,0,US,qwerty,en,9-10,1,laptop,0.0825763831544178,57.6001,168.135941509434,0.0668896321070234,1.2190635451505,0.4748
33876,19,male,1,US,qwerty,en,5-6,2,laptop,1.11731843575419,45.7198,228.700653179191,0.0561797752808989,1.16479400749064,0.3328
36071,21,male,0,US,qwerty,en,1-2,1,laptop,5.19713261648746,25.2108,463.019068773234,0.0018083182640144,1.04882459312839,0.0389
36663,14,male,0,US,qwerty,en,7-8,1,laptop,1.51515151515152,53.2119,196.833166515837,0.0575221238938053,1.15781710914454,0.1948
36989,16,male,0,US,qwerty,en,7-8,2,laptop,1.80995475113122,34.5452,243.447274766355,0.0715372907153729,1.18569254185693,0.2579
37046,47,male,0,CA,qwerty,en,9-10,5,full,0.323101777059774,42.8886,221.895107131012,0.111650485436893,1.27184466019417,0.1933
37101,19,female,0,AU,qwerty,en,5-6,2,full,1.06544901065449,48.2918,226.393445984252,0.0430769230769231,1.10769230769231,0.1078
37478,22,male,0,NZ,qwerty,en,5-6,2,full,1.82815356489945,96.1853,114.34916710775,0.0404411764705882,1.09742647058824,0.421
37704,38,female,0,US,qwerty,en,9-10,2,laptop,0.430416068866571,62.9325,174.781735,0.0302158273381295,1.09928057553957,0.1135
37780,29,male,0,PE,qwerty,es,3-4,9,full,0.565770862800566,28.5011,182.28851035503,0.153400868306802,1.34008683068017,0.3062
37902,19,female,1,US,qwerty,en,9-10,1,laptop,0.551470588235294,80.9852,132.560668311195,0.03690036900369,1.12730627306273,0.3104
38266,26,male,0,PL,qwerty,pl,7-8,8,full,0.486223662884927,61.0154,169.6679255,0.0471544715447154,1.11382113821138,0.5082
38441,42,female,0,AU,qwerty,en,7-8,5,full,1.05105105105105,43.4721,250.875684745763,0.0346385542168675,1.10843373493976,0.1761
38882,13,male,0,GB,qwerty,en,3-4,5,full,0.268817204301075,60.3381,148.896088871951,0.0387481371087928,1.11326378539493,0.4617
39102,19,female,0,PH,qwerty,en,7-8,8,on-screen,0.307692307692308,39.8314,240.08697681388,0.115562403697997,1.26502311248074,0.134
39325,35,none,0,IN,qwerty,en,7-8,4,laptop,0.327868852459016,56.0099,187.479844314381,0.0636215334420881,1.15986949429038,0.2443
40020,16,female,0,IN,qwerty,ta,3-4,0,laptop,0.289855072463768,26.9021,401.323169565217,0.0278592375366569,1.12756598240469,0.0318
40623,13,male,1,US,qwerty,en,9-10,2,laptop,0.766871165644172,22.6102,408.506681072555,0.0708782742681048,1.19414483821263,0.0974
40795,15,female,0,US,qwerty,en,7-8,1,laptop,0.467289719626168,25.8286,367.09755808,0.0890625,1.225,0.0013
40855,21,female,1,US,qwerty,en,5-6,4,full,0.865460267505901,44.4555,208.20318277439,0.141579731743666,1.30402384500745,0.1837
41022,28,male,1,US,qwerty,en,9-10,0,full,1.91387559808612,69.3961,155.268891176471,0.0414673046251994,1.11323763955343,0.3748
41693,25,none,0,US,qwerty,en,7-8,1,laptop,0.307692307692308,45.0159,208.795659370079,0.126153846153846,1.29846153846154,0.4125
41906,54,female,1,CA,qwerty,en,9-10,1,full,0.158478605388273,69.3756,164.833035772358,0.0063492063492063,1.04920634920635,0.6146
42992,15,male,0,BR,qwerty,en,9-10,1,full,0.77639751552795,50.943,192.416949443561,0.100931677018634,1.24068322981366,0.176
43276,49,male,1,AU,qwerty,en,9-10,8,full,0.0,63.4153,162.744523606557,0.0704,1.1712,0.2636
43410,28,male,1,US,qwerty,en,9-10,2,full,2.5974025974026,55.433,201.612815547025,0.0205223880597015,1.08768656716418,0.1602
44808,21,male,1,MX,qwerty,es,9-10,8,laptop,0.47244094488189,54.066,183.585308077544,0.0741324921135647,1.2018927444795,0.3855
45022,0,none,0,US,qwerty,en,1-2,0,laptop,3.67534456355283,47.2217,239.992776656151,0.012326656394453,1.06625577812018,0.2555
45916,30,male,0,IN,qwerty,en,3-4,2,full,1.18518518518519,30.2603,346.059478333333,0.0607407407407407,1.15703703703704,0.0914
45953,40,none,0,US,qwerty,en,9-10,4,full,0.0,64.2947,166.614161111111,0.0401396160558464,1.12914485165794,0.2943
46326,18,female,0,US,qwerty,en,1-2,5,laptop,0.0,39.2987,267.945055986509,0.0575657894736842,1.15460526315789,0.0437
46710,16,female,0,US,qwerty,en,7-8,1,laptop,0.343053173241852,71.462,143.124106719368,0.0671785028790787,1.18234165067178,0.193
47228,48,male,0,GB,qwerty,en,9-10,3,laptop,0.0529380624669137,43.6714,179.36991699115,0.0241379310344828,1.07241379310345,0.3707
48084,21,female,1,US,qwerty,en,5-6,4,full,0.39714058776807,43.5982,211.965523850085,0.127906976744186,1.29235880398671,0.152
48087,40,female,1,US,qwerty,en,9-10,1,full,0.163934426229508,77.4423,143.275138720539,0.0197044334975369,1.08210180623974,0.5947
48161,22,male,1,US,qwerty,en,9-10,1,full,0.335570469798658,53.4976,198.945892833333,0.0487804878048781,1.13170731707317,0.2379
49147,14,female,0,US,qwerty,en,3-4,0,full,1.21527777777778,20.7227,343.8724005386,0.333916083916084,1.70104895104895,0.0574
51000,31,male,1,US,qwerty,en,9-10,3,full,1.74418604651163,97.3138,111.709961044776,0.037956204379562,1.1036496350365,0.6954
52457,23,female,0,US,qwerty,en,9-10,6,laptop,0.706713780918728,102.2655,103.727681636364,0.0407079646017699,1.12212389380531,0.664
53838,26,male,1,IN,qwerty,en,9-10,2,full,2.98953662182362,60.6014,178.589517107309,0.0395136778115502,1.11550151975684,0.4743
53915,22,none,0,US,qwerty,en,1-2,22,laptop,1.45395799676898,52.0357,184.001943023256,0.0648298217179903,1.26742301458671,0.264
54160,23,female,0,US,qwerty,en,9-10,0,full,2.30263157894737,77.1394,131.711279932546,0.0657894736842105,1.17105263157895,0.4304
54850,24,male,1,US,qwerty,en,9-10,1,laptop,1.07893242475866,81.8083,137.7017481409,0.0133079847908745,1.0722433460076,0.306
55357,34,female,1,BE,azerty,fr,9-10,5,full,2.8657616892911,50.7469,210.624028703704,0.0346907993966818,1.12669683257919,0.2637
55512,15,female,0,US,qwerty,en,9-10,1,full,1.26984126984127,74.2643,147.752448859935,0.0381558028616852,1.1033386327504,0.349
56047,21,none,1,US,qwerty,en,9-10,0,laptop,0.993377483443709,28.5835,284.375151114923,0.182274247491639,1.45819397993311,0.2887
56215,20,none,0,US,qwerty,en,9-10,5,full,0.533807829181495,53.4132,184.868432906764,0.0587188612099644,1.15658362989324,0.3622
56563,17,none,0,US,qwerty,en,9-10,2,full,2.10526315789474,56.0517,198.28889057971,0.0211640211640212,1.09347442680776,0.1339
57081,13,female,1,US,qwerty,en,9-10,1,full,2.18281036834925,32.6197,290.596188450704,0.103448275862069,1.28275862068966,0.0776
57653,20,female,0,US,qwerty,en,7-8,2,laptop,0.0,61.1357,155.160146859083,0.112582781456954,1.26490066225166,0.2216
57730,17,male,0,US,qwerty,en,7-8,3,laptop,0.488599348534202,73.049,136.632197147651,0.0703764320785597,1.19148936170213,0.5077
58629,10,female,0,US,qwertz,en,1-2,1,laptop,2.00333889816361,10.7415,647.064624740484,0.192242833052277,1.52107925801012,0.0868
59036,20,male,0,SG,qwerty,en,1-2,2,laptop,0.907715582450832,48.0587,224.36398374613,0.0211800302571861,1.12254160363086,0.0674
60598,21,none,0,IN,qwerty,en,3-4,2,full,1.66919575113809,35.9316,303.021032293292,0.038109756097561,1.11585365853659,0.145
61322,21,female,0,PH,qwerty,en,5-6,1,laptop,0.930232558139535,45.7651,222.430866082803,0.057542768273717,1.19440124416796,0.1633
62761,11,female,1,US,qwerty,en,9-10,1,full,0.464396284829721,22.1084,443.823621303657,0.105590062111801,1.24223602484472,0.0739
63011,23,male,0,IN,qwerty,hi,9-10,1,full,0.571428571428571,43.4943,215.426579325513,0.100430416068867,1.28550932568149,0.2089
64865,15,male,0,US,qwerty,en,3-4,15,laptop,0.528169014084507,97.7193,109.947519021739,0.0352733686067019,1.11111111111111,0.522
64866,23,female,0,US,qwerty,en,7-8,5,laptop,0.613496932515337,68.5217,154.8197205074,0.0389344262295082,1.13934426229508,0.281
66008,14,male,1,US,qwerty,en,1-2,5,laptop,1.01744186046512,16.3548,629.924322089552,0.0525547445255474,1.14306569343066,0.1352
66450,22,female,0,CA,qwertz,en,9-10,2,laptop,0.31055900621118,40.825,263.296362679426,0.0404984423676012,1.12461059190031,0.099
66699,31,male,0,US,qwerty,en,5-6,1,full,1.0590015128593,44.8838,211.536445567652,0.0759878419452888,1.1854103343465,0.3503
66922,20,none,1,US,qwerty,en,9-10,0,laptop,0.0,46.5379,221.25439470305,0.0689655172413793,1.17711598746082,0.2255
67060,23,female,1,US,qwerty,en,9-10,2,full,1.05757931844888,81.7179,122.712404424779,0.0775862068965517,1.19655172413793,0.5493
69013,23,male,0,AU,qwerty,en,7-8,4,full,1.76730486008837,49.1304,231.844995751138,0.013353115727003,1.06676557863501,0.1165
70360,29,female,0,GB,qwerty,en,3-4,2,full,0.343642611683849,62.9893,174.846962081129,0.0274914089347079,1.09278350515464,0.1159
70620,21,male,0,IN,qwerty,hi,9-10,1,full,0.306278713629403,43.4029,239.785642946708,0.0627871362940276,1.16079632465544,0.1992
71037,25,male,1,ET,qwerty,am,9-10,1,laptop,2.43553008595989,51.888,216.278272378139,0.0216763005780347,1.07658959537572,0.4014
71135,15,male,1,US,qwerty,en,9-10,1,full,0.280504908835905,71.358,146.476957266187,0.0619718309859155,1.15915492957746,0.4641
71360,29,male,0,US,qwerty,en,7-8,1,full,1.26582278481013,35.0117,319.615783902439,0.0111111111111111,1.06349206349206,0.0777
72347,28,none,0,US,qwerty,en,9-10,6,laptop,0.0783699059561129,42.2307,245.6590360134,0.0620915032679739,1.16176470588235,0.3017
72479,14,female,0,US,qwerty,en,9-10,1,laptop,1.51006711409396,34.158,312.764265284974,0.0505050505050505,1.13636363636364,0.0576
72645,31,female,0,US,qwerty,en,7-8,4,full,0.431654676258993,82.0921,126.183832106038,0.0619596541786743,1.15850144092219,0.5387
72722,15,male,0,US,qwerty,en,7-8,10,full,0.151630022744503,71.268,140.348510882353,0.0762589928057554,1.1841726618705,0.3304
73067,19,female,1,US,qwerty,en,9-10,1,laptop,0.684931506849315,39.0514,249.223587477954,0.0945017182130584,1.24054982817869,0.0948
73479,30,female,1,US,qwerty,en,9-10,8,full,0.5380476556495,55.3931,189.864016773163,0.0546021840873635,1.14820592823713,0.3925
73906,16,female,1,US,qwerty,en,7-8,1,laptop,0.73909830007391,58.7092,186.690604340568,0.0325732899022801,1.10912052117264,0.1261
74107,21,female,0,SV,qwerty,es,7-8,2,laptop,0.303951367781155,32.5832,314.977865678627,0.0609756097560976,1.15548780487805,0.1548
74271,19,female,0,GB,qwerty,en,3-4,3,laptop,0.607611128877518,39.9066,262.113201121495,0.0272727272727273,1.16545454545455,0.016
75180,40,female,1,US,qwerty,en,9-10,3,full,0.357653791130186,67.5031,163.78589095315,0.0173501577287066,1.09148264984227,0.264
75233,38,male,0,US,qwerty,en,3-4,1,laptop,1.2589928057554,13.9005,749.629602788104,0.027124773960217,1.11030741410488,0.0417
75970,21,none,0,US,qwerty,en,1-2,1,laptop,0.477707006369427,32.1876,318.065268248772,0.0686900958466454,1.18849840255591,0.1536
76039,25,male,0,US,qwerty,en,1-2,35,laptop,2.05831903945111,32.8529,327.229781128748,0.0309278350515464,1.10652920962199,0.127
76215,29,male,0,NZ,qwerty,en,9-10,2,laptop,0.0,96.4079,110.878703284072,0.0432692307692308,1.125,0.6288
76628,33,none,0,US,qwerty,en,1-2,4,laptop,0.818926296633303,26.0652,415.136095318352,0.0418943533697632,1.12386156648452,0.0531
76656,33,none,0,US,qwerty,en,1-2,4,laptop,0.615384615384615,27.3819,392.875177287066,0.0385208012326656,1.12172573189522,0.0505
76876,21,male,1,CA,qwerty,en,9-10,1,laptop,0.163398692810458,58.8198,156.169149328859,0.0687397708674304,1.26186579378069,0.3981
76937,35,none,0,US,qwerty,en,1-2,2,laptop,0.46656298600311,71.3787,155.750462006079,0.0297176820208024,1.08766716196137,0.0572
77707,16,female,0,US,qwerty,en,5-6,4,laptop,0.148367952522255,44.2843,218.130339209726,0.102526002971768,1.25705794947994,0.3321
78019,32,male,1,US,qwerty,en,9-10,5,full,0.401606425702811,43.5163,231.174349649123,0.0581196581196581,1.17264957264957,0.2086
80133,15,male,0,MY,qwerty,en,5-6,1,laptop,0.865051903114187,22.5577,371.488529285714,0.168695652173913,1.44869565217391,0.143
81217,14,male,1,US,qwerty,en,9-10,1,laptop,1.01694915254237,71.8064,155.797004728546,0.0204778156996587,1.08191126279863,0.5428
81317,24,female,0,GB,qwerty,en,5-6,8,laptop,0.535714285714286,53.1402,211.276900551471,0.0196779964221825,1.07692307692308,0.2913
81437,20,female,0,CA,qwerty,en,3-4,2,laptop,8.44645550527903,37.8477,239.591870799347,0.0270700636942675,1.0812101910828,0.0226
81720,18,male,0,US,qwerty,en,9-10,0,laptop,0.0,39.8283,252.459488043478,0.0819423368740516,1.20637329286798,0.1385
81799,21,male,0,PH,qwerty,en,3-4,1,full,0.62111801242236,44.793,204.002860287081,0.141744548286604,1.32398753894081,0.1808
81826,22,none,0,GB,qwerty,en,9-10,8,full,0.68870523415978,33.2117,267.319716455696,0.165289256198347,1.36225895316804,0.0678
82733,19,female,0,US,qwerty,en,9-10,0,laptop,0.224592925322852,46.485,230.665617445483,0.045662100456621,1.13089802130898,0.2349
83457,35,male,0,PK,qwerty,ur,9-10,5,full,1.34529147982063,32.2423,332.468345076923,0.0360902255639098,1.13082706766917,0.0529
83564,18,none,0,US,qwerty,en,5-6,0,laptop,1.01404056162246,46.1011,214.000309134615,0.0985915492957746,1.23004694835681,0.2228
84328,17,female,0,GB,qwerty,en,7-8,4,laptop,0.144508670520231,62.6705,163.345075,0.0709117221418234,1.1794500723589,0.2563
84434,27,female,1,PH,qwerty,tl,7-8,1,laptop,1.49863760217984,27.1807,419.423213661972,0.0055172413793103,1.06896551724138,0.0671
84696,50,none,0,US,qwerty,en,9-10,2,laptop,0.628930817610063,30.1496,350.386776252019,0.0473186119873817,1.14511041009464,0.0563
84697,30,none,0,CA,qwerty,en,9-10,4,full,0.755667506297229,73.7587,142.556102053915,0.0503778337531486,1.14609571788413,0.438
85623,23,female,1,US,qwerty,en,9-10,1,full,0.543478260869565,93.6768,119.028431775701,0.0218181818181818,1.08181818181818,0.6483
85786,15,none,1,US,qwerty,en,9-10,1,full,1.07484076433121,42.6113,208.32282716263,0.0826306913996627,1.23440134907251,0.4373
85955,48,male,1,US,qwerty,en,9-10,3,full,0.0,65.4696,159.285794794953,0.0231124807395994,1.10015408320493,0.2303
86094,20,male,1,US,qwerty,en,7-8,1,laptop,0.597014925373134,45.9596,224.90882898773,0.0644677661169415,1.17091454272864,0.1031
86586,19,male,0,PH,qwerty,en,3-4,3,full,0.93603744149766,34.4096,276.359524558587,0.117554858934169,1.27586206896552,0.1652
86697,15,none,0,US,qwerty,en,5-6,8,full,1.27840909090909,67.8179,148.068113702624,0.0813124108416548,1.20256776034237,0.2367
86733,18,female,0,KR,qwerty,ko,9-10,1,laptop,0.0,59.5788,169.817697875569,0.0756676557863502,1.18991097922849,0.4091
88407,15,female,0,PH,qwerty,en,3-4,0,full,0.718390804597701,46.2543,222.73600544919,0.0605187319884726,1.1685878962536,0.1344
88728,12,none,0,US,qwerty,en,5-6,12,laptop,0.308166409861325,57.6576,168.020010268562,0.095679012345679,1.24382716049383,0.3805
88791,25,male,0,PH,qwerty,en,9-10,2,full,0.141643059490085,43.6875,232.725767536232,0.075177304964539,1.19007092198582,0.2828
88825,28,female,0,IN,qwerty,en,9-10,6,full,1.10236220472441,47.0536,225.422171474878,0.0522151898734177,1.13924050632911,0.2624
88931,24,female,1,IN,qwerty,en,9-10,1,full,0.492610837438424,53.6869,195.248321922428,0.0542763157894737,1.14473684210526,0.3715
89799,16,female,1,US,qwerty,en,7-8,1,full,1.39664804469274,61.4135,172.204378459344,0.0460893854748603,1.12988826815642,0.4509
90187,27,none,0,US,qwerty,en,9-10,2,full,0.803212851405622,40.7979,220.125188796681,0.100603621730382,1.24144869215292,0.2036
92972,23,male,0,IN,qwerty,en,7-8,0,full,0.16260162601626,34.3843,253.218398861789,0.13015873015873,1.31269841269841,0.3825
93061,35,female,0,US,qwerty,en,1-2,0,laptop,0.446428571428571,26.6087,384.368935670732,0.0625931445603577,1.17138599105812,0.048
93277,23,male,0,PH,qwerty,en,5-6,8,full,0.0,49.9608,193.10510957265,0.105,1.24666666666667,0.3424
93307,22,none,0,US,qwerty,en,5-6,1,laptop,4.49438202247191,66.941,164.133809915966,0.0278688524590164,1.09508196721311,0.3139
93531,50,female,0,US,qwerty,en,9-10,2,full,0.175370226032736,47.152,201.546598548387,0.0598425196850394,1.21732283464567,0.3584
93865,18,female,0,CA,qwerty,en,9-10,1,laptop,1.06571936056838,46.4426,206.294410622711,0.0944741532976827,1.24242424242424,0.2588
93940,31,none,0,US,qwerty,en,9-10,0,laptop,0.92485549132948,47.7297,205.286418430034,0.0931780366056572,1.21630615640599,0.3059
94010,15,none,0,US,qwerty,en,1-2,1,laptop,3.62694300518135,74.6716,125.816360733945,0.116071428571429,1.25714285714286,0.4253
94078,21,male,1,US,qwerty,en,9-10,3,laptop,0.174825174825175,69.6527,146.982496409336,0.0699300699300699,1.18356643356643,0.2402
94169,16,male,0,US,qwerty,en,9-10,19,full,0.842548709847288,44.6033,217.237061437908,0.105263157894737,1.23763955342903,0.1616
94759,50,none,0,US,qwerty,en,9-10,6,full,0.883838383838384,43.8418,244.022865935484,0.0468354430379747,1.12784810126582,0.2443
95773,20,female,1,US,qwerty,en,7-8,9,laptop,0.996126175982291,41.0981,262.640375729927,0.0426287744227353,1.12255772646536,0.1896
95844,22,male,1,PW,qwerty,en,1-2,2,full,0.66006600660066,37.1816,293.080449823322,0.0671256454388985,1.18588640275387,0.1706
96041,22,male,0,IN,qwerty,en,7-8,3,laptop,0.172711571675302,18.6859,582.581890941385,0.0380622837370242,1.12629757785467,0.3145
96220,28,none,0,PH,qwerty,en,1-2,12,laptop,0.318979266347687,29.1716,397.077166775777,0.0095846645367412,1.05271565495208,0.0326
96688,22,none,0,US,qwerty,en,1-2,1,laptop,8.07086614173228,22.3772,481.085298319328,0.054989816700611,1.14256619144603,0.0055
96995,34,male,0,PG,qwerty,en,9-10,1,laptop,1.21080409810618,37.8461,298.70119668175,0.0162241887905605,1.06489675516224,0.1513
97469,13,male,0,HN,qwerty,en,9-10,0,full,1.10584518167457,17.7948,515.570326547231,0.114467408585056,1.26550079491256,0.0397
98638,37,female,1,US,qwerty,en,9-10,2,laptop,0.0819336337566571,62.2516,171.003666932907,0.0124804992199688,1.11700468018721,0.4394
98712,16,male,0,GB,qwerty,en,7-8,5,laptop,0.392156862745098,62.6465,164.957420808081,0.0549019607843137,1.16274509803922,0.3114
100422,20,male,0,MX,qwerty,en,1-2,1,full,0.641025641025641,35.4769,254.117262644628,0.135483870967742,1.33548387096774,0.2251
100616,26,female,0,BG,qwerty,bg,3-4,3,laptop,0.33500837520938,39.8015,254.488454982818,0.0703517587939698,1.18425460636516,0.0751
100824,19,male,1,US,qwerty,en,9-10,4,full,0.315955766192733,76.205,138.913300972447,0.0443037974683544,1.13132911392405,0.5543
100994,23,male,0,JM,qwerty,en,3-4,0,full,5.99315068493151,31.4624,323.081516453382,0.0800711743772242,1.18683274021352,0.0107
101017,16,male,0,NZ,qwerty,en,3-4,3,full,0.336700336700337,80.5342,123.977445407279,0.0793918918918919,1.20777027027027,0.4157
101285,20,female,0,US,qwerty,en,1-2,8,full,2.29059061306984,30.5757,340.74522828125,0.0564885496183206,1.14198473282443,0.1337
101543,23,none,0,US,qwerty,en,1-2,1,full,0.217864923747277,71.6957,140.614665243902,0.0760059612518629,1.19523099850969,0.5972
102104,20,female,1,US,qwerty,en,9-10,2,full,0.350877192982456,83.0772,131.293908108108,0.0403508771929825,1.10877192982456,0.2804
102521,25,female,0,IN,qwerty,hi,5-6,1,full,1.24555160142349,34.7444,318.430524908425,0.0249554367201426,1.09625668449198,0.0599
103728,23,male,0,IN,qwerty,en,3-4,1,laptop,1.20689655172414,22.196,466.650367713787,0.0680272108843537,1.1734693877551,0.037
104091,21,male,1,IN,qwerty,hi,9-10,1,full,0.0,24.1104,420.424020833333,0.0764227642276423,1.19837398373984,0.0471
104478,19,male,0,US,qwerty,en,1-2,10,laptop,0.497512437810945,67.9903,134.142529381443,0.050251256281407,1.11892797319933,0.4924
105268,14,female,0,IN,qwerty,te,3-4,1,laptop,1.72744721689059,16.0661,614.629455555556,0.0635838150289017,1.21772639691715,0.0211
105595,20,female,0,GB,qwerty,en,3-4,3,laptop,0.78125,62.9844,159.22410832,0.0625,1.1890625,0.181
105847,32,female,1,US,qwerty,en,9-10,5,full,1.23839009287926,68.3921,159.398486349206,0.0170542635658915,1.11007751937984,0.2482
106803,14,female,0,CA,qwerty,en,3-4,0,full,4.81203007518797,37.369,280.037134173228,0.0261538461538462,1.11230769230769,0.0565
108740,32,female,1,US,qwerty,en,9-10,6,laptop,0.582241630276565,74.1595,151.586384053651,0.0131195335276968,1.06851311953353,0.5209
108972,29,male,0,CA,qwerty,en,9-10,10,full,0.0,89.1391,115.965675040783,0.0445859872611465,1.14012738853503,0.6348
109168,19,male,0,CA,qwerty,en,3-4,2,full,0.819672131147541,57.6918,176.10390625,0.070840197693575,1.17462932454695,0.5258
111407,21,male,0,US,qwerty,en,9-10,2,laptop,0.313971742543171,56.3897,200.551722419355,0.0094488188976378,1.06771653543307,0.2308
111621,16,female,0,AU,qwerty,en,3-4,3,laptop,3.28151986183074,57.8685,192.26726625222,0.0242214532871972,1.08996539792388,0.3447
111866,22,male,0,IN,qwerty,ta,9-10,1,laptop,0.0,51.1063,195.314110247934,0.0806451612903226,1.19838709677419,0.1745
112929,13,female,0,US,qwerty,en,5-6,1,laptop,1.0016694490818,41.3516,262.115450600343,0.0418060200668896,1.12709030100334,0.1381
113643,24,female,0,VI,qwerty,en,7-8,6,full,0.172314761631246,48.6051,189.328051313485,0.126279863481229,1.31058020477816,0.1394
114921,25,male,0,IN,qwerty,ta,7-8,1,on-screen,1.15511551155116,31.5045,303.402849443561,0.130434782608696,1.30124223602484,0.1166
114992,31,female,0,US,qwerty,en,9-10,5,full,0.689061154177433,40.2672,211.249493471338,0.166407465007776,1.41368584758942,0.1779
115546,15,male,1,US,qwerty,en,7-8,0,laptop,1.5817223198594,22.318,444.986522909091,0.0761061946902655,1.22477876106195,0.065
118290,10,none,0,US,qwerty,en,5-6,1,full,2.87253141831239,25.8837,404.223771969697,0.0257826887661142,1.13812154696133,0.0448
118464,14,none,1,US,qwerty,en,9-10,1,full,1.32890365448505,62.4707,169.190627863248,0.0416666666666667,1.13333333333333,0.5714
119782,18,male,0,IN,qwerty,hi,7-8,2,laptop,0.875912408759124,46.4903,221.523304484305,0.0687134502923977,1.17982456140351,0.1162
120931,39,none,0,US,qwerty,en,7-8,10,laptop,1.61764705882353,38.9894,266.093148103187,0.0593471810089021,1.16765578635015,0.0829
121080,25,male,0,US,qwerty,en,5-6,2,full,2.53164556962025,68.5118,152.286928292683,0.053968253968254,1.15873015873016,0.1888
122138,18,male,0,GT,qwerty,es,9-10,2,full,1.31578947368421,58.8392,184.510139676113,0.0343915343915344,1.11375661375661,0.1536
123198,17,male,0,US,qwerty,en,7-8,4,laptop,0.869565217391304,87.1674,127.392781785714,0.0243478260869565,1.08173913043478,0.5124
124302,17,none,0,PH,qwerty,en,3-4,2,laptop,3.51681957186544,70.1217,138.222803674121,0.0858034321372855,1.22152886115445,0.6185
124534,17,male,0,US,qwerty,en,7-8,1,laptop,2.58964143426295,37.0594,201.687796666667,0.0525252525252525,1.47676767676768,0.4176
125073,22,female,1,US,qwerty,en,9-10,0,laptop,0.641025641025641,59.3214,178.500512355848,0.0418006430868167,1.12379421221865,0.4547
125909,21,female,0,CA,qwerty,en,7-8,4,laptop,1.2280701754386,98.9564,115.721161636364,0.0053097345132743,1.04955752212389,0.4827
126206,16,female,0,FR,azerty,fr,7-8,2,laptop,0.5380476556495,61.7588,171.296998254799,0.0391156462585034,1.13605442176871,0.3109
126421,23,female,1,US,qwerty,en,9-10,2,laptop,0.470588235294118,59.5703,170.706597789116,0.0696517412935323,1.19237147595357,0.1165
127041,21,female,1,US,qwerty,en,9-10,12,laptop,0.291970802919708,77.3436,138.354159104478,0.0481751824817518,1.12554744525547,0.5106
128692,18,female,0,US,qwerty,en,3-4,1,full,0.88809946714032,44.1176,219.112855474453,0.0763765541740675,1.22735346358792,0.1213
129388,20,male,0,IN,qwerty,en,7-8,0,laptop,1.06007067137809,69.3649,138.441081386861,0.0959147424511545,1.24156305506217,0.3348
129436,15,female,0,US,qwerty,en,1-2,2,full,0.154320987654321,43.8104,231.47857535545,0.0833333333333333,1.19444444444444,0.0988
129516,35,male,0,ID,qwerty,id,9-10,10,full,0.152439024390244,63.2199,149.7382915625,0.0946564885496183,1.21679389312977,0.2235
129867,19,male,0,GB,qwerty,en,7-8,1,laptop,0.649350649350649,73.3555,148.8081525,0.0357723577235772,1.10894308943089,0.2099
131471,30,female,0,US,qwerty,en,9-10,1,laptop,0.66030814380044,94.6362,114.883047042254,0.0344827586206897,1.10620689655172,0.4956
132615,41,female,1,NZ,qwerty,en,9-10,2,full,0.341685649202733,50.8027,217.669406655574,0.0275974025974026,1.09577922077922,0.2924
132997,42,female,0,US,qwerty,en,3-4,2,laptop,2.46710526315789,38.1088,278.433039424704,0.0495049504950495,1.13531353135314,0.2065
133028,25,female,1,US,qwerty,en,9-10,8,laptop,0.327332242225859,50.7783,189.586523865546,0.0377049180327869,1.11803278688525,0.4258
133241,31,male,0,US,qwerty,en,7-8,1,laptop,0.445831475702185,43.4509,213.12790484375,0.106870229007634,1.25190839694656,0.2919
133931,19,female,1,US,qwerty,en,1-2,0,full,0.0,52.4398,198.362278762542,0.0587275693311582,1.16150081566069,0.1062
134207,18,female,0,CA,qwerty,en,3-4,2,laptop,0.159489633173844,62.6844,161.95872704918,0.0288,1.1024,0.4681
134227,30,male,1,US,qwerty,en,9-10,3,laptop,0.0784929356357928,83.654,121.878780327869,0.0544,1.1712,0.5105
134803,28,male,0,US,qwerty,en,7-8,5,laptop,0.0,99.7111,112.528196535433,0.0138461538461538,1.07230769230769,0.4809
135110,27,female,0,PH,qwerty,en,7-8,8,full,0.826446280991735,60.9245,185.300533219761,0.0066445182724252,1.03654485049834,0.2857
135591,29,male,0,US,qwerty,en,7-8,1,full,0.373731980779498,57.1409,183.642963327032,0.0661764705882353,1.15073529411765,0.2422
136511,24,female,0,US,qwerty,en,9-10,4,full,0.343053173241852,48.0403,215.556025971731,0.0602409638554217,1.16695352839931,0.3379
136977,34,female,0,US,qwerty,en,9-10,1,laptop,2.42057488653555,27.9324,390.91338971519,0.0278207109737249,1.09119010819165,0.0449
137934,20,female,0,US,qwerty,en,9-10,1,laptop,1.24777183600713,60.8171,146.944050183824,0.161001788908766,1.35957066189624,0.2309
138375,15,male,1,US,qwerty,en,3-4,5,laptop,0.601202404809619,57.8649,157.671228364389,0.120481927710843,1.30722891566265,0.2107
138702,34,none,0,US,qwerty,en,1-2,1,laptop,5.1063829787234,47.8812,238.549103357664,0.0128571428571429,1.06142857142857,0.3091
138946,24,male,0,US,qwerty,en,1-2,1,laptop,0.816993464052288,121.5543,90.5246986554622,0.0295081967213115,1.08196721311475,0.738
139192,20,female,0,US,qwerty,en,9-10,1,full,1.82815356489945,53.4071,195.370109586466,0.0511882998171846,1.14990859232176,0.2557
139350,28,female,1,US,qwerty,en,9-10,1,full,0.446030330062444,81.417,124.725284705882,0.0514285714285714,1.14285714285714,0.5863
139785,31,male,0,TT,qwerty,en,9-10,2,full,0.0793021411578113,105.8808,106.81751965812,0.0116666666666667,1.06333333333333,0.4236
140337,20,female,0,US,qwerty,es,9-10,2,full,0.278164116828929,74.0626,133.902075498575,0.0753138075313808,1.19944211994421,0.5219
141111,16,female,0,AU,qwerty,en,5-6,2,laptop,5.4673721340388,28.6613,373.839620555556,0.0486486486486487,1.14054054054054,0.1893
141713,34,male,1,US,qwerty,en,9-10,1,laptop,0.793650793650794,86.1254,133.394266339869,0.0015948963317384,1.04625199362041,0.6069
142347,32,female,0,ID,qwerty,id,7-8,4,laptop,0.232919254658385,49.2627,228.974187326121,0.0181268882175227,1.08157099697885,0.0585
142670,35,male,0,MU,qwerty,en,9-10,5,laptop,0.507614213197969,48.7926,196.984017102967,0.0918367346938776,1.25850340136054,0.5241
143335,25,female,0,GB,qwerty,en,5-6,2,full,0.147275405007364,62.1591,166.346510692771,0.0706921944035346,1.16936671575847,0.2657
144210,50,female,1,US,qwerty,en,9-10,1,full,0.455235204855842,44.9482,251.420428193146,0.0167427701674277,1.07458143074581,0.042
144477,11,male,1,US,qwerty,en,9-10,0,full,1.84615384615385,8.5928,1054.67449209677,0.0724409448818898,1.17637795275591,0.0301
144537,15,none,0,US,qwerty,en,1-2,10,laptop,1.64917541229385,19.0486,492.15828798151,0.0933734939759036,1.30572289156627,0.0775
144562,15,male,0,US,qwerty,en,1-2,1,laptop,1.1744966442953,22.9983,383.928233275563,0.152027027027027,1.33952702702703,0.1221
145303,42,female,0,US,qwerty,en,9-10,6,full,0.655737704918033,65.2962,159.620820099668,0.053484602917342,1.14748784440843,0.3088
145606,27,female,1,US,qwerty,en,9-10,5,full,0.4212299915754,46.4253,237.923294845361,0.02,1.092,0.1654
146178,26,female,1,US,qwerty,en,9-10,7,full,0.0,91.4188,115.729365771812,0.038961038961039,1.13852813852814,0.6693
146736,22,male,1,US,qwerty,en,5-6,4,full,3.13971742543171,85.864,128.915138149351,0.0269413629160063,1.07606973058637,0.6491
146850,22,female,1,US,qwerty,en,9-10,20,full,2.4132730015083,57.1474,177.328290566038,0.0783410138248848,1.19354838709677,0.3018
147577,29,female,0,US,qwerty,en,7-8,6,full,2.05696202531646,64.9411,161.717306818182,0.0491283676703645,1.14896988906498,0.3775
147677,20,female,1,US,qwerty,en,9-10,5,laptop,1.12994350282486,36.6167,268.493330873786,0.0943396226415094,1.23584905660377,0.0641
147876,26,male,1,US,qwerty,en,9-10,8,full,0.13550135501355,67.1263,126.482968156425,0.0095759233926128,1.0547195622435,0.6207
148223,13,female,0,US,qwerty,en,5-6,1,laptop,0.163132137030995,61.8672,168.816080033557,0.0245499181669394,1.07364975450082,0.1451
149141,55,none,1,US,qwerty,en,9-10,1,laptop,0.506756756756757,51.6024,204.131972443674,0.0320945945945946,1.10472972972973,0.05
149205,13,female,0,US,qwerty,en,1-2,1,laptop,0.153139356814701,43.921,221.365366875981,0.0950920245398773,1.24386503067485,0.1897
150117,23,female,0,PH,qwerty,tl,5-6,2,laptop,1.18694362017804,42.0502,266.374442331288,0.0194902548725637,1.08245877061469,0.1358
150213,28,none,1,MY,qwerty,ms,9-10,2,full,0.0,34.7953,256.372019814815,0.142342342342342,1.33873873873874,0.1717
152305,24,female,1,US,qwerty,en,3-4,7,laptop,0.153846153846154,62.8927,162.09484022082,0.0523882896764253,1.13713405238829,0.5076
152522,47,female,1,IE,qwerty,en,1-2,2,laptop,0.31496062992126,51.165,195.418605322581,0.078740157480315,1.21102362204724,0.2785
152624,57,male,1,US,qwerty,en,7-8,1,full,2.2911051212938,23.488,494.359937001375,0.0040431266846361,1.04582210242588,0.0604
152803,22,none,0,US,qwerty,en,7-8,0,full,1.87074829931973,57.5124,173.914436993243,0.0774299835255354,1.20757825370675,0.3538
153285,27,none,0,US,qwerty,en,9-10,1,laptop,0.296296296296296,66.3244,153.004118333333,0.0311111111111111,1.10518518518519,0.4932
153744,18,male,0,PH,qwerty,en,5-6,3,full,1.40405616224649,49.8448,199.6262414791,0.0722135007849294,1.17582417582418,0.4387
154063,21,none,0,US,qwerty,en,9-10,3,full,0.163934426229508,76.8325,130.532532828283,0.0853858784893268,1.19704433497537,0.4412
154106,52,none,0,GB,qwerty,en,3-4,1,full,2.40963855421687,37.5569,288.238298921418,0.0481927710843374,1.13102409638554,0.0815
154177,25,male,0,US,qwerty,en,9-10,3,laptop,0.98119378577269,84.3041,123.937519473684,0.0547008547008547,1.15555555555556,0.3419
154413,35,male,0,ZW,qwerty,sn,3-4,2,full,0.537634408602151,35.0374,332.783642357274,0.0089605734767025,1.05017921146953,0.035
155286,13,none,0,US,qwerty,en,9-10,2,laptop,0.318471337579618,63.4111,161.310907037643,0.0670926517571885,1.16453674121406,0.4566
156081,37,male,0,US,qwerty,en,7-8,2,laptop,1.04109589041096,36.5684,254.170319349315,0.13355592654424,1.30884808013356,0.1339
156823,21,female,1,US,qwerty,en,7-8,5,laptop,0.527240773286467,54.395,207.476507427536,0.0211640211640212,1.07760141093474,0.3456
157178,23,female,0,US,qwerty,en,3-4,1,laptop,1.32575757575758,43.4066,257.889294182825,0.0271370420624152,1.08141112618725,0.0588
157766,16,male,0,US,qwerty,en,1-2,1,laptop,1.51515151515152,55.7776,176.463483910035,0.106239460370995,1.23102866779089,0.1427
158866,14,male,0,US,qwerty,en,3-4,5,full,0.963081861958267,88.23,119.330980762852,0.0517799352750809,1.15210355987055,0.4577
159126,17,female,1,US,qwerty,en,9-10,1,laptop,0.496688741721854,43.2342,255.791888285229,0.0231788079470199,1.09602649006623,0.2519
159404,21,female,0,PH,qwerty,tl,5-6,3,full,0.583941605839416,49.0001,193.776717841079,0.120234604105572,1.2741935483871,0.322
160446,13,none,0,US,qwerty,en,7-8,0,laptop,1.47710487444609,35.5102,306.366061585366,0.0357675111773472,1.11624441132638,0.1049
160575,14,female,0,US,qwerty,en,7-8,1,full,0.759878419452888,25.2682,370.659700778816,0.0898021308980213,1.28614916286149,0.194
161314,20,female,0,US,qwerty,en,3-4,3,full,0.822368421052632,36.9589,247.449778003384,0.117161716171617,1.28382838283828,0.1193
161597,8,none,0,US,qwerty,en,1-2,1,laptop,0.30441400304414,51.689,204.898492801252,0.0382262996941896,1.13455657492355,0.3232
161898,28,none,0,US,qwerty,en,7-8,0,laptop,1.33333333333333,54.4445,174.795856946827,0.102006688963211,1.25418060200669,0.4054
162051,24,female,1,US,qwerty,en,9-10,4,full,0.18796992481203,80.5074,131.494246317829,0.0508474576271186,1.13935969868173,0.4966
162310,26,none,0,US,qwerty,en,1-2,1,laptop,0.771604938271605,41.6714,263.584443581616,0.0340557275541796,1.10371517027864,0.2249
162323,31,male,1,US,qwerty,en,9-10,4,laptop,0.306278713629403,90.6153,122.93005855573,0.0168711656441718,1.06901840490798,0.6818
162339,35,female,0,US,qwerty,en,7-8,4,laptop,1.14285714285714,26.1673,289.125193114754,0.1744,1.4096,0.4152
162749,27,male,1,US,qwerty,en,9-10,1,full,0.327868852459016,72.4607,154.78903693086,0.0164473684210526,1.07565789473684,0.4632
162807,25,none,0,US,qwerty,en,1-2,3,laptop,0.0,77.5755,117.786540530973,0.046551724137931,1.13103448275862,0.6407
162827,22,female,1,US,qwerty,en,9-10,5,full,0.462249614791988,44.7392,221.511817246835,0.0911901081916538,1.2210200927357,0.1019
163637,9,female,0,PH,qwerty,en,3-4,1,full,0.463678516228748,9.1802,838.670950556439,0.130434782608696,1.31366459627329,0.0421
163974,21,female,0,AU,qwerty,en,9-10,2,laptop,0.152671755725191,57.2224,162.789882159624,0.128440366972477,1.29357798165138,0.3309
164273,30,male,1,US,qwerty,en,9-10,2,full,0.167224080267559,79.0406,130.287545017182,0.0552763819095477,1.16917922948074,0.3968
165033,22,male,0,IN,qwerty,hi,9-10,1,full,0.480769230769231,42.4188,234.929760708263,0.0921052631578947,1.21052631578947,0.1123
165362,25,male,0,IN,qwerty,en,9-10,1,full,1.06951871657754,30.3394,325.935602578269,0.0896057347670251,1.23476702508961,0.1929
166054,27,female,0,CA,qwerty,en,9-10,8,full,0.821018062397373,55.117,184.874481787521,0.0805921052631579,1.19243421052632,0.1718
166157,12,male,0,US,qwerty,en,9-10,8,laptop,0.530973451327434,77.1559,128.235740727273,0.0814159292035398,1.20530973451327,0.5961
166335,20,male,1,US,qwerty,en,7-8,2,laptop,0.284900284900285,55.9106,187.856904512373,0.0527065527065527,1.14102564102564,0.3677
166890,12,female,0,US,qwerty,en,1-2,3,full,0.139664804469274,40.7729,240.799209843081,0.0893854748603352,1.22067039106145,0.1211
168151,25,none,0,US,qwerty,en,1-2,1,laptop,2.52252252252252,20.4503,516.291327663551,0.0545454545454545,1.15090909090909,0.0469
169220,24,male,1,SG,qwerty,en,3-4,2,laptop,1.50554675118859,37.0939,262.248718164062,0.0815939278937381,1.21821631878558,0.1282
169399,16,none,0,MY,qwerty,ms,9-10,2,full,0.347826086956522,40.5884,179.563205555556,0.134380453752181,1.31064572425829,0.2442
170033,22,male,0,MY,qwerty,zh,3-4,1,laptop,1.03092783505155,38.9713,225.921297513321,0.153979238754325,1.37543252595156,0.2692
170212,14,male,0,US,qwerty,en,3-4,2,laptop,0.606060606060606,36.9067,272.292121548117,0.0486815415821501,1.15821501014199,0.2496
171664,26,male,0,US,qwerty,en,9-10,4,full,0.47244094488189,66.8794,158.509507266983,0.0509259259259259,1.13734567901235,0.3227
171767,37,female,0,US,qwerty,en,9-10,5,laptop,0.154559505409583,94.1485,116.424815530903,0.0139318885448916,1.09597523219814,0.564
171815,22,female,1,US,qwerty,en,9-10,2,laptop,0.943396226415094,69.0881,143.136753064516,0.0708661417322835,1.19842519685039,0.4236
172122,26,male,0,US,qwerty,en,9-10,6,full,0.436046511627907,43.5809,236.289218926975,0.0699708454810496,1.1734693877551,0.1506
172307,30,female,1,AU,qwerty,en,9-10,4,laptop,1.1864406779661,65.218,164.374903496503,0.0391822827938671,1.11925042589438,0.4611
172458,12,male,0,HK,qwerty,zh,9-10,1,full,2.57575757575758,37.6213,298.573820970266,0.0214067278287462,1.08103975535168,0.0824
173304,25,female,0,PH,qwerty,en,3-4,2,full,0.0,33.0493,285.717140774908,0.0825852782764812,1.24775583482944,0.1248
173325,15,male,0,US,qwerty,en,1-2,1,laptop,2.95698924731183,19.2925,550.866455555556,0.0443349753694581,1.1264367816092,0.0581
173443,35,female,1,GB,qwerty,en,7-8,3,full,0.16025641025641,76.9753,146.43713727422,0.0224358974358974,1.07692307692308,0.2633
173932,1,none,0,US,qwerty,en,1-2,3,laptop,1.54083204930663,30.9572,376.154910917722,0.0123647604327666,1.04945904173107,0.0497
174891,24,male,0,GB,qwerty,en,1-2,2,full,0.791139240506329,86.795,131.825506655844,0.0206022187004754,1.06339144215531,0.0716
175418,13,none,1,US,qwerty,en,9-10,5,full,0.191204588910134,34.6079,326.907635629921,0.0191204588910134,1.07648183556405,0.2336
175420,30,female,1,IE,qwerty,en,1-2,3,full,0.478468899521531,56.0023,199.815180327869,0.0224,1.0784,0.1942
175505,40,female,0,CA,qwerty,en,5-6,1,laptop,0.583941605839416,43.8458,260.20829641791,0.0131386861313869,1.06423357664234,0.0392
175786,28,female,1,US,qwerty,en,9-10,1,laptop,0.162866449511401,53.4423,201.566039108911,0.0450885668276973,1.1207729468599,0.2878
175825,11,female,0,US,qwerty,en,1-2,2,full,1.51400454201363,22.6025,453.916436170213,0.0475482912332838,1.16047548291233,0.0078
177002,47,female,1,US,qwerty,en,9-10,7,laptop,0.483759502418798,67.695,163.794565229485,0.0231607629427793,1.0858310626703,0.1995
177012,24,female,1,US,qwerty,en,3-4,5,full,1.17302052785924,62.4556,173.087494452774,0.0351906158357771,1.11290322580645,0.2083
177143,25,male,0,US,qwerty,en,9-10,1,full,0.0812347684809098,92.3775,113.989131353135,0.0499194847020934,1.13687600644122,0.3531
178530,16,female,0,US,qwerty,en,3-4,4,laptop,1.07142857142857,12.3488,883.804838589982,0.0379061371841155,1.1173285198556,0.0265
178544,13,male,1,US,qwerty,en,9-10,1,laptop,0.626959247648903,30.6216,317.700638164251,0.0786163522012579,1.24056603773585,0.1305
178596,23,male,0,CA,qwerty,en,9-10,1,laptop,0.658978583196046,50.6459,191.275820945946,0.0444810543657331,1.12355848434926,0.3892
178976,52,male,0,US,qwerty,en,3-4,1,laptop,0.448430493273543,22.948,499.678218042813,0.0134529147982063,1.06875934230194,0.0414
179437,16,none,0,US,qwerty,en,7-8,2,laptop,1.76565008025682,61.9745,160.542293564356,0.0789049919484702,1.20933977455717,0.4253
179473,19,female,0,KR,qwerty,ko,9-10,2,laptop,3.3271719038817,66.0427,141.431712015504,0.0903954802259887,1.27683615819209,0.4721
180545,16,male,0,US,qwerty,en,7-8,3,full,0.324149108589951,57.4252,148.462761461794,0.0680713128038898,1.16531604538088,0.5461
180882,24,female,0,GB,qwerty,en,9-10,5,full,2.54502740798747,70.6083,137.273613535032,0.0870917573872473,1.19440124416796,0.3939
180899,25,female,0,IN,qwerty,bn,1-2,0,laptop,0.199203187250996,27.282,430.469816460905,0.0019960079840319,1.04790419161677,0.0431
181244,33,none,0,GB,qwerty,en,3-4,5,full,1.43312101910828,66.7427,154.932399671593,0.0625,1.15865384615385,0.4054
182389,22,female,0,US,qwerty,en,9-10,16,full,0.443458980044346,42.6007,225.570338244048,0.110625909752547,1.25909752547307,0.0659
182734,37,male,0,CA,qwerty,en,1-2,1,laptop,0.844594594594595,55.7381,196.04702390925,0.022108843537415,1.08673469387755,0.3365
183681,14,female,1,US,qwerty,en,1-2,1,laptop,4.40140845070423,46.7237,204.236112569316,0.0989208633093525,1.25719424460432,0.2251
183936,23,female,0,US,qwerty,en,9-10,8,full,0.168918918918919,59.5352,189.505037477477,0.0105263157894737,1.07017543859649,0.3546
184194,13,female,1,US,qwerty,en,9-10,1,full,0.332225913621262,47.4139,171.353617979452,0.185308848080134,1.45575959933222,0.4726
184628,39,female,0,US,qwerty,en,9-10,4,laptop,0.15600624024961,47.0946,207.84343456,0.0890625,1.228125,0.1492
185265,28,female,0,US,qwerty,en,9-10,6,full,1.97044334975369,69.5201,149.57916762226,0.0427631578947368,1.14638157894737,0.3871
185669,13,female,0,US,qwerty,es,3-4,2,full,1.28,21.0783,492.081218555008,0.0592948717948718,1.15384615384615,0.0312
186285,30,female,0,IR,qwerty,fa,1-2,1,laptop,1.10759493670886,27.4545,365.044425490196,0.062200956937799,1.19617224880383,0.0122
186989,23,female,0,US,qwerty,en,1-2,1,laptop,0.307219662058372,60.879,178.818100787402,0.0415384615384615,1.11384615384615,0.3202
187338,17,male,0,US,qwerty,en,5-6,1,full,1.9672131147541,35.9368,307.793280944351,0.03125,1.10197368421053,0.1588
187411,20,female,0,PH,qwerty,en,5-6,6,laptop,0.189393939393939,33.2401,318.7959375,0.0531309297912713,1.14421252371917,0.0748
187576,13,female,0,AU,qwerty,en,1-2,4,full,0.36231884057971,22.8036,406.634931707317,0.105839416058394,1.27554744525547,0.0892
188293,16,male,1,AU,qwerty,en,7-8,6,laptop,1.89873417721519,58.6397,156.11765375817,0.0861244019138756,1.20095693779904,0.4939
188498,23,male,0,IN,qwerty,hi,1-2,1,full,0.76530612244898,19.8008,480.353706837607,0.13,1.28166666666667,0.0345
188848,22,female,0,ID,qwerty,en,9-10,4,full,0.174216027874564,53.5182,189.067683848797,0.050251256281407,1.17587939698492,0.2707
189007,12,female,1,PH,qwerty,tl,3-4,1,full,2.25108225108225,24.3774,372.761378674948,0.112449799196787,1.3433734939759,0.0963
189773,25,none,0,US,qwerty,en,7-8,5,laptop,0.441176470588235,73.5234,150.568057443609,0.0294117647058824,1.08676470588235,0.4599
190490,12,female,0,US,qwerty,en,1-2,1,laptop,4.24597364568082,28.0836,294.939470164918,0.211143695014663,1.45894428152493,0.1092
192064,26,male,1,US,qwerty,en,9-10,1,full,0.199203187250996,83.1129,126.505997938144,0.044,1.142,0.3237
192111,24,male,0,US,qwerty,en,3-4,25,laptop,3.97727272727273,14.6951,663.424681093058,0.0809248554913295,1.23843930635838,0.0024
192324,14,female,0,US,qwerty,en,9-10,2,full,0.432276657060519,25.6877,397.588350593472,0.0653120464441219,1.18867924528302,0.0473
192421,31,female,0,IN,qwerty,en,1-2,8,laptop,0.387897595034911,46.0705,207.128146870229,0.116417910447761,1.26567164179104,0.1333
192831,15,male,0,US,qwerty,en,9-10,1,laptop,2.94550810014728,49.7263,185.143755981595,0.0929535232383808,1.22488755622189,0.2092
193263,17,male,1,US,qwerty,en,9-10,3,full,0.583941605839416,56.8673,186.087317313433,0.054014598540146,1.14306569343066,0.3893
194089,29,male,1,US,qwerty,en,9-10,2,full,2.03125,87.4002,128.492384828711,0.0111464968152866,1.06687898089172,0.7099
195169,25,female,0,KR,qwerty,ko,9-10,2,laptop,0.309119010819165,58.9499,183.301372149837,0.0397456279809221,1.12241653418124,0.4197
195932,30,none,0,MY,qwerty,en,5-6,8,full,1.08695652173913,43.6572,249.257846485623,0.0390015600624025,1.1185647425897,0.1239
196020,30,female,1,US,qwerty,en,9-10,3,full,0.0,42.6617,245.17639471831,0.0548885077186964,1.16123499142367,0.1178
197708,33,male,0,US,qwerty,en,9-10,1,full,0.313971742543171,67.8131,166.866345839874,0.0153374233128834,1.06288343558282,0.5708
197896,17,none,0,US,qwerty,en,7-8,1,full,2.12765957446809,53.7657,194.328258853288,0.0592105263157895,1.15789473684211,0.1263
199103,35,female,1,US,qwerty,en,9-10,2,full,0.220264317180617,43.0606,236.986181283422,0.0642361111111111,1.1875,0.1704
199987,28,male,0,IN,qwerty,en,9-10,7,laptop,1.29151291512915,71.3265,152.7667121673,0.044362292051756,1.11090573012939,0.3823
201302,19,female,0,SV,qwerty,es,9-10,2,full,3.54131534569983,46.1818,226.270530395683,0.0367775831873905,1.14711033274956,0.0422
201664,21,male,0,US,qwerty,en,9-10,1,laptop,1.1070110701107,99.6104,108.296663167939,0.0333951762523191,1.11317254174397,0.5111
201742,54,female,0,US,qwerty,en,9-10,4,full,0.658978583196046,30.4261,355.137918412162,0.0362438220757825,1.11532125205931,0.0604
202224,18,male,0,US,qwerty,en,1-2,2,laptop,4.71544715447155,44.91,242.145949828179,0.0385259631490787,1.11222780569514,0.0416
204498,20,female,1,PH,qwerty,en,5-6,5,laptop,1.32352941176471,48.0684,222.997178398792,0.0192023633677991,1.1314623338257,0.1491
204773,27,female,0,PH,qwerty,en,9-10,8,laptop,0.527240773286467,42.5476,227.551302173913,0.109347442680776,1.25044091710758,0.1859
205103,16,male,0,GB,qwerty,en,1-2,3,full,2.59515570934256,89.2576,110.401292459605,0.0699300699300699,1.21153846153846,0.3009
206017,14,male,0,US,qwerty,en,3-4,2,laptop,1.37614678899083,33.965,295.902366876972,0.0770416024653313,1.19568567026194,0.1629
206229,22,female,0,US,qwerty,en,1-2,4,laptop,1.74880763116057,72.4759,148.770361889251,0.0349761526232114,1.120826709062,0.2725
207119,30,male,0,US,qwerty,en,9-10,1,laptop,3.72250423011844,82.6181,127.194544070796,0.0551724137931034,1.14137931034483,0.4436
207522,9,male,1,US,qwerty,vi,7-8,2,full,1.25391849529781,27.3536,375.821257258065,0.0456692913385827,1.13228346456693,0.0411
208383,35,female,0,CA,qwerty,en,9-10,1,laptop,1.00574712643678,31.5887,301.753779763663,0.11271676300578,1.28757225433526,0.0856
209066,12,none,1,US,qwerty,en,9-10,1,full,0.157977883096367,17.6041,410.677258279221,0.267828843106181,1.58320126782884,0.3022
209441,50,female,0,US,qwerty,en,9-10,2,laptop,0.0,28.4593,196.641095839311,0.047752808988764,1.25983146067416,0.2707
209506,24,female,0,US,qwerty,en,5-6,2,laptop,0.541516245487365,58.6398,168.837812801484,0.0830324909747292,1.21660649819495,0.5144
209810,5,none,0,US,qwerty,en,1-2,6,laptop,0.977198697068404,29.3948,343.867105685619,0.0261011419249592,1.14845024469821,0.0435
211578,10,none,0,US,qwerty,en,7-8,3,laptop,1.1090573012939,30.9003,343.163758365019,0.0314232902033272,1.14232902033272,0.1159
211635,25,male,0,PH,qwerty,en,9-10,1,laptop,0.307929176289453,68.8948,150.122629013255,0.0417867435158501,1.10518731988473,0.5399
212404,27,female,0,GB,qwerty,en,1-2,0,full,0.0807102502017756,36.2298,224.723325972006,0.21580547112462,1.49240121580547,0.1706
213481,31,male,1,US,qwerty,en,9-10,1,full,0.0389105058365759,39.8758,272.870896943231,0.0398860398860399,1.11538461538462,0.1055
213644,26,none,1,ES,qwerty,es,5-6,5,laptop,3.04347826086957,51.9299,195.423068413174,0.0571010248901903,1.17862371888726,0.3038
213652,31,male,1,IN,qwerty,en,9-10,2,laptop,0.301204819277108,30.8462,365.754229520866,0.0181268882175227,1.07401812688822,0.0891
214531,24,female,0,US,qwerty,en,3-4,1,laptop,0.763358778625954,46.0811,232.736076175549,0.0153139356814701,1.06738131699847,0.3757
215129,30,female,0,US,qwerty,en,3-4,1,full,0.0,61.9628,173.549445547945,0.0434056761268781,1.12186978297162,0.2511
215252,16,female,0,SA,qwerty,ur,1-2,1,full,3.61990950226244,28.7435,383.358115930599,0.0154083204930663,1.05546995377504,0.0149
215334,18,female,1,US,qwerty,en,9-10,1,laptop,0.0,79.1451,132.669191551724,0.0521008403361345,1.14453781512605,0.3423
215704,15,female,0,US,qwerty,en,5-6,14,laptop,0.31104199066874,73.3568,134.834096969697,0.0389408099688473,1.15264797507788,0.5476
216517,20,male,0,US,qwerty,en,7-8,1,laptop,0.749063670411985,78.1261,128.04863926499,0.0263157894736842,1.11278195488722,0.383
216886,18,female,0,JP,qwerty,ja,7-8,1,laptop,1.16459627329193,34.8256,255.80746453125,0.126717557251908,1.34809160305344,0.2016
216960,23,male,0,US,qwerty,en,1-2,5,full,1.48514851485149,25.6925,336.223023850085,0.0431893687707641,1.10797342192691,0.3328
217094,23,male,0,US,qwerty,en,9-10,1,small,1.2779552715655,58.217,170.86620625,0.0882825040128411,1.21027287319422,0.3315
217168,16,female,0,GB,qwerty,en,1-2,2,laptop,1.14777618364419,44.3433,187.143236911765,0.164028776978417,1.43597122302158,0.0641
220983,19,male,0,IN,qwerty,en,7-8,2,laptop,0.586510263929619,25.8571,350.574894126506,0.134020618556701,1.31811487481591,0.0477
221194,14,male,0,AU,qwerty,en,9-10,1,laptop,0.177304964539007,81.2078,129.338769160584,0.0461811722912966,1.13854351687389,0.4233
221823,13,male,0,PH,qwerty,en,3-4,8,full,0.185873605947955,48.1877,198.385004980843,0.104283054003724,1.25698324022346,0.1848
221941,20,female,0,GB,qwerty,en,7-8,2,full,1.43112701252236,77.9476,140.850927407407,0.0288288288288288,1.09189189189189,0.4721
222390,20,female,0,US,qwerty,en,3-4,2,laptop,1.16788321167883,21.9296,475.756414328808,0.0648967551622419,1.16371681415929,0.0271
222535,45,female,1,US,qwerty,en,9-10,5,laptop,0.830564784053156,58.0603,198.494092820513,0.0116666666666667,1.05166666666667,0.3166
222850,17,male,0,ID,qwerty,id,7-8,4,laptop,3.28358208955224,34.5712,272.068022153846,0.112781954887218,1.29022556390977,0.0593
222885,18,female,1,US,qwerty,en,7-8,4,laptop,0.0,31.9418,257.748567125645,0.201342281879195,1.47651006711409,0.1422
224448,13,male,0,US,qwerty,en,7-8,2,laptop,0.99009900990099,50.593,223.513312156295,0.0198300283286119,1.07365439093484,0.1265
224530,23,female,0,PH,qwerty,en,5-6,8,laptop,0.662251655629139,43.5919,253.337626405451,0.0182724252491694,1.09468438538206,0.1335
226633,41,female,1,ZA,qwerty,af,9-10,8,full,0.0,67.6088,160.77119376947,0.0289193302891933,1.10958904109589,0.2605
226713,23,female,1,PH,qwerty,tl,3-4,6,full,0.191570881226054,33.4766,315.096526824458,0.0517241379310345,1.15325670498084,0.2538
227704,23,male,0,US,qwerty,en,9-10,3,laptop,0.0,48.6978,199.401698540146,0.0959147424511545,1.23978685612789,0.3177
228129,23,male,1,IN,qwerty,bn,9-10,2,full,2.2140221402214,63.0471,161.828315057915,0.0600375234521576,1.18011257035647,0.3371
228559,18,male,0,US,qwerty,en,3-4,6,full,0.121506682867558,53.0933,188.566968069307,0.0680437424058323,1.19927095990279,0.2603
229216,16,male,0,HK,qwerty,en,9-10,8,full,0.326797385620915,96.9768,103.752944369748,0.0721311475409836,1.18688524590164,0.6573
229950,20,male,0,HK,qwerty,zh,5-6,0,laptop,0.342465753424658,30.1148,285.062692957746,0.120068610634648,1.41680960548885,0.037
231044,21,female,1,MY,qwerty,ms,3-4,1,laptop,0.834724540901502,45.3862,220.352538527397,0.0617696160267112,1.20534223706177,0.0552
231910,12,male,0,US,qwerty,en,9-10,1,laptop,2.6079869600652,75.1324,150.962686283892,0.0171339563862928,1.06230529595016,0.3643
232439,19,male,0,AR,qwerty,en,3-4,2,laptop,5.02599653379549,25.4484,382.878715693431,0.0674955595026643,1.22735346358792,0.0635
233786,29,female,1,US,qwerty,en,9-10,8,full,0.316001149095088,101.6361,106.37361398374,0.0380952380952381,1.11587301587302,0.3503
233899,15,male,0,US,qwerty,en,7-8,7,full,0.924214417744917,56.048,144.241279732314,0.223048327137546,1.49628252788104,0.3506
234286,40,female,1,CA,qwerty,en,9-10,5,laptop,0.302114803625378,80.3008,140.121401854714,0.0075528700906344,1.06042296072508,0.6739
234434,27,female,0,US,qwerty,en,5-6,5,full,2.36486486486486,49.4083,210.453114659686,0.0510204081632653,1.13095238095238,0.2246
235534,32,none,1,US,qwerty,en,9-10,6,laptop,0.166251039068994,89.4041,126.163333548387,0.0141732283464567,1.06141732283465,0.3703
235738,14,male,1,US,qwerty,es,9-10,51,laptop,2.25442834138486,26.4458,402.675642644628,0.0387096774193548,1.11129032258065,0.0504
235795,27,none,0,US,qwerty,en,1-2,1,laptop,0.313971742543171,26.164,379.432461674718,0.0817610062893082,1.21540880503145,0.1953
235862,21,female,1,IN,qwerty,en,9-10,2,laptop,0.441176470588235,28.8507,347.614866163142,0.085672082717873,1.2082717872969,0.1034
237157,21,male,0,IN,qwerty,ta,3-4,3,laptop,2.09267563527653,28.4859,380.491484031008,0.0454545454545455,1.12575757575758,0.0659
237183,19,male,0,IN,qwerty,en,1-2,1,full,1.03412616339193,29.2172,315.903902272727,0.146292585170341,1.32464929859719,0.0464
237241,46,male,0,GB,qwerty,tr,3-4,2,full,1.24804992199688,31.7492,314.780989549839,0.0753532182103611,1.21193092621664,0.0542
238641,20,male,0,CA,qwerty,fr,5-6,2,full,0.496963003865268,67.0735,159.433477830941,0.0389408099688473,1.11214953271028,0.2303
238760,18,female,0,US,qwerty,en,9-10,1,full,2.63157894736842,33.7622,290.258343186583,0.0792682926829268,1.20325203252033,0.2318
239950,31,female,0,US,qwerty,en,9-10,1,laptop,0.692041522491349,64.3599,170.506299465241,0.0295138888888889,1.10069444444444,0.3554
240119,15,male,1,US,qwerty,en,3-4,0,laptop,1.04602510460251,34.1932,315.540655869565,0.0315789473684211,1.10736842105263,0.2153
240360,24,male,0,IN,qwerty,mr,7-8,1,full,0.952380952380952,26.4322,372.739217357002,0.0881226053639847,1.23371647509579,0.1415
241362,27,female,0,CA,qwerty,en,9-10,5,full,0.816993464052288,118.4185,87.7667728187919,0.0360065466448445,1.14402618657938,0.7266
242876,25,female,1,US,qwerty,en,3-4,1,small,2.33196159122085,31.0623,344.584742411348,0.0541666666666667,1.13472222222222,0.1633
243123,56,female,1,US,qwertz,en,9-10,2,full,0.299850074962519,68.2301,166.06124708589,0.0029985007496251,1.06296851574213,0.3213
243314,18,male,0,US,qwerty,en,9-10,2,laptop,0.467289719626168,68.4876,156.6029672,0.0453125,1.128125,0.3649
243329,45,female,0,US,qwerty,en,3-4,1,laptop,0.0,42.1271,203.9463058,0.0815533980582524,1.20582524271845,0.2805
243345,27,female,0,US,qwerty,en,3-4,3,laptop,1.30624092888244,47.1463,205.589977151335,0.0914368650217707,1.23076923076923,0.2833
245614,23,male,0,US,qwerty,en,9-10,1,full,0.316957210776545,52.8146,205.610836970684,0.0381558028616852,1.10969793322734,0.2006
245756,18,male,0,US,qwerty,en,9-10,5,laptop,0.375375375375375,45.6216,230.241965243004,0.0446685878962536,1.14265129682997,0.2429
245817,22,none,0,US,qwerty,en,7-8,5,laptop,1.51006711409396,46.9224,226.450784337349,0.0469798657718121,1.13255033557047,0.2455
246088,25,female,1,US,qwerty,en,9-10,10,full,0.662251655629139,52.9261,195.593873809524,0.0597014925373134,1.16583747927032,0.2384
246583,34,female,0,US,qwerty,en,9-10,1,laptop,0.146412884333821,91.558,121.173854422789,0.0175953079178886,1.08064516129032,0.5693
246974,15,female,1,US,qwerty,en,9-10,2,full,0.485436893203884,53.0025,191.743983250415,0.06957928802589,1.18770226537217,0.2907
247218,16,none,1,US,qwerty,en,9-10,3,laptop,0.848656294200849,41.7499,244.241603930131,0.0726495726495727,1.18091168091168,0.1229
247510,13,none,1,US,qwerty,en,9-10,6,laptop,0.537634408602151,40.5801,255.364842357274,0.0627240143369176,1.17383512544803,0.2781
247552,7,none,0,US,qwerty,en,1-2,1,laptop,0.354609929078014,19.4122,461.206795255475,0.159857904085258,1.36234458259325,0.0346
248285,16,male,0,MY,qwerty,en,9-10,2,full,1.00671140939597,69.2397,144.66678637931,0.0689075630252101,1.19663865546218,0.3185
248334,28,female,0,PH,qwerty,en,1-2,2,laptop,0.681302043906132,31.502,296.996221303657,0.12888198757764,1.29037267080745,0.0882
248796,33,female,0,KE,qwerty,en,1-2,1,full,1.01744186046512,25.0958,448.542380838323,0.0058565153733528,1.08345534407028,0.0014
249206,20,female,0,US,qwerty,en,9-10,2,laptop,1.70068027210884,96.5231,113.281101225919,0.0238907849829352,1.0938566552901,0.5096
249464,26,female,0,US,qwerty,en,7-8,1,full,1.64533820840951,36.4959,270.11547406015,0.0731261425959781,1.22486288848263,0.2076
249843,15,male,0,US,qwerty,en,9-10,10,laptop,0.337268128161889,68.7513,156.123389254766,0.0439189189189189,1.11655405405405,0.2523
249851,25,male,0,US,qwerty,en,9-10,1,full,2.09059233449477,67.6153,157.016656137184,0.0527240773286467,1.13356766256591,0.2127
250184,14,female,0,US,qwerty,en,9-10,2,laptop,1.23456790123457,80.188,140.119738321168,0.019538188277087,1.07815275310835,0.478
250372,40,female,1,US,qwerty,en,9-10,1,laptop,0.625488663017983,39.4192,240.128369310345,0.0907563025210084,1.23025210084034,0.1729
250655,27,female,0,CA,qwerty,en,7-8,10,laptop,0.0,63.2243,164.327962126866,0.0562613430127042,1.15426497277677,0.3752
250795,13,male,1,US,qwerty,en,7-8,0,laptop,1.52027027027027,81.2647,121.175715505226,0.0747028862478778,1.18505942275042,0.5871
251411,22,male,0,US,qwerty,en,5-6,1,laptop,0.768049155145929,41.92,163.766428909953,0.200617283950617,1.52932098765432,0.2797
251480,17,male,0,US,qwerty,en,9-10,1,laptop,0.33167495854063,85.1314,129.355705442177,0.0298507462686567,1.09452736318408,0.2636
251883,27,male,0,US,qwerty,en,9-10,1,full,1.32939438700148,29.7119,325.894184441088,0.0974889217134417,1.24224519940916,0.1913
252193,24,female,1,IN,qwerty,en,9-10,4,laptop,0.36231884057971,49.7652,223.090722532588,0.0181159420289855,1.08514492753623,0.351
252875,41,female,0,ZA,qwerty,en,1-2,5,full,2.59529602595296,48.234,237.550799198718,0.0140845070422535,1.05790297339593,0.1725
254694,13,male,1,US,qwerty,en,3-4,1,full,1.06060606060606,51.3493,166.638885179407,0.19359756097561,1.40853658536585,0.3355
255001,18,male,0,PH,qwerty,en,5-6,3,full,2.91411042944785,21.7453,426.71345968254,0.103875968992248,1.30697674418605,0.1365
255047,15,female,1,US,qwerty,en,5-6,6,laptop,1.70940170940171,51.3327,185.179973684211,0.117948717948718,1.27179487179487,0.4211
256295,57,female,1,US,qwerty,en,9-10,2,full,0.146412884333821,74.4799,152.360313343328,0.0102639296187683,1.06744868035191,0.1403
257522,13,female,0,US,qwerty,en,3-4,1,full,0.486223662884927,42.1772,205.9257305,0.172357723577236,1.39024390243902,0.0893
257829,32,female,1,US,qwerty,en,7-8,5,laptop,0.113186191284663,102.3851,110.595928358209,0.0165289256198347,1.06611570247934,0.4591
258024,24,male,0,MY,qwerty,en,7-8,5,laptop,0.347826086956522,46.1914,200.655181899642,0.108202443280977,1.29493891797557,0.1981
258489,17,female,0,US,qwerty,en,9-10,1,full,0.839160839160839,86.009,133.328892285714,0.0097902097902097,1.04755244755245,0.3188
259740,23,male,0,IN,qwerty,ml,7-8,7,full,0.936329588014981,31.6529,331.791398841699,0.0675422138836773,1.16322701688555,0.1752
261830,15,none,0,US,qwerty,en,1-2,1,full,0.975609756097561,33.2513,301.282490219224,0.0838815789473684,1.20888157894737,0.1472
262311,19,male,0,US,qwerty,en,1-2,4,laptop,0.0,87.731,122.784949582638,0.0439739413680782,1.12052117263844,0.3135
262377,20,male,0,GR,qwerty,el,3-4,5,full,0.341880341880342,52.5348,186.749827915194,0.0843373493975904,1.2289156626506,0.1774
262439,31,female,1,US,qwerty,en,9-10,8,full,1.89753320683112,67.0718,151.790479882813,0.0664136622390892,1.16888045540797,0.3544
262762,28,female,0,US,qwerty,en,9-10,5,full,1.30232558139535,76.8496,126.735780868167,0.0753532182103611,1.18681318681319,0.4738
263440,21,female,0,US,qwerty,en,1-2,1,laptop,2.69413629160063,35.1976,313.792883443709,0.0290791599353796,1.10339256865913,0.1183
263664,12,female,0,US,qwerty,en,7-8,2,laptop,0.712250712250712,39.3356,281.162510688141,0.0315186246418338,1.0974212034384,0.1518
263846,15,none,0,IN,qwerty,ml,9-10,0,laptop,0.902527075812274,31.0901,302.64902393321,0.0938628158844765,1.29061371841155,0.0286
264236,32,female,1,US,qwerty,en,9-10,4,full,2.16049382716049,53.3079,194.288942902711,0.0716510903426791,1.17601246105919,0.1905
264838,20,female,0,GB,qwerty,en,5-6,2,laptop,0.664451827242525,57.008,180.937985565217,0.0677966101694915,1.17627118644068,0.2798
265482,43,female,1,US,qwerty,en,9-10,1,full,0.0,75.8519,152.015418358832,0.0095367847411444,1.04904632152589,0.2411
266202,10,none,0,HK,qwerty,en,3-4,0,laptop,8.30388692579505,34.6983,321.416834749035,0.0318949343339587,1.09193245778612,0.0459
266288,15,male,1,US,qwerty,en,9-10,2,laptop,1.13835376532399,35.5282,277.801068706294,0.0851788756388416,1.21635434412266,0.0587
266523,21,female,0,PH,qwerty,tl,9-10,1,full,1.39968895800933,45.6059,196.977434775641,0.153364632237872,1.31455399061033,0.2497
266603,19,male,0,PH,qwerty,en,9-10,1,full,0.305810397553517,20.2255,481.207216144201,0.0964777947932619,1.24042879019908,0.0704
266770,33,male,0,IN,qwerty,as,5-6,7,laptop,0.150375939849624,53.1483,197.552575346687,0.0421686746987952,1.1460843373494,0.2292
266913,24,male,0,BD,qwerty,en,9-10,1,full,0.39609189331925,21.9353,511.096907020281,0.0167682926829268,1.08993902439024,0.0457
267235,18,male,0,AU,qwerty,en,5-6,2,full,2.61324041811847,67.4025,136.573451792115,0.137870855148342,1.30715532286213,0.1894
267238,29,female,1,IN,qwerty,hi,1-2,1,laptop,1.35658914728682,18.2859,565.16980483871,0.0352250489236791,1.13698630136986,0.0371
267356,22,female,0,IN,qwerty,ml,7-8,9,full,0.612557427258805,27.092,420.323880847724,0.0153374233128834,1.07055214723926,0.0395
268608,24,male,0,IN,qwerty,en,1-2,10,laptop,1.68067226890756,34.5544,334.04193650519,0.0134907251264755,1.06070826306914,0.0309
269276,31,male,0,GB,qwerty,en,7-8,5,laptop,0.0,67.4521,161.627106193353,0.0354505169867061,1.10782865583456,0.2531
269533,26,female,0,US,qwerty,en,9-10,2,full,1.76565008025682,36.836,308.781105930807,0.0144694533762058,1.07234726688103,0.3788
270826,32,female,1,US,qwerty,en,9-10,3,full,0.651465798045603,94.0412,118.26938812709,0.0195758564437194,1.0815660685155,0.6204
271901,32,male,0,US,qwerty,en,9-10,7,full,0.274473924977127,82.2924,135.989757059961,0.0244360902255639,1.08270676691729,0.2032
272478,28,female,0,US,qwerty,hi,7-8,3,laptop,0.664451827242525,40.9987,259.143260580205,0.0532445923460899,1.14642262895175,0.1929
272635,34,female,1,US,qwerty,en,9-10,3,laptop,0.48,87.2306,123.932096065574,0.0288,1.096,0.6806
273681,21,female,0,IN,qwerty,en,1-2,3,laptop,1.1142061281337,37.1803,279.759148005698,0.0683403068340307,1.16317991631799,0.0488
274768,19,female,0,US,qwerty,en,9-10,3,full,0.757575757575758,49.4844,208.50034515625,0.0717557251908397,1.17251908396947,0.0916
275756,16,none,0,US,qwerty,en,1-2,21,laptop,3.32749562171629,77.4607,137.34716636528,0.0440140845070423,1.12852112676056,0.6358
276424,36,male,1,CA,qwerty,en,9-10,3,full,0.161550888529887,82.9009,117.676083112583,0.0791599353796446,1.22778675282714,0.6295
276446,27,female,0,US,qwerty,en,7-8,5,full,0.17825311942959,73.9491,139.800762683824,0.0214669051878354,1.14132379248658,0.5666
276909,25,none,1,US,qwerty,en,1-2,8,laptop,0.315955766192733,44.2559,254.430904854369,0.0205371248025276,1.08214849921011,0.0612
277301,54,female,0,US,qwerty,en,7-8,5,full,0.154798761609907,49.3947,215.312260380349,0.0371517027863777,1.12229102167183,0.2859
277376,12,male,0,US,qwerty,en,9-10,0,laptop,5.70613409415121,20.3619,487.958020489297,0.0747384155455904,1.17040358744395,0.0195
277394,17,none,0,US,qwerty,en,1-2,2,laptop,1.66163141993958,40.6299,196.155826521061,0.0792682926829268,1.22865853658537,0.2617
277521,30,male,1,US,qwerty,en,9-10,3,laptop,0.0,84.7097,132.877084086799,0.0088028169014084,1.0669014084507,0.2961
278416,18,male,0,US,qwerty,en,9-10,1,full,0.29673590504451,44.211,185.137631755725,0.150746268656716,1.33880597014925,0.3941
278644,28,male,0,IN,qwerty,en,5-6,1,laptop,1.00334448160535,24.5229,416.135113379074,0.0418060200668896,1.17056856187291,0.1635
280459,16,male,0,US,qwerty,en,5-6,0,laptop,0.686813186813187,84.575,125.534926123596,0.0385144429160935,1.12379642365887,0.6945
282040,23,female,0,CN,qwerty,zh,1-2,1,laptop,4.78947368421053,29.371,342.784573373676,0.0946745562130177,1.21005917159763,0.193
282321,26,none,1,US,qwerty,en,9-10,8,full,0.18018018018018,49.9032,163.059533519553,0.182971014492754,1.38768115942029,0.3054
282879,24,male,0,PH,qwerty,en,5-6,1,laptop,0.37243947858473,50.2778,187.001654597701,0.0949720670391061,1.28305400372439,0.2181
283149,16,male,0,US,qwerty,en,7-8,4,full,0.750750750750751,38.9881,208.096409259259,0.236802413273001,1.48567119155354,0.1856
283883,30,male,0,GB,qwerty,en,5-6,1,full,1.06707317073171,41.7405,256.837055868545,0.0504587155963303,1.12996941896024,0.2262
283907,17,female,1,US,qwerty,en,1-2,3,full,1.03626943005181,31.8876,272.381287344029,0.161458333333333,1.375,0.2844
284002,20,male,0,US,qwerty,en,1-2,8,full,0.402144772117962,48.9997,216.898372229822,0.049597855227882,1.13404825737265,0.4308
284469,18,male,0,US,qwerty,en,7-8,3,laptop,0.237341772151899,46.0612,203.451254901961,0.110047846889952,1.27751196172249,0.112
285468,14,female,0,GB,qwertz,en,1-2,2,laptop,0.917431192660551,46.184,247.247028073394,0.0178571428571429,1.06607142857143,0.0584
285501,23,female,0,US,qwerty,en,9-10,0,laptop,0.94876660341556,36.6932,262.800467318982,0.102661596958175,1.25475285171103,0.2322
285626,13,female,0,US,qwerty,en,1-2,3,laptop,0.3003003003003,29.4076,329.445262945736,0.0833333333333333,1.19848484848485,0.2977
286424,21,female,0,GB,qwerty,en,9-10,5,laptop,1.66389351081531,23.8935,456.669132081911,0.0366056572379368,1.11813643926789,0.1903
286496,17,female,0,US,qwerty,en,9-10,2,full,0.576368876080692,58.164,174.239693067847,0.0692640692640693,1.19191919191919,0.1048
286625,28,male,0,US,qwerty,en,9-10,1,laptop,0.156494522691706,39.5643,244.686012339744,0.103286384976526,1.25039123630673,0.1862
286763,41,none,1,US,qwerty,en,7-8,6,laptop,0.484652665589661,39.0931,252.552347847682,0.0759289176090469,1.21647819063005,0.1922
287053,15,male,0,US,qwerty,en,7-8,3,laptop,1.88679245283019,59.9995,174.264764171123,0.0520833333333333,1.14583333333333,0.4
288382,26,female,1,AU,qwerty,en,9-10,5,full,0.469483568075117,75.7143,133.342608186196,0.0783699059561129,1.19435736677116,0.5221
289155,22,female,1,PS,qwerty,ar,7-8,5,laptop,0.47244094488189,36.3681,270.452715508885,0.082018927444795,1.23343848580442,0.1408
289413,20,none,0,MY,qwerty,zh,9-10,8,laptop,1.09717868338558,53.3258,193.522198541329,0.060126582278481,1.16930379746835,0.1064
290502,34,none,0,US,qwerty,en,1-2,1,full,1.30111524163569,47.2765,193.071512645914,0.109640831758034,1.29111531190926,0.4006
290783,15,female,0,GB,qwerty,en,3-4,3,laptop,3.713298791019,53.1699,200.103877196653,0.0425963488843813,1.13793103448276,0.1245
290975,22,female,0,US,qwertz,en,9-10,3,laptop,0.163398692810457,24.5766,345.419004530201,0.0949263502454992,1.27332242225859,0.1966
291990,20,male,0,AU,qwerty,en,9-10,6,full,1.54320987654321,75.6889,125.390467145136,0.0809968847352025,1.18847352024922,0.6275
293128,12,none,1,US,qwerty,en,1-2,1,laptop,0.564516129032258,21.1416,403.522656369427,0.19751166407465,1.42301710730949,0.0467
293804,37,female,0,US,qwerty,en,1-2,1,laptop,0.588865096359743,17.5911,598.547603633491,0.0200617283950617,1.08024691358025,0.038
293926,19,male,0,GB,qwerty,en,5-6,2,laptop,0.440528634361233,60.0273,188.25048048048,0.0176211453744493,1.071953010279,0.1161
294382,20,none,0,US,qwerty,en,7-8,8,full,1.30813953488372,72.688,140.000020627803,0.0716374269005848,1.18567251461988,0.4108
294715,40,none,1,AU,qwerty,en,9-10,1,laptop,0.489396411092985,64.4753,156.255861577181,0.0736497545008183,1.2013093289689,0.2949
295486,27,male,0,CA,qwerty,en,9-10,3,laptop,0.25974025974026,43.5748,228.470495629139,0.0649350649350649,1.21168831168831,0.2789
295676,20,male,0,US,qwerty,en,9-10,6,full,0.848896434634974,79.0658,141.429388400703,0.0188356164383562,1.08047945205479,0.2695
295887,26,male,0,US,qwerty,en,9-10,1,laptop,1.7910447761194,52.9532,186.000491230769,0.0842105263157895,1.21503759398496,0.4779
295919,21,male,0,IN,qwerty,hi,3-4,5,full,0.221606648199446,32.5858,325.573851872399,0.0489130434782609,1.14538043478261,0.1944
297409,19,female,0,VN,qwertz,en,3-4,20,on-screen,0.431034482758621,21.9991,418.245617794118,0.0661870503597122,1.15827338129496,0.0898
297574,16,female,0,US,qwerty,nv,9-10,1,full,1.38036809815951,32.8839,269.314318110236,0.167692307692308,1.36923076923077,0.216
297922,24,female,1,US,qwerty,en,9-10,3,full,0.342465753424658,48.096,194.7193795053,0.0946643717728055,1.27538726333907,0.376
299083,31,female,0,US,qwerty,en,9-10,20,full,2.11161387631976,62.8054,176.717893508501,0.0302114803625378,1.09365558912387,0.3061
302425,14,male,0,AU,qwerty,en,1-2,1,full,3.69276218611521,27.207,380.47480636646,0.039453717754173,1.11229135053111,0.0432
302635,22,female,0,KE,qwerty,en,1-2,12,full,1.6793893129771,38.9525,285.182491181102,0.0092307692307692,1.09384615384615,0.033
303301,17,none,0,US,qwerty,en,1-2,1,laptop,3.33333333333333,40.3916,210.015728269231,0.130841121495327,1.37383177570093,0.3764
303673,22,female,0,US,qwerty,en,5-6,10,laptop,1.22887864823349,84.3043,133.60460015748,0.02,1.07692307692308,0.3153
303748,30,none,0,VN,qwerty,vi,1-2,1,full,1.06544901065449,37.7779,277.906602050473,0.0416024653312789,1.16024653312789,0.0772
304164,16,female,1,US,qwerty,en,9-10,3,full,0.476190476190476,69.6811,157.711788925081,0.0238473767885533,1.08744038155803,0.3737
304528,13,male,0,CA,qwerty,en,9-10,3,laptop,1.21765601217656,53.3782,196.942175275591,0.0569230769230769,1.14769230769231,0.3899
304569,34,female,1,US,qwerty,en,7-8,5,full,1.16086235489221,61.0775,176.378935897436,0.0366666666666667,1.11166666666667,0.1887
304613,45,male,0,US,qwerty,en,9-10,8,laptop,0.49414090074827,48.2554,204.455537315634,0.0793650793650794,1.20779220779221,0.1387
304618,23,female,0,US,qwerty,en,7-8,3,laptop,1.09034267912773,32.7681,309.945101926164,0.0846394984326019,1.20846394984326,0.086
304969,13,female,0,US,qwerty,en,5-6,12,full,4.33333333333333,59.7269,150.940484736842,0.102564102564103,1.24444444444444,0.5425
305231,23,none,1,US,qwerty,en,9-10,2,laptop,2.67857142857143,43.1309,193.793345101664,0.20863309352518,1.44784172661871,0.3848
307367,27,female,1,US,qwerty,en,7-8,8,full,0.403225806451613,21.5085,334.112592857143,0.193808882907133,1.51547779273217,0.1008
307438,22,male,0,US,qwerty,en,7-8,4,full,0.176211453744493,86.5426,124.935882646048,0.0418760469011725,1.11557788944724,0.298
307758,26,female,1,US,qwerty,en,7-8,6,laptop,1.47058823529412,78.2698,118.849427852349,0.124386252045827,1.27659574468085,0.702
308180,23,female,0,US,qwerty,en,7-8,4,laptop,1.57728706624606,63.54,162.888463474026,0.0649762282091918,1.16006339144216,0.2287
308684,25,male,0,US,qwerty,en,9-10,4,laptop,3.44827586206897,80.4457,144.947018584071,0.0034482758620689,1.0448275862069,0.181
308902,14,male,0,US,qwerty,en,7-8,4,laptop,0.568990042674253,63.1167,158.737288046647,0.087018544935806,1.19971469329529,0.2264
309112,29,female,0,US,qwerty,en,9-10,10,full,0.530973451327434,73.4072,152.686728779599,0.0195035460992908,1.06914893617021,0.4881
309292,21,female,0,IN,qwerty,te,9-10,0,full,0.865800865800866,43.8177,261.693405934718,0.0087082728592162,1.05950653120464,0.0517
309925,21,male,0,IN,qwerty,hi,1-2,5,full,0.638611429507123,34.9454,308.904630371567,0.0362776025236593,1.12302839116719,0.1994
309954,25,male,0,US,qwerty,en,7-8,7,on-screen,3.44827586206897,39.6195,243.746206794682,0.102601156069364,1.2471098265896,0.2476
310706,19,male,0,US,qwerty,en,5-6,2,laptop,3.97249809014515,34.1126,305.225804042179,0.0393835616438356,1.11986301369863,0.2973
312668,23,female,0,US,qwerty,en,9-10,4,laptop,0.313479623824451,74.6075,138.786276243981,0.0626959247648903,1.15673981191223,0.3084
312865,16,female,1,US,qwerty,en,7-8,0,laptop,0.994318181818182,38.5052,268.05568766328,0.0497159090909091,1.15625,0.3667
313212,13,male,0,US,qwerty,en,5-6,1,laptop,5.9190031152648,57.6117,190.387678418451,0.0289389067524116,1.10450160771704,0.3036
313360,51,female,1,US,qwerty,en,9-10,1,laptop,0.0,88.3994,126.817552268908,0.0131147540983607,1.06885245901639,0.6735
314333,26,male,0,US,qwerty,en,3-4,1,laptop,0.580130529369108,78.2575,130.801709714286,0.0657342657342657,1.17062937062937,0.2762
314347,26,male,1,US,qwerty,en,9-10,0,full,0.0,68.1701,164.680670117188,0.0246679316888046,1.08349146110057,0.2734
314696,24,female,0,US,qwerty,en,9-10,9,laptop,0.288184438040346,81.7506,134.298051769911,0.0230880230880231,1.09235209235209,0.5768
315414,23,female,1,US,qwerty,en,9-10,7,laptop,1.12269446672013,41.4961,223.571802288732,0.11663807890223,1.28987993138937,0.2714
315514,11,female,0,US,qwerty,en,1-2,10,full,1.00430416068867,37.1009,289.368167107195,0.0301724137931034,1.13218390804598,0.044
316126,45,male,1,US,qwerty,en,5-6,1,laptop,0.630914826498423,31.8074,343.462740291262,0.0205371248025276,1.08530805687204,0.1429
316146,21,male,0,MY,qwerty,en,5-6,2,full,0.177619893428064,51.6127,165.637030330882,0.177101967799642,1.41860465116279,0.3162
316272,20,male,0,US,qwerty,en,1-2,1,laptop,0.925212027756361,19.7267,512.007156478405,0.0826580226904376,1.20745542949757,0.0603
316756,27,male,1,US,qwerty,en,9-10,6,full,0.165289256198347,66.0272,153.401351782683,0.0612582781456954,1.18211920529801,0.3457
317082,10,none,0,US,qwerty,en,1-2,2,laptop,0.56772100567721,59.183,185.398181330869,0.0233812949640288,1.09532374100719,0.3636
317201,28,male,1,US,qwerty,en,9-10,8,laptop,0.0,48.7838,209.082312651646,0.0506756756756757,1.18581081081081,0.0349
317231,26,male,0,NP,qwerty,ne,9-10,4,laptop,0.3003003003003,46.7344,190.435179109063,0.108108108108108,1.28528528528529,0.4507
317372,66,female,1,US,qwerty,en,9-10,4,full,0.153374233128834,64.3696,178.549960753532,0.0107361963190184,1.05368098159509,0.3973
317558,20,none,0,PH,qwerty,en,5-6,5,laptop,1.32450331125828,56.8379,172.581360616438,0.0884808013355593,1.23038397328881,0.2105
317792,18,female,1,US,qwerty,en,1-2,1,laptop,0.866551126516464,51.0033,208.229103756708,0.0505226480836237,1.13763066202091,0.1928
317981,20,male,1,PH,qwerty,tl,7-8,9,full,0.0,65.5891,164.306978388278,0.0427807486631016,1.11764705882353,0.4428
320247,39,male,0,US,qwerty,en,7-8,1,full,0.170357751277683,77.9212,139.326061821366,0.0409556313993174,1.09897610921502,0.5278
320946,13,female,1,US,qwerty,en,5-6,1,full,1.21028744326778,25.5266,413.520582142857,0.0561456752655539,1.14719271623672,0.1188
321291,32,female,0,US,qwerty,en,9-10,8,laptop,1.78282009724473,107.4559,103.823972212978,0.0340909090909091,1.08116883116883,0.5453
321321,14,male,1,MX,dvorak,es,5-6,22,laptop,4.04984423676012,21.2434,475.058211601307,0.0669856459330144,1.20095693779904,0.0163
321556,23,female,0,US,qwerty,en,9-10,8,full,1.63710777626194,38.7485,260.064703370787,0.0715268225584594,1.1980742778542,0.1519
321608,14,female,1,US,qwerty,en,9-10,1,laptop,3.49417637271215,37.5281,259.128638408304,0.0252951096121417,1.09780775716695,0.1525
322634,28,female,1,PH,qwerty,en,9-10,8,full,4.08665681930084,60.0232,165.477821311475,0.0860058309037901,1.20845481049563,0.4607
322635,32,female,1,US,qwerty,en,9-10,6,full,0.309119010819165,69.6417,159.285908426073,0.0248447204968944,1.08850931677019,0.3921
322991,20,female,1,US,qwerty,en,9-10,4,laptop,4.06654343807763,42.3688,238.499606321839,0.0856610800744879,1.20670391061453,0.1564
324132,21,male,0,SV,qwerty,es,9-10,1,laptop,2.37341772151899,29.3348,277.83707324633,0.214968152866242,1.47452229299363,0.1339
324820,20,male,0,DE,qwertz,de,3-4,4,full,0.0,67.0814,164.304201604278,0.0208333333333333,1.10243055555556,0.2952
324886,22,female,0,PH,qwerty,tl,7-8,5,full,0.764525993883792,34.6768,277.541678551136,0.0778859527121001,1.22392211404729,0.1607
326925,27,female,0,US,qwerty,en,9-10,4,full,0.170794192997438,94.7917,113.207241039427,0.0349040139616056,1.11692844677138,0.6544
327174,23,none,0,US,qwerty,en,1-2,5,on-screen,0.306748466257669,80.0336,140.05605172956,0.0245775729646697,1.07987711213518,0.1555
327782,31,female,1,US,qwerty,en,9-10,5,laptop,2.52525252525253,85.914,125.651547058824,0.0472175379426644,1.11804384485666,0.2623
327896,38,female,1,US,qwerty,en,9-10,1,laptop,1.76470588235294,67.1886,167.916075263952,0.0132743362831858,1.06194690265487,0.7404
328945,36,female,0,CA,qwerty,fr,7-8,5,full,0.292825768667643,62.1464,171.784991304348,0.0425219941348974,1.13196480938416,0.3303
329918,16,none,0,US,qwerty,en,9-10,2,laptop,0.556328233657858,34.7098,283.825359517045,0.0945757997218359,1.23504867872045,0.2646
330920,30,female,0,US,qwerty,en,5-6,2,laptop,1.73775671406003,64.7202,171.109379802956,0.0256410256410256,1.09455128205128,0.3219
332347,12,female,0,SG,qwerty,en,7-8,2,laptop,0.672268907563025,34.4494,279.57801865285,0.117845117845118,1.27441077441077,0.0418
333423,19,male,1,US,qwerty,en,7-8,1,laptop,0.158730158730159,55.086,204.254504723127,0.0206677265500795,1.08108108108108,0.1789
333529,12,none,0,US,qwerty,en,1-2,7,laptop,22.289384208538,55.8564,157.461431803279,0.0592,1.1424,0.711
333701,36,female,0,US,qwerty,en,3-4,2,laptop,4.4862518089725,21.625,390.481964634146,0.163934426229508,1.39046199701937,0.0763
333732,18,female,1,CA,qwerty,en,9-10,8,laptop,2.64026402640264,77.2926,140.181572231687,0.0448504983388704,1.11627906976744,0.3059
333962,15,male,0,CA,qwerty,en,3-4,5,full,1.36986301369863,38.166,230.116487588652,0.174438687392055,1.37996545768567,0.1862
335490,12,female,0,CN,qwerty,zh,3-4,0,laptop,1.60513643659711,26.5874,384.170270578512,0.0741935483870968,1.19193548387097,0.0732
336458,19,female,0,PH,qwerty,tl,3-4,7,full,0.0,34.4167,281.167249901768,0.0438931297709924,1.16221374045802,0.2357
336744,43,female,0,US,qwerty,en,7-8,6,laptop,0.797448165869219,22.6187,466.967948519737,0.0449438202247191,1.14606741573034,0.0529
336828,2,none,0,US,qwerty,en,1-2,1,laptop,0.343053173241852,43.1139,242.014736795775,0.0583190394511149,1.15780445969125,0.3894
336919,12,female,0,US,qwerty,en,9-10,2,full,0.75187969924812,42.0978,230.47988600311,0.103343465045593,1.24012158054711,0.4132
337232,28,male,1,US,qwerty,en,9-10,4,laptop,0.476190476190476,92.8314,116.69589962963,0.0252252252252252,1.10990990990991,0.2396
338407,21,female,1,US,qwerty,en,7-8,2,full,1.06761565836299,33.7659,306.744574542125,0.0481283422459893,1.14260249554367,0.0895
338564,28,none,0,HK,qwerty,zh,1-2,0,laptop,1.45395799676898,40.494,251.573523450586,0.0751633986928105,1.19607843137255,0.2566
338732,8,female,0,US,qwerty,en,9-10,1,laptop,0.880281690140845,13.1578,796.149464130435,0.0282186948853616,1.10229276895944,0.0442
338883,12,female,1,US,qwerty,en,9-10,3,full,0.158982511923688,18.9212,467.898561889251,0.12241653418124,1.28775834658188,0.0629
338889,11,female,1,AU,qwerty,en,9-10,0,full,0.792393026941363,19.301,464.12923029316,0.125596184419714,1.32273449920509,0.088
338970,20,male,0,US,qwerty,en,1-2,1,on-screen,2.16138328530259,16.462,579.634422255193,0.0899854862119013,1.23947750362845,0.0834
339395,24,male,0,IN,qwerty,en,3-4,12,full,1.30597014925373,12.7306,814.023696699029,0.0547169811320755,1.15849056603774,0.1569
339849,23,none,0,MY,qwerty,zh,9-10,3,full,0.615901455767077,51.6607,177.906533572711,0.0734265734265734,1.18881118881119,0.4294
339980,20,male,0,GB,qwerty,en,3-4,4,laptop,3.28849028400598,77.5173,129.862115372671,0.0743550834597876,1.19575113808801,0.5084
340387,25,female,0,IN,qwerty,en,1-2,2,full,0.0,29.9487,319.580867557932,0.0625,1.21180555555556,0.1918
340867,39,female,0,KE,qwerty,en,1-2,1,full,6.52849740932642,31.585,340.310088691438,0.0347003154574132,1.13249211356467,0.0512
341089,55,female,0,CA,qwerty,ro,3-4,2,laptop,0.482315112540193,45.3989,243.31803630363,0.0289855072463768,1.09661835748792,0.1231
341526,28,male,0,US,qwerty,en,9-10,3,full,0.188323917137476,55.6125,165.686404474708,0.0226843100189036,1.10396975425331,0.5674
341618,14,female,1,IC,qwerty,zh,9-10,3,full,1.06666666666667,31.5208,262.822253542234,0.200267022696929,1.42990654205607,0.0739
341946,20,male,0,US,qwerty,en,9-10,4,full,0.0,46.1464,217.10881633282,0.0753012048192771,1.18524096385542,0.4326
342457,22,male,0,US,qwerty,en,9-10,5,laptop,0.645161290322581,46.4871,196.821859375,0.127429805615551,1.31965442764579,0.2802
343413,18,male,1,US,qwerty,en,9-10,0,laptop,0.0829187396351575,57.3458,180.625656565657,0.0627450980392157,1.16470588235294,0.5147
343702,24,female,0,US,qwerty,en,9-10,5,full,0.975609756097561,73.3927,146.642525080906,0.0505529225908373,1.12006319115324,0.2017
344069,50,female,0,US,qwertz,en,9-10,4,full,0.152671755725191,62.2773,169.327488106416,0.0519877675840979,1.14984709480122,0.2809
344604,20,none,0,US,qwerty,en,7-8,3,full,0.694444444444444,62.7781,147.329089483066,0.138888888888889,1.31944444444444,0.3852
345174,22,female,1,US,qwerty,en,9-10,2,full,2.00927357032457,47.8335,213.9636125,0.0664605873261206,1.17928902627512,0.3529
346420,40,female,0,GB,qwerty,en,7-8,1,full,3.43137254901961,50.3153,222.008581958763,0.0251256281407035,1.08542713567839,0.2259
346956,19,female,0,PH,qwerty,en,3-4,20,laptop,0.145560407569141,27.7639,410.168825037258,0.0174927113702624,1.06997084548105,0.0376
347379,25,female,0,US,qwerty,en,5-6,6,full,0.78740157480315,66.8116,166.491858870968,0.0173228346456693,1.08188976377953,0.433
347676,23,none,0,MY,qwerty,en,7-8,3,full,2.96052631578947,91.8073,116.245101188455,0.0480132450331126,1.12913907284768,0.3928
348018,16,none,0,US,qwerty,en,9-10,1,full,0.15015015015015,50.4819,193.054291551459,0.0735735735735736,1.24174174174174,0.1416
348070,18,female,0,US,qwerty,en,7-8,2,full,0.334448160535117,66.2371,156.450389536878,0.0367892976588629,1.16722408026756,0.3089
348124,14,female,1,US,qwerty,en,3-4,5,laptop,2.29709035222052,36.6844,304.45409178515,0.0277777777777778,1.08950617283951,0.0767
348643,24,female,0,US,qwerty,en,5-6,0,laptop,1.10410094637224,36.3334,287.218340677966,0.0457875457875458,1.16483516483516,0.0338
348650,35,male,1,US,qwerty,en,9-10,2,full,0.324675324675325,59.6009,175.660275540765,0.051948051948052,1.14448051948052,0.4783
348808,21,female,0,IN,qwerty,en,5-6,5,laptop,2.63157894736842,31.6327,318.349655927052,0.0430906389301634,1.15898959881129,0.0392
349108,18,none,0,PH,qwerty,en,7-8,7,full,0.310318076027929,41.6,247.170768047337,0.0680173661360347,1.16787264833575,0.2967
349988,25,female,0,US,qwerty,en,9-10,5,full,0.66006600660066,63.3725,157.52145,0.0447761194029851,1.12935323383085,0.4309
350308,18,male,0,ZA,qwerty,en,9-10,1,full,0.675675675675676,38.8513,276.425615745856,0.0514208389715832,1.12855209742896,0.0513
351053,21,female,0,US,qwerty,en,9-10,3,laptop,0.639318060735216,69.5474,159.924248118812,0.0173076923076923,1.08653846153846,0.0891
351245,13,none,0,GB,qwerty,en,1-2,2,full,1.34453781512605,23.7572,425.190938434783,0.0593220338983051,1.16271186440678,0.0402
351279,18,female,0,US,qwerty,en,3-4,4,full,0.142857142857143,31.6148,305.439363065693,0.0928571428571429,1.24571428571429,0.2415
351399,12,male,0,US,qwerty,en,3-4,4,laptop,1.33111480865225,39.6962,240.856304310345,0.107563025210084,1.26890756302521,0.2649
351724,10,none,0,US,qwerty,en,9-10,8,laptop,0.0,43.9031,218.761027202473,0.0921450151057402,1.26283987915408,0.2826
351876,15,male,0,US,qwerty,en,5-6,2,laptop,3.00429184549356,47.8217,222.013356637168,0.0317460317460317,1.13708513708514,0.0259
352377,18,male,0,AU,qwerty,en,9-10,4,laptop,0.174216027874564,94.4168,115.742078494624,0.031413612565445,1.09947643979058,0.3902
352563,40,none,0,US,qwerty,en,7-8,2,laptop,0.685453160700685,38.9181,275.650441097923,0.0449927431059507,1.13497822931785,0.1434
352801,23,male,1,US,qwerty,en,9-10,5,full,0.294985250737463,84.2796,132.67617730711,0.0177514792899408,1.07544378698225,0.5154
352837,29,none,0,US,qwerty,en,9-10,2,laptop,0.0,44.3105,233.450483364839,0.0569852941176471,1.16176470588235,0.316
353017,21,female,0,AU,qwerty,en,3-4,1,full,3.58680057388809,46.8707,223.93925297619,0.049490538573508,1.14992721979622,0.1277
353140,26,male,0,US,qwerty,en,9-10,1,laptop,0.333333333333333,86.7561,123.861665068493,0.0400667779632721,1.12520868113523,0.5736
355392,45,male,0,US,qwerty,en,9-10,3,laptop,1.6750418760469,53.3489,185.746062586207,0.0722689075630252,1.21008403361345,0.2638
356386,29,male,0,DE,qwertz,de,3-4,1,full,2.9038112522686,54.7713,191.640045131086,0.0546448087431694,1.14571948998179,0.0912
356692,56,female,0,ES,qwerty,es,9-10,2,full,0.471698113207547,63.2871,176.798178029079,0.0252365930599369,1.07728706624606,0.1991
357589,33,female,0,US,qwerty,en,9-10,8,full,0.362796833773087,68.0191,154.672966833333,0.0520325203252033,1.1479674796748,0.2489
358723,15,none,0,US,qwerty,en,9-10,4,laptop,0.230237912509593,88.0014,121.99861028169,0.0441379310344828,1.11034482758621,0.4709
359609,43,none,0,US,qwerty,en,1-2,6,laptop,0.175438596491228,43.932,238.90318267148,0.0281195079086116,1.16168717047452,0.0681
359683,20,male,0,MY,qwerty,ms,5-6,3,full,1.74880763116057,67.8635,150.938629966887,0.0549273021001615,1.17285945072698,0.1575
359924,13,female,0,US,qwerty,en,3-4,1,laptop,0.72992700729927,32.4748,311.581044760479,0.0629575402635432,1.20058565153734,0.0758
360003,28,none,0,US,qwerty,en,1-2,1,laptop,0.341296928327645,33.3346,317.319244912281,0.0581196581196581,1.15213675213675,0.0713
360130,42,female,0,AU,qwerty,en,9-10,3,full,0.22485384500075,63.665,174.882840242057,0.0266272189349112,1.09171597633136,0.2531
360292,19,female,0,US,qwerty,en,1-2,2,laptop,1.36327185244587,45.5845,237.1018605,0.0471544715447154,1.12682926829268,0.0678
360697,31,female,0,US,qwerty,en,9-10,10,laptop,0.96,91.2486,119.559232459016,0.024,1.096,0.4582
360865,23,male,0,IN,qwerty,en,9-10,1,full,1.30293159609121,26.3108,405.575349078727,0.0522875816993464,1.14542483660131,0.0452
361383,18,male,0,IN,qwerty,en,9-10,1,laptop,0.448430493273543,28.8847,352.025850995406,0.0793413173652695,1.19161676646707,0.0525
361425,20,male,0,US,qwerty,en,1-2,1,laptop,1.80032733224223,28.5783,351.222969727891,0.0580431177446103,1.16583747927032,0.1701
363478,30,female,0,US,qwerty,en,9-10,5,full,0.316706254948535,67.2842,167.897780214724,0.0164917541229385,1.071964017991,0.3657
363753,34,male,0,US,qwerty,en,9-10,0,laptop,0.458715596330275,79.991,132.501976452119,0.0230061349693252,1.08742331288344,0.4835
364477,17,none,0,US,qwerty,en,9-10,3,laptop,1.51006711409396,85.0192,123.745210122164,0.0442176870748299,1.12755102040816,0.7531
364632,30,female,1,US,qwerty,en,9-10,11,full,1.12517580872011,102.5827,112.990761616162,0.0028248587570621,1.04237288135593,0.3375
364939,55,female,0,US,qwerty,en,9-10,4,laptop,0.292983808789514,40.9228,208.499486715867,0.154398563734291,1.34829443447038,0.248
366966,13,female,0,US,qwerty,en,7-8,0,laptop,1.11287758346582,64.0471,152.36558998358,0.0961538461538462,1.23076923076923,0.413
367144,10,female,0,US,qwerty,en,5-6,2,laptop,0.338409475465313,27.7869,375.071961391304,0.0423728813559322,1.16779661016949,0.0297
367164,35,female,1,US,qwerty,en,9-10,1,laptop,0.87463556851312,59.5136,182.047672383721,0.0412517780938834,1.11522048364154,0.4603
368383,20,male,0,PH,qwerty,en,3-4,10,full,0.567375886524823,67.1551,165.069455217391,0.0283687943262411,1.08936170212766,0.3121
368885,24,male,0,IN,qwerty,ta,5-6,1,laptop,0.638467677573823,28.5553,384.936778561151,0.0338028169014084,1.10845070422535,0.0972
369046,22,female,1,IR,qwerty,fa,9-10,1,laptop,1.71473109898675,26.8492,381.288050946372,0.0724191063174114,1.18027734976888,0.2064
369945,23,male,1,BE,azerty,nl,9-10,2,laptop,0.94488188976378,90.5709,119.635915533981,0.023696682464455,1.11058451816746,0.5843
370459,26,male,0,IN,qwerty,en,3-4,0,laptop,0.151745068285281,23.2857,444.775557387247,0.0364741641337386,1.16717325227964,0.0438
371174,21,female,0,US,qwerty,en,9-10,9,laptop,1.64233576642336,65.8826,172.578991461101,0.0129151291512915,1.06642066420664,0.254
371427,18,none,0,US,qwerty,en,5-6,1,laptop,0.153609831029186,39.3134,233.742908962264,0.0875576036866359,1.27342549923195,0.0454
371702,45,female,0,US,qwerty,en,9-10,1,full,0.0,38.0577,261.835647601476,0.0754039497307002,1.20466786355476,0.2165
372322,14,male,1,US,qwerty,en,9-10,1,full,4.19635787806809,41.36,246.440692361111,0.077834179357022,1.18781725888325,0.361
372735,19,male,1,US,qwerty,en,9-10,1,full,0.892857142857143,70.3407,152.548811376147,0.0428571428571429,1.12321428571429,0.4723
373789,23,male,0,US,qwerty,en,9-10,2,laptop,2.76564774381368,56.0122,189.422010432191,0.0481049562682216,1.13556851311953,0.1819
374266,20,female,0,US,qwerty,en,7-8,1,laptop,0.327868852459016,34.9085,321.754716638655,0.019672131147541,1.08196721311475,0.2682
374303,49,female,1,US,qwerty,en,7-8,1,full,0.330578512396694,40.1962,277.199163435374,0.0165837479270315,1.08126036484245,0.1099
374814,16,male,0,US,qwerty,en,9-10,1,full,0.152439024390244,79.9383,119.202153822153,0.111280487804878,1.25914634146341,0.4612
376269,21,female,1,IN,qwerty,te,9-10,1,full,0.475435816164818,21.3793,464.774216719243,0.0832049306625578,1.21879815100154,0.0477
376302,29,male,0,IN,qwerty,ur,9-10,2,full,0.651769087523277,59.2052,167.988251669596,0.0856164383561644,1.21575342465753,0.2935
376665,15,none,0,HK,qwerty,zh,9-10,8,laptop,1.56521739130435,37.1864,250.398895479204,0.102112676056338,1.29753521126761,0.2216
377022,13,none,0,US,qwerty,en,1-2,9,laptop,1.98300283286119,62.1344,170.958502017291,0.0550070521861777,1.14245416078984,0.205
377292,21,male,0,ID,qwerty,id,9-10,0,full,1.60513643659711,11.1767,770.931091575092,0.181818181818182,1.41889483065954,0.0435
377604,30,male,0,PH,qwerty,tl,1-2,3,laptop,0.732600732600733,22.8215,418.376267234848,0.0534069981583794,1.22836095764273,0.0536
378174,16,none,1,US,qwerty,en,9-10,1,laptop,0.782472613458529,70.5238,156.260294855305,0.0266875981161695,1.08477237048666,0.2707
378379,17,male,0,US,qwerty,en,9-10,1,laptop,0.907715582450832,85.3378,128.734231677019,0.031866464339909,1.09408194233687,0.3499
378441,15,female,0,US,qwerty,en,9-10,3,laptop,0.0898472596585804,71.7866,154.045075,0.0216216216216216,1.07927927927928,0.5753
378532,18,none,0,US,qwerty,en,9-10,1,laptop,0.0,75.2552,141.903916380952,0.0444444444444444,1.12777777777778,0.4091
378608,55,female,1,TT,qwerty,en,7-8,2,laptop,0.177304964539007,32.8598,317.591329690346,0.0673758865248227,1.16843971631206,0.2547
378758,28,male,1,US,qwerty,en,7-8,4,full,0.458715596330275,43.2944,236.503660062893,0.0629800307219662,1.17665130568356,0.1971
379021,19,female,0,SG,qwerty,en,3-4,3,laptop,0.829187396351575,52.5666,170.178835726496,0.146666666666667,1.34666666666667,0.2926
379760,26,none,0,US,qwerty,en,9-10,8,laptop,0.709219858156028,45.8709,222.061923222061,0.0568181818181818,1.17755681818182,0.1462
380874,30,female,0,SE,qwerty,sv,9-10,1,full,0.167224080267559,46.3021,226.509902920962,0.0536013400335008,1.15410385259631,0.3442
382134,16,female,0,US,qwerty,es,3-4,8,full,1.67410714285714,31.6196,286.505781135531,0.114081996434938,1.27629233511586,0.1054
382309,15,female,0,US,qwerty,en,1-2,2,laptop,1.23277737490935,34.4447,317.928528335832,0.0190615835777126,1.09384164222874,0.0
382370,20,female,1,US,qwerty,en,9-10,2,laptop,0.0975134080936129,70.9778,144.621063411079,0.0670470756062767,1.16833095577746,0.49
382418,22,male,0,IN,qwertz,en,1-2,2,laptop,3.93939393939394,35.0389,309.987999373041,0.0413476263399694,1.12251148545176,0.1448
383020,23,male,0,IN,qwerty,en,5-6,1,on-screen,3.77906976744186,15.7828,637.06059708589,0.0734632683658171,1.19190404797601,0.0141
383073,28,male,0,US,qwerty,en,9-10,5,laptop,0.0,31.6313,277.29950796748,0.176190476190476,1.38253968253968,0.2138
383269,24,male,0,IN,qwerty,hi,9-10,1,full,1.03585657370518,57.6346,186.81641338843,0.0403225806451613,1.11935483870968,0.1591
383606,21,female,1,US,qwerty,en,9-10,3,laptop,0.0,88.3946,122.680268195719,0.0328849028400598,1.10313901345291,0.6044
384542,18,female,1,US,azerty,en,9-10,4,laptop,0.523103748910201,76.1316,130.868281737589,0.0587219343696028,1.18825561312608,0.6924
384551,12,female,1,ID,qwerty,id,1-2,1,laptop,2.24525043177893,26.2871,313.948687165775,0.0677083333333333,1.18055555555556,0.0541
385263,50,male,0,US,qwerty,en,9-10,0,laptop,0.585651537335286,24.292,330.152549399399,0.237885462555066,1.50954478707783,0.0868
385632,46,female,0,US,qwerty,en,7-8,1,on-screen,0.474683544303797,28.1111,373.279161426256,0.0332278481012658,1.11075949367089,0.0509
385938,42,female,1,US,qwerty,en,9-10,3,laptop,1.6366612111293,41.2976,267.926044067797,0.0264462809917355,1.09090909090909,0.2341
386156,26,male,0,IN,qwerty,hi,9-10,6,full,0.0,39.6008,248.273825415282,0.0696920583468395,1.18476499189627,0.1355
387533,25,none,0,GB,qwerty,en,3-4,1,laptop,0.171232876712329,67.2121,139.594703866432,0.126712328767123,1.28082191780822,0.3533
387775,31,male,1,US,qwerty,en,9-10,2,laptop,0.99009900990099,89.8253,123.041605602716,0.0264900662251656,1.08940397350993,0.4401
387821,59,female,1,US,qwerty,en,5-6,1,full,3.27466230045027,36.6214,310.138783606557,0.0141843971631206,1.06382978723404,0.1966
388002,24,female,1,US,qwerty,en,9-10,1,full,1.5929203539823,36.1301,301.747886363636,0.0389380530973451,1.12035398230089,0.0469
388716,32,male,0,US,qwerty,en,9-10,1,laptop,0.496688741721854,46.8868,224.38053820034,0.054635761589404,1.14900662251656,0.1708
388934,29,female,0,US,qwerty,en,9-10,1,laptop,0.3584229390681,48.9954,189.590531675875,0.132616487455197,1.31182795698925,0.2204
389002,17,female,0,CA,qwerty,es,5-6,1,laptop,3.38709677419355,43.7594,227.117404047218,0.0904605263157895,1.21875,0.3457
389201,20,female,1,GT,qwerty,es,9-10,2,laptop,0.159489633173844,64.2171,162.014211111111,0.0366826156299841,1.14992025518341,0.1431
389835,19,male,0,US,qwerty,en,7-8,1,full,1.34003350083752,51.6848,197.446772068966,0.0722689075630252,1.18823529411765,0.3555
390563,43,female,1,US,qwerty,en,9-10,8,full,0.0258531540847983,62.8412,175.589636062718,0.0237691001697793,1.08998302207131,0.3907
391461,27,male,1,PK,qwerty,ur,9-10,1,laptop,0.83989501312336,30.8182,319.328171608833,0.0955315870570108,1.23112480739599,0.0523
392179,26,male,0,GB,qwerty,en,5-6,3,laptop,1.66666666666667,46.6837,225.522220172414,0.0605042016806723,1.16134453781513,0.1302
393434,20,female,0,US,qwerty,en,7-8,2,laptop,0.728744939271255,28.9865,358.137386106624,0.0488958990536278,1.16876971608833,0.0399
394279,23,female,0,US,qwerty,en,7-8,2,full,0.454201362604088,44.4266,209.489313303438,0.130116959064327,1.29093567251462,0.3111
394485,27,female,0,CA,qwerty,hy,5-6,8,full,0.75187969924812,57.1827,193.207921759259,0.028657616892911,1.08898944193062,0.1429
394681,25,male,0,NO,qwerty,nb,7-8,3,laptop,0.514579759862779,71.3547,126.849064310954,0.0344234079173838,1.11359724612737,0.4193
395071,22,male,1,US,qwerty,en,9-10,2,full,0.479233226837061,81.448,133.556916420361,0.0336538461538462,1.11057692307692,0.3319
396267,39,female,1,US,qwertz,en,9-10,4,full,0.483870967741935,57.5138,170.62890066335,0.087378640776699,1.22330097087379,0.39
396999,45,female,0,US,qwerty,en,3-4,2,laptop,2.85234899328859,33.8666,256.606805964912,0.155555555555556,1.37777777777778,0.0796
397572,21,male,1,PH,qwerty,en,9-10,8,full,0.34965034965035,50.1396,192.767571351351,0.108771929824561,1.24736842105263,0.1968
398650,60,none,0,US,qwerty,en,1-2,1,full,3.82276281494353,29.8729,323.548944482173,0.054635761589404,1.15562913907285,0.183
399118,12,male,0,LV,qwerty,en,1-2,1,full,1.91387559808612,42.7734,218.785925666667,0.11869918699187,1.29105691056911,0.1577
399145,23,female,0,AU,qwerty,en,7-8,1,full,0.956937799043062,91.3524,118.657112929624,0.0447284345047923,1.11501597444089,0.5754
400056,19,none,0,US,qwerty,en,3-4,5,full,2.45283018867925,40.6735,263.526719253438,0.0477099236641221,1.13740458015267,0.0448
400353,21,female,1,US,qwerty,en,9-10,2,full,2.01834862385321,36.7622,148.411631548757,0.0780669144981413,1.22490706319703,0.2193
400837,25,male,1,US,qwerty,en,3-4,5,laptop,0.803858520900322,34.6516,244.683870132013,0.201288244766506,1.4219001610306,0.2258
400919,99,none,0,US,qwerty,en,1-2,1,laptop,1.42405063291139,35.1439,295.863296915584,0.0713153724247227,1.17115689381933,0.1008
401077,38,female,0,PH,qwerty,en,7-8,1,full,0.43122035360069,52.5204,217.630317173524,0.0069686411149825,1.06271777003484,0.0908
401743,17,male,0,US,qwerty,en,9-10,10,full,0.892857142857143,102.7246,99.896958747698,0.0770609318996416,1.16845878136201,0.3469
402212,13,female,0,US,qwerty,en,9-10,0,full,0.844594594594595,41.3921,241.681765277778,0.0879864636209814,1.20981387478849,0.3414
403156,37,none,0,US,qwerty,en,9-10,5,laptop,0.532386867790595,63.4157,130.980578435518,0.0245901639344262,1.11885245901639,0.5489
403574,12,female,1,US,qwerty,en,9-10,2,laptop,2.46429571548586,63.4339,159.831467259786,0.0675909878682842,1.18197573656846,0.2849
404368,33,female,0,AU,qwerty,en,9-10,6,laptop,0.850340136054422,28.9792,303.357701398601,0.161839863713799,1.38500851788756,0.1378
404709,13,male,0,US,qwerty,en,5-6,1,full,1.55844155844156,42.7848,247.891995888594,0.0442132639791938,1.14564369310793,0.2206
404781,16,male,0,US,qwerty,en,9-10,4,laptop,0.332225913621262,62.2997,155.262145221843,0.0931780366056572,1.24126455906822,0.2394
404857,32,male,1,US,qwerty,en,9-10,2,laptop,0.0925069380203515,43.7574,255.781101836158,0.0152143845089903,1.09128630705394,0.1172
406437,18,male,0,MY,qwerty,en,9-10,1,laptop,0.504854368932039,31.7124,276.194729684909,0.163430420711974,1.36245954692557,0.133
406706,29,male,1,IN,qwerty,ta,1-2,10,full,0.46260601387818,33.2317,332.35526,0.0354609929078014,1.10780141843972,0.0614
407479,20,male,0,PH,qwerty,tl,5-6,6,full,0.33112582781457,70.2673,139.551096434635,0.0943708609271523,1.22350993377483,0.4378
408521,43,male,1,PA,qwerty,es,3-4,1,full,1.47299509001637,38.0088,289.900220336134,0.0278688524590164,1.1016393442623,0.0594
409028,17,male,0,US,qwerty,en,7-8,0,full,5.95238095238095,43.1095,207.15551559633,0.117857142857143,1.28928571428571,0.3041
409351,27,female,1,US,qwerty,en,9-10,4,laptop,0.156372165754496,53.7019,195.168199206349,0.0542635658914729,1.15038759689922,0.2435
409516,16,male,0,US,qwerty,en,5-6,1,laptop,0.813008130081301,41.2188,245.200485762144,0.0816993464052288,1.20915032679739,0.211
410523,17,male,1,US,qwerty,en,9-10,1,laptop,1.48698884758364,61.1298,177.641936590038,0.0335195530726257,1.11359404096834,0.3533
410840,29,female,0,US,qwerty,en,9-10,8,full,0.348432055749129,95.5844,115.339360286225,0.0331010452961672,1.0993031358885,0.4302
412676,22,male,0,US,qwerty,en,9-10,8,full,0.871080139372822,67.986,146.112791666667,0.085972850678733,1.20361990950226,0.3844
413242,18,male,0,HK,qwerty,zh,5-6,1,laptop,0.350877192982456,70.2643,148.29910198556,0.0632688927943761,1.15817223198594,0.309
413927,18,female,1,US,qwerty,en,9-10,0,laptop,0.179533213644524,38.5832,231.17980202952,0.159784560143627,1.36445242369838,0.2577
414072,23,none,0,US,qwerty,en,1-2,2,laptop,1.3595166163142,30.512,366.360969349845,0.0242057488653555,1.08169440242057,0.0457
415023,14,male,0,US,qwerty,en,3-4,1,full,1.68946098149638,39.0451,261.111978246206,0.0526315789473684,1.19736842105263,0.1248
415141,29,male,0,US,qwerty,en,9-10,8,full,0.0,51.6451,187.827679375848,0.0531914893617021,1.1436170212766,0.1915
416102,22,female,0,US,qwerty,en,9-10,6,full,0.868306801736614,68.9977,143.798124183976,0.0943396226415094,1.21044992743106,0.6252
416463,31,male,1,US,qwerty,en,9-10,1,full,0.305343511450382,84.2588,137.21769203125,0.0045801526717557,1.04580152671756,0.1448
416571,36,male,1,US,qwerty,en,9-10,5,full,0.346620450606586,74.9813,144.16683683274,0.0363951473136915,1.11785095320624,0.1794
416653,29,male,1,US,qwerty,en,9-10,4,laptop,0.193050193050193,79.8746,135.472917097415,0.028957528957529,1.11389961389961,0.5018
418366,38,female,0,US,qwerty,en,5-6,8,full,0.89086859688196,44.1873,244.320788728324,0.041018387553041,1.11881188118812,0.1869
418945,24,female,0,US,qwerty,en,9-10,6,full,0.991501416430595,65.7211,176.712690684134,0.0056980056980057,1.03703703703704,0.3422
419069,23,male,1,IN,qwerty,kn,9-10,2,full,2.00803212851406,23.4215,460.671234138486,0.0330188679245283,1.13050314465409,0.0909
419132,33,none,0,US,qwerty,en,7-8,6,full,0.0,54.9952,178.707139723926,0.0944527736131934,1.2263868065967,0.2516
419219,40,female,0,US,qwerty,en,9-10,9,laptop,2.5531914893617,71.8538,145.172705217391,0.0539007092198582,1.15035460992908,0.3304
420148,30,male,0,US,qwerty,en,9-10,8,full,0.753012048192771,52.1667,206.738302321981,0.0408472012102874,1.12254160363086,0.2146
421482,11,male,0,VN,qwerty,vi,3-4,2,laptop,1.61516853932584,25.0014,386.285179668675,0.0706921944035346,1.17083946980854,0.2074
421855,17,female,1,US,qwerty,en,9-10,1,laptop,0.23028209556707,60.2667,166.358707677903,0.0528233151183971,1.19489981785064,0.5881
422461,29,male,0,TR,qwerty,tr,7-8,6,full,0.848896434634975,66.912,146.444587085515,0.0476190476190476,1.13095238095238,0.4046
423050,14,female,0,US,qwerty,en,5-6,4,laptop,0.944138473642801,39.9818,240.426498561151,0.108581436077058,1.26795096322242,0.0677
423723,20,male,1,US,qwerty,en,1-2,3,laptop,0.149476831091181,60.8053,173.722983486239,0.031390134529148,1.13602391629297,0.3409
424960,20,none,0,PH,qwerty,en,3-4,1,laptop,0.75187969924812,33.1713,316.4217371875,0.0290076335877863,1.14656488549618,0.0041
425081,14,none,0,QA,qwerty,en,5-6,1,laptop,0.184162062615101,62.0241,171.090960606061,0.0497237569060773,1.14364640883978,0.3003
425220,23,female,0,PH,qwerty,en,3-4,8,full,0.462249614791988,61.3407,160.742991167192,0.103235747303544,1.22650231124807,0.3367
425299,28,female,0,US,qwerty,en,1-2,1,laptop,2.04962243797195,27.8895,380.481773664825,0.0268817204301075,1.14874551971326,0.0176
425305,13,male,0,US,qwerty,en,7-8,2,full,2.25988700564972,27.1527,363.84800745098,0.0761904761904762,1.20380952380952,0.0681
425422,22,female,0,GB,qwerty,en,5-6,1,full,4.53074433656958,46.0601,218.747842762063,0.0779220779220779,1.18668831168831,0.1872
425753,15,male,0,IN,qwerty,en,5-6,1,laptop,6.7001675041876,33.7641,290.507751526032,0.0646853146853147,1.16258741258741,0.0922
426354,2,male,1,US,qwerty,en,1-2,2,laptop,1.08527131782946,64.6565,167.50519745628,0.0326086956521739,1.11335403726708,0.3989
426956,29,male,1,US,qwerty,en,5-6,2,full,0.766871165644172,122.981,90.5801117924528,0.021505376344086,1.07219662058372,0.694
427329,22,female,1,US,qwerty,en,5-6,0,laptop,0.831946755407654,27.2639,334.821323400673,0.137931034482759,1.3431855500821,0.2379
427421,22,female,1,US,qwerty,en,5-6,0,laptop,0.43731778425656,26.6087,337.659692101341,0.118075801749271,1.31632653061224,0.2568
428181,32,male,1,US,qwerty,en,9-10,8,laptop,0.446428571428571,54.5905,196.359011263318,0.0416666666666667,1.11755952380952,0.2364
429006,25,female,1,IN,qwerty,ta,9-10,2,full,1.37931034482759,36.7448,271.315828291815,0.0745233968804159,1.20623916811092,0.0881
429244,28,female,0,JO,qwerty,ar,9-10,1,laptop,0.307692307692308,27.1237,346.713546299213,0.0953846153846154,1.25846153846154,0.1432
429517,31,female,1,ZA,qwerty,en,7-8,4,full,1.5625,34.196,340.332402150538,0.0,1.05061082024433,0.0596
429643,26,male,0,SK,qwerty,sk,9-10,5,full,2.44360902255639,37.3315,298.289093320236,0.017175572519084,1.09732824427481,0.075
430418,14,female,1,US,qwerty,en,9-10,2,full,1.08864696734059,57.6022,159.203300480769,0.115805946791862,1.28012519561815,0.357
430978,17,female,0,US,qwerty,en,3-4,4,full,5.33707865168539,45.7799,226.993947569956,0.0734870317002882,1.1671469740634,0.3157
432606,17,female,0,US,qwerty,en,3-4,3,laptop,0.0,52.3724,179.462799568345,0.11830985915493,1.27323943661972,0.1687
432915,12,none,0,US,qwerty,en,9-10,0,laptop,0.291120815138282,39.4231,256.99559641791,0.0744525547445255,1.18686131386861,0.317
433040,31,female,0,NZ,qwerty,en,3-4,1,laptop,3.3003300330033,42.5683,275.855795904437,0.0,1.03993344425957,0.0852
433518,99,male,1,FI,qwerty,en,9-10,19,full,1.97268588770865,20.5498,465.87639376947,0.103500761035008,1.24353120243531,0.202
433578,19,female,0,US,qwerty,en,5-6,1,full,1.21765601217656,44.8904,239.34045359375,0.0427480916030534,1.12671755725191,0.0996
433658,12,male,0,PH,qwerty,en,7-8,1,full,0.72202166064982,60.1057,140.215165913371,0.0879120879120879,1.24542124542125,0.5594
434517,21,female,0,IN,qwerty,en,5-6,3,on-screen,5.52763819095477,24.2006,442.63820285205,0.0607638888888889,1.14583333333333,0.0016
434736,8,male,0,US,qwerty,en,7-8,2,full,2.27332804652392,22.9154,450.499966666667,0.0128824476650564,1.06280193236715,0.0372
436093,14,female,0,US,qwerty,en,9-10,1,laptop,0.819672131147541,26.4685,343.783339123103,0.133223684210526,1.34046052631579,0.3063
436365,50,male,0,US,qwerty,en,3-4,15,laptop,0.75187969924812,30.1453,366.652871097372,0.0256797583081571,1.09818731117825,0.0801
436656,37,female,0,US,qwerty,en,9-10,1,full,1.97693574958814,64.2878,165.457598302207,0.054635761589404,1.14403973509934,0.3802
436904,13,female,1,US,qwerty,en,3-4,1,full,0.371747211895911,36.0346,310.118760461538,0.0240601503759399,1.08571428571429,0.372
437147,21,none,1,US,qwerty,en,9-10,3,full,0.865800865800866,72.3658,147.739672037915,0.0493827160493827,1.12808641975309,0.486
437168,11,male,1,GT,qwerty,en,5-6,0,full,0.140449438202247,17.5264,535.200787787356,0.0731364275668073,1.17862165963432,0.0365
437566,22,male,1,US,qwerty,es,7-8,4,full,0.614010605637734,44.5928,220.189111423841,0.111470113085622,1.23101777059774,0.2999
438028,41,male,1,US,qwerty,en,9-10,8,laptop,0.0,46.4401,234.933901438849,0.031523642732049,1.09807355516637,0.1732
438698,23,female,1,US,qwerty,en,9-10,1,laptop,0.498753117206983,79.3451,137.784034860884,0.0287539936102236,1.09904153354633,0.3685
438772,27,none,0,US,qwerty,en,9-10,8,full,0.0,64.0779,156.936246819788,0.0757314974182444,1.19104991394148,0.3973
438831,31,none,0,US,qwerty,en,1-2,12,laptop,1.48514851485149,61.1923,156.302995741056,0.0863787375415282,1.24584717607973,0.4035
439427,30,female,1,US,qwerty,en,9-10,1,full,2.48901903367496,49.9832,206.696713772455,0.0644216691068814,1.1610541727672,0.2763
439765,28,female,0,US,qwerty,en,9-10,2,full,0.336448598130841,56.3455,186.311452463768,0.051063829787234,1.14468085106383,0.4242
440076,46,male,0,US,qwerty,en,9-10,1,full,4.047976011994,54.2537,194.586865,0.050381679389313,1.14809160305344,0.0801
440507,20,female,0,US,qwerty,en,7-8,3,laptop,1.5177065767285,68.0672,146.910907224959,0.0769230769230769,1.1875,0.5523
441095,27,male,0,IN,qwerty,en,1-2,1,full,2.56410256410256,33.1138,294.369572597865,0.105719237435009,1.24263431542461,0.1125
441392,30,none,0,PH,qwerty,tl,9-10,9,laptop,4.18760469011725,63.6416,183.661178608696,0.0033898305084745,1.03559322033898,0.4279
441469,25,male,1,IN,qwerty,en,9-10,1,full,2.19594594594595,39.3295,219.126330546624,0.177394034536892,1.38932496075353,0.2701
441759,28,male,1,US,qwerty,en,1-2,1,laptop,0.556586270871985,29.2689,339.742623754789,0.074487895716946,1.21601489757914,0.3386
441765,39,female,0,US,qwerty,en,9-10,8,laptop,0.0,59.1679,175.716143910806,0.0719063545150502,1.16387959866221,0.4479
441935,30,female,0,US,qwerty,en,7-8,0,laptop,0.471698113207547,57.7107,178.561115831987,0.0678233438485804,1.17350157728707,0.2112
442430,54,female,0,US,qwerty,en,9-10,1,full,0.393545848091303,30.7019,296.398754515599,0.150641025641026,1.32852564102564,0.1806
442764,33,none,0,US,qwerty,en,1-2,3,laptop,1.43061516452074,31.0565,337.947140935673,0.055793991416309,1.15021459227468,0.0582
443197,14,female,1,US,qwerty,en,9-10,3,laptop,0.857142857142857,35.2118,238.214615277778,0.0769230769230769,1.16892911010558,0.4934
444288,15,female,1,US,qwerty,en,9-10,1,full,0.341296928327645,41.5138,247.46119454191,0.0757575757575758,1.19128787878788,0.2362
444605,38,female,1,US,qwerty,en,9-10,6,full,0.635239050484788,94.0821,117.016249352751,0.0315955766192733,1.09320695102686,0.4948
444743,16,male,1,US,qwerty,en,9-10,3,laptop,0.0,60.8459,175.41026345776,0.0515267175572519,1.13740458015267,0.5508
447557,23,male,0,CA,qwerty,en,3-4,6,full,0.146627565982405,72.8328,136.287000149925,0.0865102639296188,1.20967741935484,0.3815
448194,11,male,0,CA,qwerty,en,9-10,0,laptop,2.64550264550265,20.4963,473.357040590406,0.0933572710951526,1.23698384201077,0.2119
448388,14,male,0,CA,qwerty,en,9-10,0,laptop,0.865800865800866,67.0126,157.386708714919,0.0578034682080925,1.14595375722543,0.2712
448782,17,female,1,US,qwerty,en,9-10,5,full,0.0,69.393,163.276743098159,0.0209895052473763,1.071964017991,0.1471
448875,26,female,0,US,qwerty,en,9-10,2,small,1.67597765363128,41.7523,233.688157528958,0.0619136960600375,1.16885553470919,0.376
449548,22,female,0,AU,qwerty,en,3-4,1,laptop,0.505050505050505,77.9682,138.154614359862,0.0404721753794266,1.11804384485666,0.4707
449712,15,male,1,ID,qwerty,en,7-8,12,laptop,4.61309523809524,44.1714,216.874731981279,0.115853658536585,1.26524390243902,0.2147
450051,24,male,0,IN,qwerty,en,5-6,5,full,0.33500837520938,23.4198,369.044641724138,0.152941176470588,1.35294117647059,0.2557
450135,22,female,0,SG,qwerty,en,7-8,3,laptop,2.09677419354839,64.5964,154.706091652755,0.0618892508143322,1.1628664495114,0.3462
450805,18,female,0,IN,qwerty,en,9-10,3,laptop,0.194174757281553,70.2594,147.853827855711,0.0525291828793774,1.15175097276265,0.513
450913,24,male,0,IN,qwerty,en,3-4,3,full,1.76730486008837,21.7531,466.188696661829,0.0653409090909091,1.20028409090909,0.053
451955,26,female,0,CA,qwerty,en,9-10,6,laptop,1.52027027027027,64.6853,148.576214185639,0.0494880546075085,1.13310580204778,0.2381
452348,24,female,0,IN,qwerty,te,7-8,1,on-screen,0.825082508250825,26.659,408.355333898305,0.0165289256198347,1.08760330578512,0.1011
452840,17,female,0,CO,qwerty,es,5-6,1,laptop,2.58358662613982,27.2568,335.9408465625,0.0458015267175573,1.20916030534351,0.0399
453468,45,female,0,US,qwerty,en,9-10,1,full,0.279329608938547,40.1302,266.249013409415,0.0516759776536313,1.13268156424581,0.2475
456407,18,female,0,US,qwerty,en,7-8,1,laptop,0.560747663551402,55.8387,192.446878034682,0.0393258426966292,1.12734082397004,0.1738
457217,26,male,0,US,qwerty,en,1-2,1,laptop,2.07182320441989,41.6368,255.504231728045,0.0527045769764216,1.14563106796116,0.106
457488,17,male,1,CA,qwerty,en,7-8,2,laptop,1.06544901065449,56.1122,187.230495754717,0.0476190476190476,1.13671274961598,0.3034
457918,22,male,0,MU,qwerty,fr,3-4,3,laptop,5.42264752791069,33.94,348.67216053068,0.0,1.03236245954693,0.0738
458134,22,male,1,BD,qwerty,bn,9-10,1,laptop,0.309119010819165,38.1558,256.537613946117,0.10061919504644,1.24303405572755,0.1536
458356,25,male,0,IN,qwerty,en,9-10,1,laptop,0.682128240109141,35.8289,289.676723988842,0.0628415300546448,1.16256830601093,0.1459
459072,18,none,0,CA,qwerty,cr,9-10,3,full,0.32258064516129,29.1717,362.460531622517,0.0549273021001615,1.15347334410339,0.113
460860,17,male,0,US,qwerty,en,9-10,1,full,0.619195046439629,48.3944,193.553542675159,0.118195956454121,1.28615863141524,0.3276
461658,24,female,0,IE,qwerty,en,7-8,2,full,0.363636363636364,52.8202,221.778734644195,0.0,1.04189435336976,0.0808
461733,11,male,1,US,qwerty,en,9-10,1,full,0.303490136570561,35.4865,297.701110093168,0.0531107738998483,1.14871016691958,0.0296
462820,20,female,0,CA,qwerty,en,3-4,6,laptop,0.166666666666667,64.2737,169.578732136752,0.0366666666666667,1.11166666666667,0.316
463172,17,male,0,US,qwerty,en,7-8,1,laptop,0.381970970206264,36.6095,262.565798982558,0.105263157894737,1.2674253200569,0.1769
463875,26,male,1,US,qwerty,en,9-10,6,full,0.304645849200305,71.2968,150.02979352014,0.0409556313993174,1.12457337883959,0.3043
463901,13,none,0,US,qwerty,en,7-8,5,full,0.759878419452888,43.8278,211.273874009509,0.102167182662539,1.30030959752322,0.1103
463929,11,none,0,US,qwerty,en,1-2,1,laptop,0.549450549450549,37.6267,283.091101323251,0.0551470588235294,1.14154411764706,0.038
464279,13,none,0,US,qwerty,en,3-4,0,full,1.06707317073171,31.6517,305.262036391913,0.0987841945288754,1.25531914893617,0.1258
465747,20,female,0,US,qwerty,en,3-4,4,full,0.825825825825826,32.0742,296.265910174881,0.124223602484472,1.29192546583851,0.1799
466544,26,female,0,US,qwerty,en,9-10,4,full,2.44299674267101,40.7765,235.673075589226,0.106732348111658,1.26765188834154,0.2193
467238,27,female,0,US,qwerty,en,7-8,3,full,0.730994152046784,42.7779,250.40564760479,0.0571010248901903,1.14348462664715,0.1501
468721,28,male,1,US,qwerty,en,7-8,5,full,0.970873786407767,55.8853,113.840959966499,0.0343137254901961,1.08169934640523,0.6281
469711,23,male,0,US,qwerty,en,9-10,8,full,0.900900900900901,40.853,251.435791551459,0.0675675675675676,1.17867867867868,0.1442
470417,13,female,0,US,qwerty,en,5-6,8,laptop,0.795544948289578,38.5291,289.832137133551,0.0222575516693164,1.08903020667727,0.1776
470516,26,female,1,US,qwerty,en,9-10,1,full,0.333889816360601,77.1737,139.550727787307,0.0384615384615385,1.11872909698997,0.292
470708,22,female,0,US,qwerty,en,9-10,1,laptop,1.14613180515759,67.4436,121.169761708395,0.0821325648414986,1.19020172910663,0.4464
471540,40,none,0,US,qwerty,en,9-10,1,full,1.79487179487179,100.4492,107.651843760684,0.0433333333333333,1.11333333333333,0.3262
472763,18,female,1,US,qwerty,en,9-10,1,laptop,0.16849199663016,62.5201,163.921087292818,0.0806451612903226,1.20430107526882,0.4049
472935,17,female,0,CA,qwerty,en,7-8,1,laptop,1.83206106870229,43.2862,234.670982861635,0.0629800307219662,1.17972350230415,0.2669
473119,30,male,0,CY,qwerty,en,9-10,1,full,3.07929176289453,64.1377,181.60311889881,0.0,1.03784570596798,0.2278
476107,15,male,0,ID,qwerty,en,7-8,1,laptop,3.15457413249211,51.2289,202.362821440262,0.0623003194888179,1.1629392971246,0.0912
476481,21,none,0,US,qwerty,en,1-2,8,full,0.33112582781457,43.8415,226.072497789116,0.0812603648424544,1.22222222222222,0.162
476619,25,male,1,US,qwerty,en,9-10,2,laptop,0.99009900990099,62.8702,167.994919152542,0.0446280991735537,1.14545454545455,0.2183
478022,56,female,1,US,qwerty,en,9-10,8,full,0.0,80.1769,134.841527245509,0.0366032210834553,1.11420204978038,0.5483
478240,33,none,0,US,qwerty,en,1-2,3,laptop,1.28617363344051,31.1155,334.475702145214,0.0611916264090177,1.16425120772947,0.161
478723,29,female,1,US,qwerty,en,9-10,5,laptop,0.0697350069735007,102.7719,107.497332037534,0.0249671484888305,1.08672798948752,0.6786
478985,17,male,0,US,qwerty,en,5-6,2,full,0.47244094488189,60.0301,112.560259771987,0.116057233704293,1.23529411764706,0.378
479231,22,male,1,US,qwerty,en,9-10,4,laptop,0.719424460431655,106.7903,103.341476911765,0.0201438848920863,1.08920863309353,0.4488
480064,58,female,0,US,qwerty,en,9-10,2,laptop,0.747384155455904,46.6421,215.406528746177,0.0612855007473842,1.17787742899851,0.2962
480132,28,male,0,US,qwerty,en,9-10,6,laptop,0.961538461538462,79.9324,128.465053947368,0.0626003210272873,1.1653290529695,0.3291
480420,21,female,0,PH,qwerty,en,7-8,3,laptop,0.341880341880342,68.2462,152.161539718805,0.0582191780821918,1.15924657534247,0.3701
480508,16,male,1,MY,qwerty,zh,9-10,2,laptop,0.437956204379562,50.5752,202.465092376682,0.0672514619883041,1.17982456140351,0.2689
482549,24,male,0,US,qwerty,en,7-8,5,full,0.69967707212056,42.5125,202.147559105431,0.187207488299532,1.40873634945398,0.1239
483047,17,male,0,US,qwerty,en,9-10,4,full,0.677966101694915,42.8852,220.249376347826,0.110169491525424,1.27627118644068,0.2087
483377,23,none,0,US,qwerty,en,7-8,0,full,0.392464678178964,36.046,253.588711532625,0.121661721068249,1.27151335311573,0.3765
484368,21,male,0,US,qwerty,en,9-10,1,laptop,1.25786163522013,56.0219,186.449947819063,0.055205047318612,1.15930599369085,0.3694
485035,16,male,0,GB,qwerty,en,5-6,1,full,8.22622107969152,59.2299,190.597113642565,0.0267379679144385,1.07352941176471,0.1954
485400,18,male,0,GB,qwerty,pl,5-6,5,full,0.153256704980843,54.4671,171.003116151203,0.14070351758794,1.30820770519263,0.1462
485470,25,none,0,US,qwerty,en,9-10,7,laptop,0.471698113207547,67.1189,160.137828432956,0.0331230283911672,1.1198738170347,0.2029
486592,19,female,0,PH,qwerty,tl,7-8,7,full,2.55639097744361,24.0306,374.510963084112,0.138508371385084,1.32572298325723,0.0782
486805,12,male,1,US,qwerty,en,1-2,1,laptop,0.0,32.1771,315.51309220339,0.0628099173553719,1.16363636363636,0.2884
487319,22,male,0,US,qwerty,en,9-10,1,full,0.586510263929619,40.9696,222.370270314843,0.142228739002933,1.32258064516129,0.2537
489927,23,female,0,US,qwerty,en,9-10,5,full,0.242130750605327,48.0442,202.89207465035,0.103918228279387,1.25212947189097,0.1208
489940,14,female,0,US,qwerty,en,7-8,1,laptop,3.19715808170515,32.9584,270.90549566855,0.13003663003663,1.31868131868132,0.2238
490750,53,female,1,US,qwerty,en,9-10,6,full,3.23679727427598,52.1056,166.420677328647,0.172945205479452,1.40582191780822,0.3784
490759,52,none,0,US,qwerty,en,1-2,2,full,2.26480836236934,57.7992,177.282106822262,0.0716783216783217,1.18356643356643,0.2356
492224,24,female,0,CA,qwerty,en,9-10,8,full,0.510204081632653,62.3283,156.829790924956,0.0969387755102041,1.2312925170068,0.3583
492231,16,female,0,US,qwerty,en,7-8,2,full,1.73697270471464,34.9286,288.425520050761,0.0772104607721046,1.19302615193026,0.3266
494151,13,male,1,US,qwerty,es,9-10,2,laptop,0.28328611898017,40.7648,224.415753043478,0.143262411347518,1.32340425531915,0.0686
494731,28,male,0,US,qwerty,en,7-8,8,laptop,4.07692307692308,58.2,184.937758099688,0.0258751902587519,1.08980213089802,0.3376
494863,18,male,1,US,qwerty,en,9-10,3,full,0.150715900527506,76.6796,146.361830939227,0.0216508795669824,1.07713125845737,0.1613
495545,29,none,1,PH,qwerty,tl,9-10,3,full,0.595882990249187,63.7618,176.4123354531,0.0201863354037267,1.07608695652174,0.09
496651,24,female,0,PH,qwerty,tl,7-8,1,full,0.313971742543171,31.5592,339.887877294686,0.0314465408805031,1.13522012578616,0.1315
496913,6,male,0,US,qwerty,en,1-2,1,laptop,0.13550135501355,48.1153,198.843158506224,0.10840108401084,1.25338753387534,0.4626
497236,22,female,1,US,qwerty,en,9-10,5,laptop,2.16216216216216,56.8172,193.352732222222,0.0288288288288288,1.0990990990991,0.1008
497768,17,female,1,US,qwerty,en,3-4,0,full,0.862068965517241,58.7158,191.502214336283,0.0172413793103448,1.08275862068966,0.1631
498204,16,female,1,US,qwerty,en,9-10,1,full,0.487012987012987,46.0624,199.158914192496,0.143312101910828,1.31687898089172,0.3855
498555,40,female,0,US,qwerty,en,9-10,10,full,0.0,42.3828,229.720473178295,0.0863636363636364,1.22878787878788,0.3681
498894,20,female,0,US,qwerty,en,7-8,0,laptop,2.03193033381713,27.1459,365.313802985075,0.0598540145985401,1.22627737226277,0.0279
499249,11,female,0,US,qwerty,en,5-6,2,full,2.79329608938547,19.0215,584.482918252427,0.0264150943396226,1.1,0.0404
499371,21,female,0,US,qwerty,es,7-8,1,laptop,1.10584518167457,46.9779,217.110885328836,0.0723684210526316,1.19078947368421,0.2511
499703,19,female,1,US,qwerty,en,9-10,6,laptop,0.903614457831325,40.1052,242.482372333849,0.0830815709969789,1.24924471299094,0.101
500061,13,male,0,US,qwerty,en,7-8,8,full,2.36087689713322,69.1767,155.129851909722,0.0473773265651438,1.11844331641286,0.5186
500105,16,male,1,GB,qwerty,en,9-10,1,full,0.775193798449612,71.7455,142.66363608903,0.0760869565217391,1.17701863354037,0.5532
500163,7,male,0,US,qwerty,en,9-10,2,laptop,2.33576642335766,79.9069,112.679256006006,0.0484581497797357,1.16005873715125,0.6581
500925,25,female,0,US,qwerty,en,3-4,10,full,0.683279742765273,42.1141,246.29205076661,0.0631229235880399,1.17109634551495,0.158
501071,19,female,1,US,qwerty,en,9-10,4,laptop,0.0,91.1358,116.102223539519,0.0418760469011725,1.13400335008375,0.6526
501225,14,female,0,CO,qwerty,es,7-8,1,laptop,0.0,38.9097,233.790374393939,0.131851851851852,1.32444444444444,0.2878
501497,25,female,1,US,qwerty,en,9-10,1,laptop,0.593471810089021,55.6178,202.194964491654,0.0267062314540059,1.07715133531157,0.3404
502422,18,male,1,US,qwerty,en,5-6,2,laptop,1.2779552715655,45.3396,245.432278453947,0.0160513643659711,1.08828250401284,0.1463
502424,19,female,0,US,qwerty,en,9-10,1,laptop,1.34003350083752,84.564,128.573405163511,0.0369127516778524,1.10402684563758,0.2613
502842,18,male,0,US,qwerty,en,7-8,2,laptop,1.67785234899329,51.0208,208.899490451389,0.0456852791878173,1.13536379018613,0.2119
503350,10,female,0,PH,qwerty,en,1-2,2,laptop,0.159744408945687,35.6416,271.154487725041,0.10223642172524,1.25399361022364,0.1208
504252,20,female,0,PH,qwerty,tl,9-10,4,laptop,0.437956204379562,66.1491,109.481254954955,0.0646108663729809,1.16446402349486,0.7343
505307,20,female,0,CA,qwerty,en,1-2,4,full,1.71073094867807,45.4273,190.213281511254,0.150706436420722,1.38461538461538,0.1834
505770,26,female,1,US,qwerty,en,9-10,0,laptop,0.148588410104012,48.6452,218.934023780488,0.0447093889716841,1.13412816691505,0.2172
506246,59,female,1,US,qwerty,en,1-2,8,full,2.91734197730956,46.1203,246.180248469388,0.0049751243781094,1.06799336650083,0.1097
507025,42,female,1,US,qwerty,en,9-10,5,full,0.256410256410256,58.4948,189.540777385159,0.0258175559380379,1.09466437177281,0.0692
507514,23,female,1,US,qwerty,en,9-10,5,laptop,0.810372771474878,65.4217,169.638212312812,0.025974025974026,1.08766233766234,0.2835
507824,14,female,0,US,qwerty,en,5-6,1,full,0.317965023847377,52.7799,194.359458469055,0.068362480127186,1.17011128775835,0.4144
507965,12,male,0,US,qwerty,en,5-6,1,laptop,3.62903225806452,49.8198,199.733366805556,0.0693877551020408,1.16734693877551,0.2405
508570,22,male,0,US,qwerty,en,7-8,0,laptop,1.44694533762058,82.3562,124.842438613861,0.0644122383252818,1.17230273752013,0.4109
508653,29,female,1,US,qwerty,en,9-10,1,laptop,0.26525198938992,51.1306,206.794774304419,0.0495207667731629,1.1405750798722,0.1073
508721,27,male,1,US,qwerty,en,9-10,3,laptop,0.138888888888889,64.0152,175.905173541963,0.0194986072423398,1.07103064066852,0.3687
508824,12,female,1,AE,qwerty,en,9-10,3,laptop,0.145772594752187,27.3266,380.622635767511,0.0422740524781341,1.16326530612245,0.0409
509861,40,male,0,TR,qwerty,tr,9-10,1,laptop,0.463678516228748,51.2647,200.390525198098,0.0541795665634675,1.17801857585139,0.2011
510632,41,male,1,US,qwerty,en,9-10,5,laptop,0.598802395209581,63.2348,173.9556,0.027027027027027,1.1036036036036,0.2681
513474,23,male,0,PK,qwerty,ps,7-8,0,on-screen,10.8414239482201,25.8167,369.188923716814,0.096551724137931,1.22758620689655,0.1133
513555,23,female,0,CN,qwerty,zh,9-10,1,laptop,0.3584229390681,25.7769,394.688650460405,0.0537634408602151,1.20071684587814,0.2031
513581,30,female,1,GH,qwerty,en,1-2,6,laptop,2.82738095238095,47.5789,222.043613476263,0.0269461077844311,1.1377245508982,0.1879
513681,45,none,0,US,qwerty,en,1-2,3,laptop,0.290697674418605,47.8875,229.674222288261,0.0218023255813953,1.09302325581395,0.0475
513805,12,female,1,GB,qwerty,en,7-8,2,laptop,1.32939438700148,20.3324,475.960628333333,0.0696296296296296,1.20444444444444,0.0025
514005,35,male,0,PK,qwerty,en,1-2,1,full,0.703125,34.7317,294.881608474576,0.0572289156626506,1.1566265060241,0.1169
514642,17,male,0,GB,qwerty,en,7-8,1,full,4.80274442538594,43.456,250.350891134752,0.0397236614853195,1.11571675302245,0.0538
515603,12,none,0,US,qwerty,en,9-10,3,laptop,0.0843881856540084,43.8229,241.213986890756,0.0540983606557377,1.13934426229508,0.3515
516068,22,male,0,US,qwerty,en,7-8,0,laptop,1.07197549770291,48.4313,213.499509393064,0.0537482319660538,1.12588401697313,0.2868
516534,26,male,1,PE,qwerty,es,9-10,3,laptop,1.31578947368421,36.0081,255.346004109589,0.11787072243346,1.29277566539924,0.1036
517381,20,male,0,PH,qwerty,en,5-6,8,full,0.690846286701209,42.0338,233.166691265597,0.0763888888888889,1.23958333333333,0.1917
517883,22,female,0,IE,qwerty,en,3-4,1,full,1.78716490658002,36.6039,304.895121903052,0.027972027972028,1.08916083916084,0.0362
